                      :-) GROMACS - gmx mdrun, 2023.5 (-:

Copyright 1991-2023 The GROMACS Authors.
GROMACS is free software; you can redistribute it and/or modify it
under the terms of the GNU Lesser General Public License
as published by the Free Software Foundation; either version 2.1
of the License, or (at your option) any later version.

                         Current GROMACS contributors:
       Mark Abraham           Andrey Alekseenko           Cathrine Bergh      
      Christian Blau            Eliane Briand             Mahesh Doijade      
    Stefan Fleischmann           Vytas Gapsys              Gaurav Garg        
      Sergey Gorelov         Gilles Gouaillardet            Alan Gray         
     M. Eric Irrgang         Farzaneh Jalalypour            Joe Jordan        
    Christoph Junghans        Prashanth Kanduri          Sebastian Keller     
     Carsten Kutzner           Justin A. Lemkul          Magnus Lundborg      
       Pascal Merz              Vedran Miletic            Dmitry Morozov      
       Szilard Pall             Roland Schulz             Michael Shirts      
     Alexey Shvetsov            Balint Soproni         David van der Spoel    
      Philip Turner             Carsten Uphoff           Alessandra Villa     
 Sebastian Wingbermuehle        Artem Zhmurov       

                         Previous GROMACS contributors:
        Emile Apol             Rossen Apostolov           James Barnett       
  Herman J.C. Berendsen          Par Bjelkmar           Viacheslav Bolnykh    
        Kevin Boyd            Aldert van Buuren          Carlo Camilloni      
     Rudi van Drunen            Anton Feenstra           Oliver Fleetwood     
     Gerrit Groenhof            Bert de Groot             Anca Hamuraru       
    Vincent Hindriksen          Victor Holanda           Aleksei Iupinov      
   Dimitrios Karkoulis           Peter Kasson             Sebastian Kehl      
        Jiri Kraus               Per Larsson              Viveca Lindahl      
      Erik Marklund           Pieter Meulenhoff           Teemu Murtola       
       Sander Pronk             Alfons Sijbers            Peter Tieleman      
       Jon Vincent             Teemu Virolainen         Christian Wennberg    
       Maarten Wolf       

                  Coordinated by the GROMACS project leaders:
                    Paul Bauer, Berk Hess, and Erik Lindahl

GROMACS:      gmx mdrun, version 2023.5
Executable:   /storage/chem/lfsmgr/SRG/GROMACS2/2023.5/bin/gmx
Data prefix:  /storage/chem/lfsmgr/SRG/GROMACS2/2023.5
Working dir:  /storage/lfsmgr_grp/mzsrjr/cg2at-lite/example/3X29/CG2AT_2026-07-14_09-11-50/POPC/MIN
Process ID:   206908
Command line:
  gmx mdrun -ntmpi 1 -v -pin on -deffnm POPC_merged_min -c ../POPC_merged.pdb

GROMACS version:    2023.5
Precision:          mixed
Memory model:       64 bit
MPI library:        thread_mpi
OpenMP support:     enabled (GMX_OPENMP_MAX_THREADS = 128)
GPU support:        CUDA
NB cluster size:    8
SIMD instructions:  AVX2_256
CPU FFT library:    fftw-3.3.8-sse2-avx-avx2-avx2_128
GPU FFT library:    cuFFT
Multi-GPU FFT:      none
RDTSCP usage:       enabled
TNG support:        enabled
Hwloc support:      disabled
Tracing support:    disabled
C compiler:         /usr/bin/cc GNU 11.4.1
C compiler flags:   -fexcess-precision=fast -funroll-all-loops -mavx2 -mfma -Wno-missing-field-initializers -O3 -DNDEBUG
C++ compiler:       /usr/bin/c++ GNU 11.4.1
C++ compiler flags: -fexcess-precision=fast -funroll-all-loops -mavx2 -mfma -Wno-missing-field-initializers -Wno-cast-function-type-strict -fopenmp -O3 -DNDEBUG
BLAS library:       External - detected on the system
LAPACK library:     External - detected on the system
CUDA compiler:      /software/easybuild/software/CUDA/12.5.0/bin/nvcc nvcc: NVIDIA (R) Cuda compiler driver;Copyright (c) 2005-2024 NVIDIA Corporation;Built on Wed_Apr_17_19:19:55_PDT_2024;Cuda compilation tools, release 12.5, V12.5.40;Build cuda_12.5.r12.5/compiler.34177558_0
CUDA compiler flags:-std=c++17;--generate-code=arch=compute_50,code=sm_50;--generate-code=arch=compute_52,code=sm_52;--generate-code=arch=compute_60,code=sm_60;--generate-code=arch=compute_61,code=sm_61;--generate-code=arch=compute_70,code=sm_70;--generate-code=arch=compute_75,code=sm_75;--generate-code=arch=compute_80,code=sm_80;--generate-code=arch=compute_86,code=sm_86;--generate-code=arch=compute_89,code=sm_89;--generate-code=arch=compute_90,code=sm_90;-Wno-deprecated-gpu-targets;--generate-code=arch=compute_53,code=sm_53;--generate-code=arch=compute_80,code=sm_80;-use_fast_math;-Xptxas;-warn-double-usage;-Xptxas;-Werror;-D_FORCE_INLINES;-fexcess-precision=fast -funroll-all-loops -mavx2 -mfma -Wno-missing-field-initializers -Wno-cast-function-type-strict -fopenmp -O3 -DNDEBUG
CUDA driver:        13.0
CUDA runtime:       12.50


Running on 1 node with total 24 cores, 24 processing units, 0 compatible GPUs
Hardware detected on host srgist2.scrtp.warwick.ac.uk:
  CPU info:
    Vendor: Intel
    Brand:  Intel(R) Core(TM) Ultra 9 285
    Family: 6   Model: 198   Stepping: 2
    Features: aes apic avx avx2 clfsh cmov cx8 cx16 f16c fma htt intel lahf mmx msr nonstop_tsc pcid pclmuldq pdcm pdpe1gb popcnt pse rdrnd rdtscp sha sse2 sse3 sse4.1 sse4.2 ssse3 tdt x2apic
  Hardware topology: Basic
    Packages, cores, and logical processors:
    [indices refer to OS logical processors]
      Package  0: [   0] [   1] [   2] [   3] [   4] [   5] [   6] [   7] [   8] [   9] [  10] [  11] [  12] [  13] [  14] [  15] [  16] [  17] [  18] [  19] [  20] [  21] [  22] [  23]
    CPU limit set by OS: -1   Recommended max number of threads: 24
  GPU info:
    Number of GPUs detected: 1
    #0: N/A, stat: non-functional


++++ PLEASE READ AND CITE THE FOLLOWING REFERENCE ++++
M. J. Abraham, T. Murtola, R. Schulz, S. Páll, J. C. Smith, B. Hess, E.
Lindahl
GROMACS: High performance molecular simulations through multi-level
parallelism from laptops to supercomputers
SoftwareX 1 (2015) pp. 19-25
-------- -------- --- Thank You --- -------- --------


++++ PLEASE READ AND CITE THE FOLLOWING REFERENCE ++++
S. Páll, M. J. Abraham, C. Kutzner, B. Hess, E. Lindahl
Tackling Exascale Software Challenges in Molecular Dynamics Simulations with
GROMACS
In S. Markidis & E. Laure (Eds.), Solving Software Challenges for Exascale 8759 (2015) pp. 3-27
-------- -------- --- Thank You --- -------- --------


++++ PLEASE READ AND CITE THE FOLLOWING REFERENCE ++++
S. Pronk, S. Páll, R. Schulz, P. Larsson, P. Bjelkmar, R. Apostolov, M. R.
Shirts, J. C. Smith, P. M. Kasson, D. van der Spoel, B. Hess, and E. Lindahl
GROMACS 4.5: a high-throughput and highly parallel open source molecular
simulation toolkit
Bioinformatics 29 (2013) pp. 845-54
-------- -------- --- Thank You --- -------- --------


++++ PLEASE READ AND CITE THE FOLLOWING REFERENCE ++++
B. Hess and C. Kutzner and D. van der Spoel and E. Lindahl
GROMACS 4: Algorithms for highly efficient, load-balanced, and scalable
molecular simulation
J. Chem. Theory Comput. 4 (2008) pp. 435-447
-------- -------- --- Thank You --- -------- --------


++++ PLEASE READ AND CITE THE FOLLOWING REFERENCE ++++
D. van der Spoel, E. Lindahl, B. Hess, G. Groenhof, A. E. Mark and H. J. C.
Berendsen
GROMACS: Fast, Flexible and Free
J. Comp. Chem. 26 (2005) pp. 1701-1719
-------- -------- --- Thank You --- -------- --------


++++ PLEASE READ AND CITE THE FOLLOWING REFERENCE ++++
E. Lindahl and B. Hess and D. van der Spoel
GROMACS 3.0: A package for molecular simulation and trajectory analysis
J. Mol. Mod. 7 (2001) pp. 306-317
-------- -------- --- Thank You --- -------- --------


++++ PLEASE READ AND CITE THE FOLLOWING REFERENCE ++++
H. J. C. Berendsen, D. van der Spoel and R. van Drunen
GROMACS: A message-passing parallel molecular dynamics implementation
Comp. Phys. Comm. 91 (1995) pp. 43-56
-------- -------- --- Thank You --- -------- --------


++++ PLEASE CITE THE DOI FOR THIS VERSION OF GROMACS ++++
https://doi.org/10.5281/zenodo.11104849
-------- -------- --- Thank You --- -------- --------

Input Parameters:
   integrator                     = steep
   tinit                          = 0
   dt                             = 0.001
   nsteps                         = 20000
   init-step                      = 0
   simulation-part                = 1
   mts                            = false
   comm-mode                      = Linear
   nstcomm                        = 100
   bd-fric                        = 0
   ld-seed                        = -348144449
   emtol                          = 750
   emstep                         = 0.001
   niter                          = 20
   fcstep                         = 0
   nstcgsteep                     = 1000
   nbfgscorr                      = 10
   rtpi                           = 0.05
   nstxout                        = 0
   nstvout                        = 0
   nstfout                        = 0
   nstlog                         = 1000
   nstcalcenergy                  = 100
   nstenergy                      = 1000
   nstxout-compressed             = 0
   compressed-x-precision         = 1000
   cutoff-scheme                  = Verlet
   nstlist                        = 10
   pbc                            = xyz
   periodic-molecules             = false
   verlet-buffer-tolerance        = 0.005
   rlist                          = 1.05
   coulombtype                    = Cut-off
   coulomb-modifier               = Potential-shift
   rcoulomb-switch                = 0
   rcoulomb                       = 1
   epsilon-r                      = 1
   epsilon-rf                     = inf
   vdw-type                       = Cut-off
   vdw-modifier                   = Potential-shift
   rvdw-switch                    = 0
   rvdw                           = 1
   DispCorr                       = No
   table-extension                = 1
   fourierspacing                 = 0.12
   fourier-nx                     = 0
   fourier-ny                     = 0
   fourier-nz                     = 0
   pme-order                      = 4
   ewald-rtol                     = 1e-05
   ewald-rtol-lj                  = 0.001
   lj-pme-comb-rule               = Geometric
   ewald-geometry                 = 3d
   epsilon-surface                = 0
   ensemble-temperature-setting   = not available
   ensemble-temperature           = -1
   tcoupl                         = No
   nsttcouple                     = -1
   nh-chain-length                = 0
   print-nose-hoover-chain-variables = false
   pcoupl                         = No
   pcoupltype                     = Isotropic
   nstpcouple                     = -1
   tau-p                          = 1
   compressibility (3x3):
      compressibility[    0]={ 0.00000e+00,  0.00000e+00,  0.00000e+00}
      compressibility[    1]={ 0.00000e+00,  0.00000e+00,  0.00000e+00}
      compressibility[    2]={ 0.00000e+00,  0.00000e+00,  0.00000e+00}
   ref-p (3x3):
      ref-p[    0]={ 0.00000e+00,  0.00000e+00,  0.00000e+00}
      ref-p[    1]={ 0.00000e+00,  0.00000e+00,  0.00000e+00}
      ref-p[    2]={ 0.00000e+00,  0.00000e+00,  0.00000e+00}
   refcoord-scaling               = No
   posres-com (3):
      posres-com[0]= 0.00000e+00
      posres-com[1]= 0.00000e+00
      posres-com[2]= 0.00000e+00
   posres-comB (3):
      posres-comB[0]= 0.00000e+00
      posres-comB[1]= 0.00000e+00
      posres-comB[2]= 0.00000e+00
   QMMM                           = false
qm-opts:
   ngQM                           = 0
   constraint-algorithm           = Lincs
   continuation                   = false
   Shake-SOR                      = false
   shake-tol                      = 0.0001
   lincs-order                    = 4
   lincs-iter                     = 1
   lincs-warnangle                = 30
   nwall                          = 0
   wall-type                      = 9-3
   wall-r-linpot                  = -1
   wall-atomtype[0]               = -1
   wall-atomtype[1]               = -1
   wall-density[0]                = 0
   wall-density[1]                = 0
   wall-ewald-zfac                = 3
   pull                           = false
   awh                            = false
   rotation                       = false
   interactiveMD                  = false
   disre                          = No
   disre-weighting                = Conservative
   disre-mixed                    = false
   dr-fc                          = 1000
   dr-tau                         = 0
   nstdisreout                    = 100
   orire-fc                       = 0
   orire-tau                      = 0
   nstorireout                    = 100
   free-energy                    = no
   cos-acceleration               = 0
   deform (3x3):
      deform[    0]={ 0.00000e+00,  0.00000e+00,  0.00000e+00}
      deform[    1]={ 0.00000e+00,  0.00000e+00,  0.00000e+00}
      deform[    2]={ 0.00000e+00,  0.00000e+00,  0.00000e+00}
   simulated-tempering            = false
   swapcoords                     = no
   userint1                       = 0
   userint2                       = 0
   userint3                       = 0
   userint4                       = 0
   userreal1                      = 0
   userreal2                      = 0
   userreal3                      = 0
   userreal4                      = 0
   applied-forces:
     electric-field:
       x:
         E0                       = 0
         omega                    = 0
         t0                       = 0
         sigma                    = 0
       y:
         E0                       = 0
         omega                    = 0
         t0                       = 0
         sigma                    = 0
       z:
         E0                       = 0
         omega                    = 0
         t0                       = 0
         sigma                    = 0
     density-guided-simulation:
       active                     = false
       group                      = protein
       similarity-measure         = inner-product
       atom-spreading-weight      = unity
       force-constant             = 1e+09
       gaussian-transform-spreading-width = 0.2
       gaussian-transform-spreading-range-in-multiples-of-width = 4
       reference-density-filename = reference.mrc
       nst                        = 1
       normalize-densities        = true
       adaptive-force-scaling     = false
       adaptive-force-scaling-time-constant = 4
       shift-vector               = 
       transformation-matrix      = 
     qmmm-cp2k:
       active                     = false
       qmgroup                    = System
       qmmethod                   = PBE
       qmfilenames                = 
       qmcharge                   = 0
       qmmultiplicity             = 1
grpopts:
   nrdf:      123009
   ref-t:           0
   tau-t:           0
annealing:          No
annealing-npoints:           0
   acc:	           0           0           0
   nfreeze:           N           N           N
   energygrp-flags[  0]: 0

When checking whether update groups are usable:
  Domain decomposition is not active, so there is no need for update groups
  No constraints or virtual sites are in use, so it is best not to use update groups
Using 1 MPI thread
Using 24 OpenMP threads 

System total charge: 0.000
Potential shift: LJ r^-12: -1.000e+00 r^-6: -1.000e+00, Coulomb -1e+00
Generated table with 1025 data points for 1-4 COUL.
Tabscale = 500 points/nm
Generated table with 1025 data points for 1-4 LJ6.
Tabscale = 500 points/nm
Generated table with 1025 data points for 1-4 LJ12.
Tabscale = 500 points/nm


Using SIMD 4x8 nonbonded short-range kernels

Using a 4x8 pair-list setup:
  updated every 10 steps, buffer 0.050 nm, rlist 1.050 nm

Using Lorentz-Berthelot Lennard-Jones combination rule
Removing pbc first time

Pinning threads with an auto-selected logical cpu stride of 1

Note that activating steepest-descent energy minimization via the integrator .mdp option and the command gmx mdrun may be available in a different form in a future version of GROMACS, e.g. gmx minimize and an .mdp option.
Initiating Steepest Descents
Started Steepest Descents on rank 0 Tue Jul 14 10:18:17 2026


Steepest Descents:
   Tolerance (Fmax)   =  7.50000e+02
   Number of steps    =        20000
           Step           Time
              0        0.00000

   Energies (kJ/mol)
           Bond            U-B    Proper Dih.  Improper Dih.          LJ-14
    1.40480e+06    2.14643e+06    1.11952e+05    1.34697e+05    1.48750e+12
     Coulomb-14        LJ (SR)   Coulomb (SR)      Potential Pressure (bar)
   -1.65669e+05    1.40927e+08    1.19906e+05    1.48764e+12    7.86027e+10

           Step           Time
              1        1.00000

   Energies (kJ/mol)
           Bond            U-B    Proper Dih.  Improper Dih.          LJ-14
    1.40481e+06    2.14643e+06    1.11953e+05    1.34677e+05    1.06155e+12
     Coulomb-14        LJ (SR)   Coulomb (SR)      Potential Pressure (bar)
   -1.65608e+05    1.40906e+08    1.19904e+05    1.06170e+12    5.61209e+10

           Step           Time
              2        2.00000

   Energies (kJ/mol)
           Bond            U-B    Proper Dih.  Improper Dih.          LJ-14
    1.40482e+06    2.14643e+06    1.11954e+05    1.34644e+05    6.99176e+11
     Coulomb-14        LJ (SR)   Coulomb (SR)      Potential Pressure (bar)
   -1.65516e+05    1.40873e+08    1.19901e+05    6.99321e+11    3.69408e+10

           Step           Time
              3        3.00000

   Energies (kJ/mol)
           Bond            U-B    Proper Dih.  Improper Dih.          LJ-14
    1.40484e+06    2.14644e+06    1.11955e+05    1.34587e+05    4.21427e+11
     Coulomb-14        LJ (SR)   Coulomb (SR)      Potential Pressure (bar)
   -1.65389e+05    1.40721e+08    1.19897e+05    4.21572e+11    2.22334e+10

           Step           Time
              4        4.00000

   Energies (kJ/mol)
           Bond            U-B    Proper Dih.  Improper Dih.          LJ-14
    1.40487e+06    2.14644e+06    1.11957e+05    1.34492e+05    2.26156e+11
     Coulomb-14        LJ (SR)   Coulomb (SR)      Potential Pressure (bar)
   -1.65223e+05    1.40245e+08    1.19890e+05    2.26300e+11    1.19414e+10

           Step           Time
              5        5.00000

   Energies (kJ/mol)
           Bond            U-B    Proper Dih.  Improper Dih.          LJ-14
    1.40493e+06    2.14647e+06    1.11960e+05    1.34335e+05    1.09130e+11
     Coulomb-14        LJ (SR)   Coulomb (SR)      Potential Pressure (bar)
   -1.64989e+05    1.38506e+08    1.19879e+05    1.09272e+11    5.76747e+09

           Step           Time
              6        6.00000

   Energies (kJ/mol)
           Bond            U-B    Proper Dih.  Improper Dih.          LJ-14
    1.40504e+06    2.14654e+06    1.11963e+05    1.34067e+05    4.74746e+10
     Coulomb-14        LJ (SR)   Coulomb (SR)      Potential Pressure (bar)
   -1.64633e+05    1.31846e+08    1.19858e+05    4.76102e+10    2.51150e+09

           Step           Time
              7        7.00000

   Energies (kJ/mol)
           Bond            U-B    Proper Dih.  Improper Dih.          LJ-14
    1.40531e+06    2.14666e+06    1.11968e+05    1.33584e+05    1.82908e+10
     Coulomb-14        LJ (SR)   Coulomb (SR)      Potential Pressure (bar)
   -1.64134e+05    1.09002e+08    1.19821e+05    1.84036e+10    9.71286e+08

           Step           Time
              8        8.00000

   Energies (kJ/mol)
           Bond            U-B    Proper Dih.  Improper Dih.          LJ-14
    1.40585e+06    2.14684e+06    1.11978e+05    1.32873e+05    6.67043e+09
     Coulomb-14        LJ (SR)   Coulomb (SR)      Potential Pressure (bar)
   -1.63538e+05    6.56696e+07    1.19760e+05    6.73986e+09    3.55709e+08

           Step           Time
              9        9.00000

   Energies (kJ/mol)
           Bond            U-B    Proper Dih.  Improper Dih.          LJ-14
    1.40695e+06    2.14719e+06    1.11999e+05    1.31770e+05    2.21738e+09
     Coulomb-14        LJ (SR)   Coulomb (SR)      Potential Pressure (bar)
   -1.62747e+05    4.04299e+07    1.19659e+05    2.26156e+09    1.19282e+08

           Step           Time
             10       10.00000

   Energies (kJ/mol)
           Bond            U-B    Proper Dih.  Improper Dih.          LJ-14
    1.40918e+06    2.14776e+06    1.12042e+05    1.29745e+05    7.08144e+08
     Coulomb-14        LJ (SR)   Coulomb (SR)      Potential Pressure (bar)
   -1.61774e+05    2.12334e+07    1.19507e+05    7.33134e+08    3.85957e+07

           Step           Time
             11       11.00000

   Energies (kJ/mol)
           Bond            U-B    Proper Dih.  Improper Dih.          LJ-14
    1.41186e+06    2.14810e+06    1.12092e+05    1.27536e+05    3.17778e+08
     Coulomb-14        LJ (SR)   Coulomb (SR)      Potential Pressure (bar)
   -1.61087e+05    9.14064e+06    1.19371e+05    3.30676e+08    1.73460e+07

           Step           Time
             12       12.00000

   Energies (kJ/mol)
           Bond            U-B    Proper Dih.  Improper Dih.          LJ-14
    1.41760e+06    2.14823e+06    1.12160e+05    1.25470e+05    1.21735e+08
     Coulomb-14        LJ (SR)   Coulomb (SR)      Potential Pressure (bar)
   -1.60422e+05    4.62084e+06    1.19159e+05    1.30118e+08    6.75379e+06

           Step           Time
             13       13.00000

   Energies (kJ/mol)
           Bond            U-B    Proper Dih.  Improper Dih.          LJ-14
    1.42682e+06    2.14648e+06    1.12289e+05    1.23471e+05    5.06724e+07
     Coulomb-14        LJ (SR)   Coulomb (SR)      Potential Pressure (bar)
   -1.60363e+05    2.55450e+06    1.18900e+05    5.69945e+07    2.89107e+06

           Step           Time
             14       14.00000

   Energies (kJ/mol)
           Bond            U-B    Proper Dih.  Improper Dih.          LJ-14
    1.44120e+06    2.14146e+06    1.12468e+05    1.20426e+05    2.20416e+07
     Coulomb-14        LJ (SR)   Coulomb (SR)      Potential Pressure (bar)
   -1.61198e+05    1.45427e+06    1.18646e+05    2.72688e+07    1.31927e+06

           Step           Time
             15       15.00000

   Energies (kJ/mol)
           Bond            U-B    Proper Dih.  Improper Dih.          LJ-14
    1.45840e+06    2.13243e+06    1.12645e+05    1.14352e+05    1.08039e+07
     Coulomb-14        LJ (SR)   Coulomb (SR)      Potential Pressure (bar)
   -1.62890e+05    9.19109e+05    1.18549e+05    1.54965e+07    6.96053e+05

           Step           Time
             16       16.00000

   Energies (kJ/mol)
           Bond            U-B    Proper Dih.  Improper Dih.          LJ-14
    1.46982e+06    2.12172e+06    1.12777e+05    1.04997e+05    6.71432e+06
     Coulomb-14        LJ (SR)   Coulomb (SR)      Potential Pressure (bar)
   -1.64391e+05    6.77233e+05    1.18606e+05    1.11551e+07    4.66283e+05

           Step           Time
             17       17.00000

   Energies (kJ/mol)
           Bond            U-B    Proper Dih.  Improper Dih.          LJ-14
    1.47404e+06    2.11374e+06    1.12815e+05    9.84055e+04    5.24586e+06
     Coulomb-14        LJ (SR)   Coulomb (SR)      Potential Pressure (bar)
   -1.65274e+05    5.77427e+05    1.18706e+05    9.57572e+06    3.82915e+05

           Step           Time
             18       18.00000

   Energies (kJ/mol)
           Bond            U-B    Proper Dih.  Improper Dih.          LJ-14
    1.47577e+06    2.10603e+06    1.12832e+05    9.23680e+04    4.30744e+06
     Coulomb-14        LJ (SR)   Coulomb (SR)      Potential Pressure (bar)
   -1.66003e+05    5.06479e+05    1.18804e+05    8.55371e+06    3.29137e+05

           Step           Time
             19       19.00000

   Energies (kJ/mol)
           Bond            U-B    Proper Dih.  Improper Dih.          LJ-14
    1.47781e+06    2.08071e+06    1.12868e+05    7.57965e+04    2.53842e+06
     Coulomb-14        LJ (SR)   Coulomb (SR)      Potential Pressure (bar)
   -1.68144e+05    3.54531e+05    1.19171e+05    6.59117e+06    2.26284e+05

           Step           Time
             20       20.00000

   Energies (kJ/mol)
           Bond            U-B    Proper Dih.  Improper Dih.          LJ-14
    1.46084e+06    2.05695e+06    1.12734e+05    6.53528e+04    1.91649e+06
     Coulomb-14        LJ (SR)   Coulomb (SR)      Potential Pressure (bar)
   -1.69384e+05    2.86837e+05    1.19504e+05    5.84933e+06    1.88938e+05

           Step           Time
             21       21.00000

   Energies (kJ/mol)
           Bond            U-B    Proper Dih.  Improper Dih.          LJ-14
    1.43256e+06    2.02989e+06    1.12515e+05    5.67262e+04    1.50521e+06
     Coulomb-14        LJ (SR)   Coulomb (SR)      Potential Pressure (bar)
   -1.70498e+05    2.38518e+05    1.19883e+05    5.32481e+06    1.63738e+05

           Step           Time
             22       22.00000

   Energies (kJ/mol)
           Bond            U-B    Proper Dih.  Improper Dih.          LJ-14
    1.17672e+06    1.83133e+06    1.11503e+05    2.77593e+04    3.87286e+05
     Coulomb-14        LJ (SR)   Coulomb (SR)      Potential Pressure (bar)
   -1.77725e+05    8.42370e+04    1.22937e+05    3.56405e+06    8.76310e+04

           Step           Time
             23       23.00000

   Energies (kJ/mol)
           Bond            U-B    Proper Dih.  Improper Dih.          LJ-14
    9.93961e+05    1.74875e+06    1.10567e+05    2.57932e+04    3.56850e+05
     Coulomb-14        LJ (SR)   Coulomb (SR)      Potential Pressure (bar)
   -1.78086e+05    7.70757e+04    1.23667e+05    3.25858e+06    8.37083e+04

           Step           Time
             24       24.00000

   Energies (kJ/mol)
           Bond            U-B    Proper Dih.  Improper Dih.          LJ-14
    4.50887e+05    1.39812e+06    1.08971e+05    3.34502e+04    2.86161e+05
     Coulomb-14        LJ (SR)   Coulomb (SR)      Potential Pressure (bar)
   -1.82528e+05    7.64424e+04    1.28756e+05    2.30026e+06    4.08663e+04

           Step           Time
             25       25.00000

   Energies (kJ/mol)
           Bond            U-B    Proper Dih.  Improper Dih.          LJ-14
    3.53105e+05    1.35435e+06    1.09201e+05    2.06361e+04    2.16279e+05
     Coulomb-14        LJ (SR)   Coulomb (SR)      Potential Pressure (bar)
   -1.82304e+05    5.99000e+04    1.27614e+05    2.05878e+06    3.84304e+04

           Step           Time
             26       26.00000

   Energies (kJ/mol)
           Bond            U-B    Proper Dih.  Improper Dih.          LJ-14
    2.40231e+05    1.27698e+06    1.09700e+05    1.55653e+04    1.76133e+05
     Coulomb-14        LJ (SR)   Coulomb (SR)      Potential Pressure (bar)
   -1.81579e+05    4.88867e+04    1.25476e+05    1.81139e+06    3.85129e+04

           Step           Time
             27       27.00000

   Energies (kJ/mol)
           Bond            U-B    Proper Dih.  Improper Dih.          LJ-14
    1.89046e+05    1.13013e+06    1.11123e+05    1.42853e+04    2.19348e+05
     Coulomb-14        LJ (SR)   Coulomb (SR)      Potential Pressure (bar)
   -1.78547e+05    4.26348e+04    1.21950e+05    1.64997e+06    3.99469e+04

           Step           Time
             28       28.00000

           Step           Time
             29       29.00000

   Energies (kJ/mol)
           Bond            U-B    Proper Dih.  Improper Dih.          LJ-14
    1.89483e+05    1.12946e+06    1.11113e+05    1.42303e+04    1.50571e+05
     Coulomb-14        LJ (SR)   Coulomb (SR)      Potential Pressure (bar)
   -1.78540e+05    4.12974e+04    1.21961e+05    1.57958e+06    3.61884e+04

           Step           Time
             30       30.00000

   Energies (kJ/mol)
           Bond            U-B    Proper Dih.  Improper Dih.          LJ-14
    1.66139e+05    1.09870e+06    1.11009e+05    1.29682e+04    1.43555e+05
     Coulomb-14        LJ (SR)   Coulomb (SR)      Potential Pressure (bar)
   -1.78000e+05    3.85424e+04    1.21898e+05    1.51481e+06    3.44866e+04

           Step           Time
             31       31.00000

   Energies (kJ/mol)
           Bond            U-B    Proper Dih.  Improper Dih.          LJ-14
    1.54882e+05    1.07958e+06    1.11007e+05    1.25379e+04    1.37547e+05
     Coulomb-14        LJ (SR)   Coulomb (SR)      Potential Pressure (bar)
   -1.77693e+05    3.72052e+04    1.21711e+05    1.47678e+06    3.34045e+04

           Step           Time
             32       32.00000

   Energies (kJ/mol)
           Bond            U-B    Proper Dih.  Improper Dih.          LJ-14
    1.04978e+05    9.69903e+05    1.11397e+05    1.04847e+04    1.35906e+05
     Coulomb-14        LJ (SR)   Coulomb (SR)      Potential Pressure (bar)
   -1.75919e+05    3.28203e+04    1.20237e+05    1.30981e+06    2.89365e+04

           Step           Time
             33       33.00000

   Energies (kJ/mol)
           Bond            U-B    Proper Dih.  Improper Dih.          LJ-14
    1.06366e+05    9.60191e+05    1.11475e+05    9.73321e+03    1.24364e+05
     Coulomb-14        LJ (SR)   Coulomb (SR)      Potential Pressure (bar)
   -1.75836e+05    3.18269e+04    1.19970e+05    1.28809e+06    2.80584e+04

           Step           Time
             34       34.00000

   Energies (kJ/mol)
           Bond            U-B    Proper Dih.  Improper Dih.          LJ-14
    9.63337e+04    8.89172e+05    1.12019e+05    7.59136e+03    1.76573e+05
     Coulomb-14        LJ (SR)   Coulomb (SR)      Potential Pressure (bar)
   -1.74722e+05    3.52682e+04    1.17922e+05    1.26016e+06    2.97884e+04

           Step           Time
             35       35.00000

   Energies (kJ/mol)
           Bond            U-B    Proper Dih.  Improper Dih.          LJ-14
    1.05597e+05    8.89521e+05    1.12018e+05    7.61557e+03    1.43225e+05
     Coulomb-14        LJ (SR)   Coulomb (SR)      Potential Pressure (bar)
   -1.74660e+05    2.70562e+04    1.17899e+05    1.22827e+06    2.74070e+04

           Step           Time
             36       36.00000

           Step           Time
             37       37.00000

           Step           Time
             38       38.00000

   Energies (kJ/mol)
           Bond            U-B    Proper Dih.  Improper Dih.          LJ-14
    1.03603e+05    8.88547e+05    1.12039e+05    7.62733e+03    1.16590e+05
     Coulomb-14        LJ (SR)   Coulomb (SR)      Potential Pressure (bar)
   -1.74662e+05    2.69162e+04    1.17898e+05    1.19856e+06    2.59789e+04

           Step           Time
             39       39.00000

   Energies (kJ/mol)
           Bond            U-B    Proper Dih.  Improper Dih.          LJ-14
    9.58475e+04    8.80174e+05    1.12042e+05    7.61252e+03    1.10154e+05
     Coulomb-14        LJ (SR)   Coulomb (SR)      Potential Pressure (bar)
   -1.74519e+05    2.66282e+04    1.17798e+05    1.17574e+06    2.54884e+04

           Step           Time
             40       40.00000

   Energies (kJ/mol)
           Bond            U-B    Proper Dih.  Improper Dih.          LJ-14
    8.04838e+04    8.47948e+05    1.12149e+05    7.50161e+03    1.06916e+05
     Coulomb-14        LJ (SR)   Coulomb (SR)      Potential Pressure (bar)
   -1.73953e+05    2.51140e+04    1.17382e+05    1.12354e+06    2.45226e+04

           Step           Time
             41       41.00000

   Energies (kJ/mol)
           Bond            U-B    Proper Dih.  Improper Dih.          LJ-14
    5.91671e+04    6.94150e+05    1.13765e+05    5.43816e+03    8.93538e+04
     Coulomb-14        LJ (SR)   Coulomb (SR)      Potential Pressure (bar)
   -1.71348e+05    1.68691e+04    1.13087e+05    9.20482e+05    1.90420e+04

           Step           Time
             42       42.00000

           Step           Time
             43       43.00000

   Energies (kJ/mol)
           Bond            U-B    Proper Dih.  Improper Dih.          LJ-14
    5.13135e+04    6.83167e+05    1.13839e+05    5.67593e+03    8.69892e+04
     Coulomb-14        LJ (SR)   Coulomb (SR)      Potential Pressure (bar)
   -1.71069e+05    1.66768e+04    1.12995e+05    8.99588e+05    1.87880e+04

           Step           Time
             44       44.00000

   Energies (kJ/mol)
           Bond            U-B    Proper Dih.  Improper Dih.          LJ-14
    4.85164e+04    6.66046e+05    1.14040e+05    5.61507e+03    8.77948e+04
     Coulomb-14        LJ (SR)   Coulomb (SR)      Potential Pressure (bar)
   -1.70676e+05    1.50415e+04    1.12665e+05    8.79044e+05    1.86987e+04

           Step           Time
             45       45.00000

   Energies (kJ/mol)
           Bond            U-B    Proper Dih.  Improper Dih.          LJ-14
    4.99393e+04    6.62104e+05    1.14086e+05    5.56397e+03    8.39509e+04
     Coulomb-14        LJ (SR)   Coulomb (SR)      Potential Pressure (bar)
   -1.70622e+05    1.68548e+04    1.12567e+05    8.74443e+05    1.85572e+04

           Step           Time
             46       46.00000

   Energies (kJ/mol)
           Bond            U-B    Proper Dih.  Improper Dih.          LJ-14
    4.75511e+04    6.49928e+05    1.14249e+05    5.49796e+03    8.31871e+04
     Coulomb-14        LJ (SR)   Coulomb (SR)      Potential Pressure (bar)
   -1.70387e+05    1.35977e+04    1.12207e+05    8.55831e+05    1.83621e+04

           Step           Time
             47       47.00000

           Step           Time
             48       48.00000

   Energies (kJ/mol)
           Bond            U-B    Proper Dih.  Improper Dih.          LJ-14
    4.44164e+04    6.29451e+05    1.14507e+05    5.76868e+03    8.08798e+04
     Coulomb-14        LJ (SR)   Coulomb (SR)      Potential Pressure (bar)
   -1.69989e+05    1.22960e+04    1.11659e+05    8.28989e+05    1.79671e+04

           Step           Time
             49       49.00000

   Energies (kJ/mol)
           Bond            U-B    Proper Dih.  Improper Dih.          LJ-14
    4.35285e+04    6.10315e+05    1.14813e+05    5.10337e+03    7.83914e+04
     Coulomb-14        LJ (SR)   Coulomb (SR)      Potential Pressure (bar)
   -1.69619e+05    1.08989e+04    1.11135e+05    8.04565e+05    1.76280e+04

           Step           Time
             50       50.00000

   Energies (kJ/mol)
           Bond            U-B    Proper Dih.  Improper Dih.          LJ-14
    4.31068e+04    5.89493e+05    1.15234e+05    5.65655e+03    7.61575e+04
     Coulomb-14        LJ (SR)   Coulomb (SR)      Potential Pressure (bar)
   -1.69213e+05    9.61571e+03    1.10564e+05    7.80615e+05    1.70686e+04

           Step           Time
             51       51.00000

   Energies (kJ/mol)
           Bond            U-B    Proper Dih.  Improper Dih.          LJ-14
    4.00751e+04    5.77679e+05    1.15480e+05    4.88272e+03    7.49272e+04
     Coulomb-14        LJ (SR)   Coulomb (SR)      Potential Pressure (bar)
   -1.68980e+05    8.65951e+03    1.10214e+05    7.62938e+05    1.69065e+04

           Step           Time
             52       52.00000

   Energies (kJ/mol)
           Bond            U-B    Proper Dih.  Improper Dih.          LJ-14
    4.51405e+04    5.55422e+05    1.16072e+05    7.24494e+03    7.23594e+04
     Coulomb-14        LJ (SR)   Coulomb (SR)      Potential Pressure (bar)
   -1.68529e+05    7.43699e+03    1.09587e+05    7.44733e+05    1.61765e+04

           Step           Time
             53       53.00000

   Energies (kJ/mol)
           Bond            U-B    Proper Dih.  Improper Dih.          LJ-14
    3.70111e+04    5.45442e+05    1.16215e+05    4.69855e+03    7.12981e+04
     Coulomb-14        LJ (SR)   Coulomb (SR)      Potential Pressure (bar)
   -1.68334e+05    6.44449e+03    1.09248e+05    7.22024e+05    1.60953e+04

           Step           Time
             54       54.00000

           Step           Time
             55       55.00000

   Energies (kJ/mol)
           Bond            U-B    Proper Dih.  Improper Dih.          LJ-14
    3.74726e+04    5.26191e+05    1.16760e+05    5.33033e+03    6.91216e+04
     Coulomb-14        LJ (SR)   Coulomb (SR)      Potential Pressure (bar)
   -1.67945e+05    5.39391e+03    1.08687e+05    7.01012e+05    1.55104e+04

           Step           Time
             56       56.00000

   Energies (kJ/mol)
           Bond            U-B    Proper Dih.  Improper Dih.          LJ-14
    3.61512e+04    5.14757e+05    1.17047e+05    4.44908e+03    6.79354e+04
     Coulomb-14        LJ (SR)   Coulomb (SR)      Potential Pressure (bar)
   -1.67700e+05    4.16138e+03    1.08352e+05    6.85154e+05    1.53338e+04

           Step           Time
             57       57.00000

   Energies (kJ/mol)
           Bond            U-B    Proper Dih.  Improper Dih.          LJ-14
    4.41249e+04    5.00118e+05    1.17592e+05    6.13122e+03    6.61734e+04
     Coulomb-14        LJ (SR)   Coulomb (SR)      Potential Pressure (bar)
   -1.67358e+05    3.69439e+03    1.07905e+05    6.78382e+05    1.47062e+04

           Step           Time
             58       58.00000

   Energies (kJ/mol)
           Bond            U-B    Proper Dih.  Improper Dih.          LJ-14
    3.25859e+04    4.93839e+05    1.17600e+05    4.34557e+03    6.55725e+04
     Coulomb-14        LJ (SR)   Coulomb (SR)      Potential Pressure (bar)
   -1.67245e+05    2.69369e+03    1.07713e+05    6.57106e+05    1.47599e+04

           Step           Time
             59       59.00000

           Step           Time
             60       60.00000

   Energies (kJ/mol)
           Bond            U-B    Proper Dih.  Improper Dih.          LJ-14
    3.02841e+04    4.81453e+05    1.17925e+05    4.72912e+03    6.41666e+04
     Coulomb-14        LJ (SR)   Coulomb (SR)      Potential Pressure (bar)
   -1.66986e+05    1.71950e+03    1.07362e+05    6.40653e+05    1.44010e+04

           Step           Time
             61       61.00000

   Energies (kJ/mol)
           Bond            U-B    Proper Dih.  Improper Dih.          LJ-14
    3.07402e+04    4.68750e+05    1.18462e+05    4.13127e+03    6.26878e+04
     Coulomb-14        LJ (SR)   Coulomb (SR)      Potential Pressure (bar)
   -1.66715e+05    6.47309e+02    1.06930e+05    6.25634e+05    1.41188e+04

           Step           Time
             62       62.00000

           Step           Time
             63       63.00000

   Energies (kJ/mol)
           Bond            U-B    Proper Dih.  Improper Dih.          LJ-14
    2.69058e+04    4.61134e+05    1.18554e+05    4.46096e+03    6.18819e+04
     Coulomb-14        LJ (SR)   Coulomb (SR)      Potential Pressure (bar)
   -1.66558e+05    2.41459e+02    1.06717e+05    6.13338e+05    1.39044e+04

           Step           Time
             64       64.00000

   Energies (kJ/mol)
           Bond            U-B    Proper Dih.  Improper Dih.          LJ-14
    2.77339e+04    4.47042e+05    1.19233e+05    3.97802e+03    6.02762e+04
     Coulomb-14        LJ (SR)   Coulomb (SR)      Potential Pressure (bar)
   -1.66257e+05   -1.09292e+03    1.06267e+05    5.97181e+05    1.35781e+04

           Step           Time
             65       65.00000

   Energies (kJ/mol)
           Bond            U-B    Proper Dih.  Improper Dih.          LJ-14
    3.14593e+04    4.36073e+05    1.19705e+05    4.88986e+03    5.90181e+04
     Coulomb-14        LJ (SR)   Coulomb (SR)      Potential Pressure (bar)
   -1.65997e+05   -1.79523e+03    1.05912e+05    5.89265e+05    1.31122e+04

           Step           Time
             66       66.00000

   Energies (kJ/mol)
           Bond            U-B    Proper Dih.  Improper Dih.          LJ-14
    2.72762e+04    4.29647e+05    1.19595e+05    3.83501e+03    5.82729e+04
     Coulomb-14        LJ (SR)   Coulomb (SR)      Potential Pressure (bar)
   -1.65881e+05   -2.59652e+03    1.05718e+05    5.75867e+05    1.30854e+04

           Step           Time
             67       67.00000

   Energies (kJ/mol)
           Bond            U-B    Proper Dih.  Improper Dih.          LJ-14
    3.67346e+04    4.19419e+05    1.20090e+05    5.55303e+03    5.70805e+04
     Coulomb-14        LJ (SR)   Coulomb (SR)      Potential Pressure (bar)
   -1.65613e+05   -3.27746e+03    1.05355e+05    5.75341e+05    1.25661e+04

           Step           Time
             68       68.00000

   Energies (kJ/mol)
           Bond            U-B    Proper Dih.  Improper Dih.          LJ-14
    2.79504e+04    4.14652e+05    1.20260e+05    3.71054e+03    5.63217e+04
     Coulomb-14        LJ (SR)   Coulomb (SR)      Potential Pressure (bar)
   -1.65525e+05   -4.11055e+03    1.05170e+05    5.58430e+05    1.26103e+04

           Step           Time
             69       69.00000

           Step           Time
             70       70.00000

   Energies (kJ/mol)
           Bond            U-B    Proper Dih.  Improper Dih.          LJ-14
    2.59093e+04    4.08556e+05    1.20332e+05    4.32773e+03    5.56876e+04
     Coulomb-14        LJ (SR)   Coulomb (SR)      Potential Pressure (bar)
   -1.65406e+05   -4.18601e+03    1.05024e+05    5.50246e+05    1.23971e+04

           Step           Time
             71       71.00000

   Energies (kJ/mol)
           Bond            U-B    Proper Dih.  Improper Dih.          LJ-14
    2.28679e+04    4.01297e+05    1.20543e+05    3.62584e+03    5.50069e+04
     Coulomb-14        LJ (SR)   Coulomb (SR)      Potential Pressure (bar)
   -1.65278e+05   -5.15746e+03    1.04822e+05    5.37726e+05    1.23314e+04

           Step           Time
             72       72.00000

           Step           Time
             73       73.00000

   Energies (kJ/mol)
           Bond            U-B    Proper Dih.  Improper Dih.          LJ-14
    2.32898e+04    3.93747e+05    1.20840e+05    3.91008e+03    5.41311e+04
     Coulomb-14        LJ (SR)   Coulomb (SR)      Potential Pressure (bar)
   -1.65099e+05   -5.86005e+03    1.04578e+05    5.29537e+05    1.20404e+04

           Step           Time
             74       74.00000

   Energies (kJ/mol)
           Bond            U-B    Proper Dih.  Improper Dih.          LJ-14
    2.24200e+04    3.88321e+05    1.21046e+05    3.52138e+03    5.34814e+04
     Coulomb-14        LJ (SR)   Coulomb (SR)      Potential Pressure (bar)
   -1.65001e+05   -6.38092e+03    1.04405e+05    5.21812e+05    1.19665e+04

           Step           Time
             75       75.00000

   Energies (kJ/mol)
           Bond            U-B    Proper Dih.  Improper Dih.          LJ-14
    2.54581e+04    3.80909e+05    1.21481e+05    3.68427e+03    5.25703e+04
     Coulomb-14        LJ (SR)   Coulomb (SR)      Potential Pressure (bar)
   -1.64818e+05   -7.14007e+03    1.04136e+05    5.16280e+05    1.16230e+04

           Step           Time
             76       76.00000

   Energies (kJ/mol)
           Bond            U-B    Proper Dih.  Improper Dih.          LJ-14
    2.09115e+04    3.78376e+05    1.21312e+05    3.53318e+03    5.23278e+04
     Coulomb-14        LJ (SR)   Coulomb (SR)      Potential Pressure (bar)
   -1.64787e+05   -7.36583e+03    1.04090e+05    5.08398e+05    1.16438e+04

           Step           Time
             77       77.00000

   Energies (kJ/mol)
           Bond            U-B    Proper Dih.  Improper Dih.          LJ-14
    2.90181e+04    3.59570e+05    1.23007e+05    5.73379e+03    4.97866e+04
     Coulomb-14        LJ (SR)   Coulomb (SR)      Potential Pressure (bar)
   -1.64340e+05   -9.37706e+03    1.03322e+05    4.96720e+05    1.08884e+04

           Step           Time
             78       78.00000

   Energies (kJ/mol)
           Bond            U-B    Proper Dih.  Improper Dih.          LJ-14
    2.50219e+04    3.52863e+05    1.22926e+05    3.50331e+03    4.90654e+04
     Coulomb-14        LJ (SR)   Coulomb (SR)      Potential Pressure (bar)
   -1.64238e+05   -1.01459e+04    1.03189e+05    4.82185e+05    1.07192e+04

           Step           Time
             79       79.00000

   Energies (kJ/mol)
           Bond            U-B    Proper Dih.  Improper Dih.          LJ-14
    2.89347e+04    3.45925e+05    1.24222e+05    3.93606e+03    4.77868e+04
     Coulomb-14        LJ (SR)   Coulomb (SR)      Potential Pressure (bar)
   -1.64064e+05   -1.10574e+04    1.02802e+05    4.78485e+05    1.04525e+04

           Step           Time
             80       80.00000

           Step           Time
             81       81.00000

   Energies (kJ/mol)
           Bond            U-B    Proper Dih.  Improper Dih.          LJ-14
    2.24658e+04    3.36568e+05    1.23372e+05    3.29685e+03    4.73136e+04
     Coulomb-14        LJ (SR)   Coulomb (SR)      Potential Pressure (bar)
   -1.63972e+05   -1.16370e+04    1.02731e+05    4.60139e+05    1.04910e+04

           Step           Time
             82       82.00000

           Step           Time
             83       83.00000

   Energies (kJ/mol)
           Bond            U-B    Proper Dih.  Improper Dih.          LJ-14
    1.95281e+04    3.32335e+05    1.23383e+05    3.78533e+03    4.67173e+04
     Coulomb-14        LJ (SR)   Coulomb (SR)      Potential Pressure (bar)
   -1.63881e+05   -1.19881e+04    1.02580e+05    4.52459e+05    1.03299e+04

           Step           Time
             84       84.00000

   Energies (kJ/mol)
           Bond            U-B    Proper Dih.  Improper Dih.          LJ-14
    2.06644e+04    3.27546e+05    1.23456e+05    3.15569e+03    4.62398e+04
     Coulomb-14        LJ (SR)   Coulomb (SR)      Potential Pressure (bar)
   -1.63804e+05   -1.25760e+04    1.02439e+05    4.47119e+05    1.02764e+04

           Step           Time
             85       85.00000

   Energies (kJ/mol)
           Bond            U-B    Proper Dih.  Improper Dih.          LJ-14
    2.48557e+04    3.23024e+05    1.23746e+05    4.35395e+03    4.55711e+04
     Coulomb-14        LJ (SR)   Coulomb (SR)      Potential Pressure (bar)
   -1.63738e+05   -1.29976e+04    1.02272e+05    4.47087e+05    9.96890e+03

           Step           Time
             86       86.00000

   Energies (kJ/mol)
           Bond            U-B    Proper Dih.  Improper Dih.          LJ-14
    2.22527e+04    3.19002e+05    1.23782e+05    3.05404e+03    4.51879e+04
     Coulomb-14        LJ (SR)   Coulomb (SR)      Potential Pressure (bar)
   -1.63650e+05   -1.35495e+04    1.02154e+05    4.38233e+05    1.00233e+04

           Step           Time
             87       87.00000

           Step           Time
             88       88.00000

   Energies (kJ/mol)
           Bond            U-B    Proper Dih.  Improper Dih.          LJ-14
    1.66912e+04    3.16994e+05    1.23813e+05    3.48420e+03    4.49161e+04
     Coulomb-14        LJ (SR)   Coulomb (SR)      Potential Pressure (bar)
   -1.63589e+05   -1.32275e+04    1.02055e+05    4.31137e+05    9.96728e+03

           Step           Time
             89       89.00000

   Energies (kJ/mol)
           Bond            U-B    Proper Dih.  Improper Dih.          LJ-14
    1.83783e+04    3.13021e+05    1.23935e+05    3.03348e+03    4.44488e+04
     Coulomb-14        LJ (SR)   Coulomb (SR)      Potential Pressure (bar)
   -1.63553e+05   -1.42012e+04    1.01932e+05    4.26994e+05    9.88354e+03

           Step           Time
             90       90.00000

           Step           Time
             91       91.00000

   Energies (kJ/mol)
           Bond            U-B    Proper Dih.  Improper Dih.          LJ-14
    1.55888e+04    3.10213e+05    1.24026e+05    3.12056e+03    4.41261e+04
     Coulomb-14        LJ (SR)   Coulomb (SR)      Potential Pressure (bar)
   -1.63517e+05   -1.44853e+04    1.01874e+05    4.20946e+05    9.78588e+03

           Step           Time
             92       92.00000

   Energies (kJ/mol)
           Bond            U-B    Proper Dih.  Improper Dih.          LJ-14
    1.74960e+04    3.03636e+05    1.24381e+05    2.95015e+03    4.33131e+04
     Coulomb-14        LJ (SR)   Coulomb (SR)      Potential Pressure (bar)
   -1.63387e+05   -1.52807e+04    1.01624e+05    4.14732e+05    9.60913e+03

           Step           Time
             93       93.00000

   Energies (kJ/mol)
           Bond            U-B    Proper Dih.  Improper Dih.          LJ-14
    1.69015e+04    3.00166e+05    1.24462e+05    3.20678e+03    4.28844e+04
     Coulomb-14        LJ (SR)   Coulomb (SR)      Potential Pressure (bar)
   -1.63324e+05   -1.56840e+04    1.01543e+05    4.10156e+05    9.44626e+03

           Step           Time
             94       94.00000

   Energies (kJ/mol)
           Bond            U-B    Proper Dih.  Improper Dih.          LJ-14
    1.81291e+04    2.96354e+05    1.24603e+05    2.89299e+03    4.24240e+04
     Coulomb-14        LJ (SR)   Coulomb (SR)      Potential Pressure (bar)
   -1.63284e+05   -1.61329e+04    1.01388e+05    4.06374e+05    9.39597e+03

           Step           Time
             95       95.00000

   Energies (kJ/mol)
           Bond            U-B    Proper Dih.  Improper Dih.          LJ-14
    2.11839e+04    2.92668e+05    1.24895e+05    3.87879e+03    4.19175e+04
     Coulomb-14        LJ (SR)   Coulomb (SR)      Potential Pressure (bar)
   -1.63245e+05   -1.65497e+04    1.01288e+05    4.06035e+05    9.15704e+03

           Step           Time
             96       96.00000

   Energies (kJ/mol)
           Bond            U-B    Proper Dih.  Improper Dih.          LJ-14
    1.80617e+04    2.90430e+05    1.24819e+05    2.83723e+03    4.15654e+04
     Coulomb-14        LJ (SR)   Coulomb (SR)      Potential Pressure (bar)
   -1.63172e+05   -1.69861e+04    1.01147e+05    3.98702e+05    9.19608e+03

           Step           Time
             97       97.00000

           Step           Time
             98       98.00000

   Energies (kJ/mol)
           Bond            U-B    Proper Dih.  Improper Dih.          LJ-14
    1.58883e+04    2.87694e+05    1.24870e+05    3.36189e+03    4.13643e+04
     Coulomb-14        LJ (SR)   Coulomb (SR)      Potential Pressure (bar)
   -1.63100e+05   -1.71725e+04    1.01059e+05    3.93966e+05    9.09629e+03

           Step           Time
             99       99.00000

   Energies (kJ/mol)
           Bond            U-B    Proper Dih.  Improper Dih.          LJ-14
    1.61833e+04    2.83417e+05    1.25006e+05    2.79614e+03    4.08276e+04
     Coulomb-14        LJ (SR)   Coulomb (SR)      Potential Pressure (bar)
   -1.63092e+05   -1.76982e+04    1.00965e+05    3.88405e+05    9.04928e+03

           Step           Time
            100      100.00000

           Step           Time
            101      101.00000

   Energies (kJ/mol)
           Bond            U-B    Proper Dih.  Improper Dih.          LJ-14
    1.43339e+04    2.80887e+05    1.25083e+05    2.94604e+03    4.05158e+04
     Coulomb-14        LJ (SR)   Coulomb (SR)      Potential Pressure (bar)
   -1.63060e+05   -1.79911e+04    1.00908e+05    3.83623e+05    8.95377e+03

           Step           Time
            102      102.00000

   Energies (kJ/mol)
           Bond            U-B    Proper Dih.  Improper Dih.          LJ-14
    1.59969e+04    2.77127e+05    1.25428e+05    2.74553e+03    4.00619e+04
     Coulomb-14        LJ (SR)   Coulomb (SR)      Potential Pressure (bar)
   -1.62993e+05   -1.84745e+04    1.00748e+05    3.80640e+05    8.86801e+03

           Step           Time
            103      103.00000

   Energies (kJ/mol)
           Bond            U-B    Proper Dih.  Improper Dih.          LJ-14
    1.61054e+04    2.74447e+05    1.25427e+05    2.74361e+03    3.96796e+04
     Coulomb-14        LJ (SR)   Coulomb (SR)      Potential Pressure (bar)
   -1.62951e+05   -1.88148e+04    1.00687e+05    3.77324e+05    8.72063e+03

           Step           Time
            104      104.00000

   Energies (kJ/mol)
           Bond            U-B    Proper Dih.  Improper Dih.          LJ-14
    1.72502e+04    2.72014e+05    1.25532e+05    2.70506e+03    3.93144e+04
     Coulomb-14        LJ (SR)   Coulomb (SR)      Potential Pressure (bar)
   -1.62913e+05   -1.92257e+04    1.00540e+05    3.75217e+05    8.69580e+03

           Step           Time
            105      105.00000

           Step           Time
            106      106.00000

   Energies (kJ/mol)
           Bond            U-B    Proper Dih.  Improper Dih.          LJ-14
    1.33288e+04    2.70162e+05    1.25363e+05    3.04044e+03    3.91459e+04
     Coulomb-14        LJ (SR)   Coulomb (SR)      Potential Pressure (bar)
   -1.62912e+05   -1.93527e+04    1.00510e+05    3.69286e+05    8.64373e+03

           Step           Time
            107      107.00000

   Energies (kJ/mol)
           Bond            U-B    Proper Dih.  Improper Dih.          LJ-14
    1.36111e+04    2.65139e+05    1.25543e+05    2.66677e+03    3.85664e+04
     Coulomb-14        LJ (SR)   Coulomb (SR)      Potential Pressure (bar)
   -1.62834e+05   -1.99621e+04    1.00351e+05    3.63081e+05    8.54176e+03

           Step           Time
            108      108.00000

           Step           Time
            109      109.00000

   Energies (kJ/mol)
           Bond            U-B    Proper Dih.  Improper Dih.          LJ-14
    1.32390e+04    2.62719e+05    1.25604e+05    2.65237e+03    3.82644e+04
     Coulomb-14        LJ (SR)   Coulomb (SR)      Potential Pressure (bar)
   -1.62800e+05   -2.02769e+04    1.00293e+05    3.59694e+05    8.43961e+03

           Step           Time
            110      110.00000

   Energies (kJ/mol)
           Bond            U-B    Proper Dih.  Improper Dih.          LJ-14
    1.39957e+04    2.59614e+05    1.25809e+05    2.62870e+03    3.78877e+04
     Coulomb-14        LJ (SR)   Coulomb (SR)      Potential Pressure (bar)
   -1.62765e+05   -2.06635e+04    1.00152e+05    3.56657e+05    8.37704e+03

           Step           Time
            111      111.00000

   Energies (kJ/mol)
           Bond            U-B    Proper Dih.  Improper Dih.          LJ-14
    1.39090e+04    2.57339e+05    1.25734e+05    2.67763e+03    3.75782e+04
     Coulomb-14        LJ (SR)   Coulomb (SR)      Potential Pressure (bar)
   -1.62734e+05   -2.09833e+04    1.00104e+05    3.53624e+05    8.25248e+03

           Step           Time
            112      112.00000

   Energies (kJ/mol)
           Bond            U-B    Proper Dih.  Improper Dih.          LJ-14
    1.48907e+04    2.54720e+05    1.25858e+05    2.59649e+03    3.72627e+04
     Coulomb-14        LJ (SR)   Coulomb (SR)      Potential Pressure (bar)
   -1.62702e+05   -2.13138e+04    9.99678e+04    3.51280e+05    8.22053e+03

           Step           Time
            113      113.00000

   Energies (kJ/mol)
           Bond            U-B    Proper Dih.  Improper Dih.          LJ-14
    1.58885e+04    2.52528e+05    1.25961e+05    2.76127e+03    3.69394e+04
     Coulomb-14        LJ (SR)   Coulomb (SR)      Potential Pressure (bar)
   -1.62665e+05   -2.16488e+04    9.99293e+04    3.49694e+05    8.06646e+03

           Step           Time
            114      114.00000

   Energies (kJ/mol)
           Bond            U-B    Proper Dih.  Improper Dih.          LJ-14
    1.53957e+04    2.50192e+05    1.25911e+05    2.57521e+03    3.66847e+04
     Coulomb-14        LJ (SR)   Coulomb (SR)      Potential Pressure (bar)
   -1.62650e+05   -2.19129e+04    9.97950e+04    3.45990e+05    8.07293e+03

           Step           Time
            115      115.00000

           Step           Time
            116      116.00000

   Energies (kJ/mol)
           Bond            U-B    Proper Dih.  Improper Dih.          LJ-14
    1.25089e+04    2.48413e+05    1.25847e+05    2.88820e+03    3.64653e+04
     Coulomb-14        LJ (SR)   Coulomb (SR)      Potential Pressure (bar)
   -1.62636e+05   -2.21347e+04    9.97611e+04    3.41113e+05    8.00076e+03

           Step           Time
            117      117.00000

   Energies (kJ/mol)
           Bond            U-B    Proper Dih.  Improper Dih.          LJ-14
    1.43781e+04    2.44962e+05    1.26145e+05    2.54406e+03    3.60477e+04
     Coulomb-14        LJ (SR)   Coulomb (SR)      Potential Pressure (bar)
   -1.62588e+05   -2.25951e+04    9.96083e+04    3.38502e+05    7.92915e+03

           Step           Time
            118      118.00000

           Step           Time
            119      119.00000

   Energies (kJ/mol)
           Bond            U-B    Proper Dih.  Improper Dih.          LJ-14
    1.16395e+04    2.43589e+05    1.25931e+05    2.66815e+03    3.58817e+04
     Coulomb-14        LJ (SR)   Coulomb (SR)      Potential Pressure (bar)
   -1.62559e+05   -2.27623e+04    9.95800e+04    3.33968e+05    7.87567e+03

           Step           Time
            120      120.00000

   Energies (kJ/mol)
           Bond            U-B    Proper Dih.  Improper Dih.          LJ-14
    1.29960e+04    2.38293e+05    1.26637e+05    2.51296e+03    3.52482e+04
     Coulomb-14        LJ (SR)   Coulomb (SR)      Potential Pressure (bar)
   -1.62517e+05   -2.34450e+04    9.93665e+04    3.29092e+05    7.75106e+03

           Step           Time
            121      121.00000

   Energies (kJ/mol)
           Bond            U-B    Proper Dih.  Improper Dih.          LJ-14
    1.38832e+04    2.36555e+05    1.26332e+05    2.82154e+03    3.49698e+04
     Coulomb-14        LJ (SR)   Coulomb (SR)      Potential Pressure (bar)
   -1.62492e+05   -2.37475e+04    9.93218e+04    3.27645e+05    7.57622e+03

           Step           Time
            122      122.00000

   Energies (kJ/mol)
           Bond            U-B    Proper Dih.  Improper Dih.          LJ-14
    1.37614e+04    2.34400e+05    1.26112e+05    2.47314e+03    3.47242e+04
     Coulomb-14        LJ (SR)   Coulomb (SR)      Potential Pressure (bar)
   -1.62471e+05   -2.40068e+04    9.92024e+04    3.24196e+05    7.61880e+03

           Step           Time
            123      123.00000

           Step           Time
            124      124.00000

   Energies (kJ/mol)
           Bond            U-B    Proper Dih.  Improper Dih.          LJ-14
    1.11313e+04    2.33038e+05    1.26000e+05    2.47611e+03    3.45859e+04
     Coulomb-14        LJ (SR)   Coulomb (SR)      Potential Pressure (bar)
   -1.62454e+05   -2.41695e+04    9.91840e+04    3.19791e+05    7.57126e+03

           Step           Time
            125      125.00000

   Energies (kJ/mol)
           Bond            U-B    Proper Dih.  Improper Dih.          LJ-14
    1.51523e+04    2.27065e+05    1.26368e+05    2.42814e+03    3.38122e+04
     Coulomb-14        LJ (SR)   Coulomb (SR)      Potential Pressure (bar)
   -1.62395e+05   -2.50290e+04    9.88938e+04    3.16296e+05    7.39184e+03

           Step           Time
            126      126.00000

   Energies (kJ/mol)
           Bond            U-B    Proper Dih.  Improper Dih.          LJ-14
    1.12542e+04    2.25892e+05    1.26081e+05    2.43003e+03    3.36999e+04
     Coulomb-14        LJ (SR)   Coulomb (SR)      Potential Pressure (bar)
   -1.62383e+05   -2.51569e+04    9.88933e+04    3.10711e+05    7.34552e+03

           Step           Time
            127      127.00000

   Energies (kJ/mol)
           Bond            U-B    Proper Dih.  Improper Dih.          LJ-14
    1.32715e+04    2.22998e+05    1.26144e+05    2.40546e+03    3.33062e+04
     Coulomb-14        LJ (SR)   Coulomb (SR)      Potential Pressure (bar)
   -1.62340e+05   -2.56276e+04    9.87127e+04    3.08870e+05    7.26746e+03

           Step           Time
            128      128.00000

           Step           Time
            129      129.00000

   Energies (kJ/mol)
           Bond            U-B    Proper Dih.  Improper Dih.          LJ-14
    1.09743e+04    2.21636e+05    1.26105e+05    2.42588e+03    3.32116e+04
     Coulomb-14        LJ (SR)   Coulomb (SR)      Potential Pressure (bar)
   -1.62318e+05   -2.58025e+04    9.86778e+04    3.04909e+05    7.20494e+03

           Step           Time
            130      130.00000

   Energies (kJ/mol)
           Bond            U-B    Proper Dih.  Improper Dih.          LJ-14
    1.14768e+04    2.18608e+05    1.26264e+05    2.39350e+03    3.28259e+04
     Coulomb-14        LJ (SR)   Coulomb (SR)      Potential Pressure (bar)
   -1.62320e+05   -2.61623e+04    9.85775e+04    3.01663e+05    7.16690e+03

           Step           Time
            131      131.00000

           Step           Time
            132      132.00000

   Energies (kJ/mol)
           Bond            U-B    Proper Dih.  Improper Dih.          LJ-14
    1.04660e+04    2.17367e+05    1.26011e+05    2.46313e+03    3.26832e+04
     Coulomb-14        LJ (SR)   Coulomb (SR)      Potential Pressure (bar)
   -1.62308e+05   -2.63373e+04    9.85494e+04    2.98894e+05    7.09847e+03

           Step           Time
            133      133.00000

   Energies (kJ/mol)
           Bond            U-B    Proper Dih.  Improper Dih.          LJ-14
    1.15547e+04    2.14801e+05    1.26271e+05    2.36212e+03    3.23666e+04
     Coulomb-14        LJ (SR)   Coulomb (SR)      Potential Pressure (bar)
   -1.62282e+05   -2.66909e+04    9.84157e+04    2.96799e+05    7.05188e+03

           Step           Time
            134      134.00000

   Energies (kJ/mol)
           Bond            U-B    Proper Dih.  Improper Dih.          LJ-14
    1.09435e+04    2.13488e+05    1.26079e+05    2.38102e+03    3.22100e+04
     Coulomb-14        LJ (SR)   Coulomb (SR)      Potential Pressure (bar)
   -1.62270e+05   -2.68911e+04    9.83924e+04    2.94333e+05    6.96237e+03

           Step           Time
            135      135.00000

   Energies (kJ/mol)
           Bond            U-B    Proper Dih.  Improper Dih.          LJ-14
    1.25825e+04    2.11415e+05    1.26259e+05    2.34187e+03    3.19595e+04
     Coulomb-14        LJ (SR)   Coulomb (SR)      Potential Pressure (bar)
   -1.62256e+05   -2.71669e+04    9.82662e+04    2.93401e+05    6.94977e+03

           Step           Time
            136      136.00000

   Energies (kJ/mol)
           Bond            U-B    Proper Dih.  Improper Dih.          LJ-14
    1.20197e+04    2.10163e+05    1.26060e+05    2.33844e+03    3.17997e+04
     Coulomb-14        LJ (SR)   Coulomb (SR)      Potential Pressure (bar)
   -1.62241e+05   -2.73739e+04    9.82580e+04    2.91023e+05    6.83859e+03

           Step           Time
            137      137.00000

           Step           Time
            138      138.00000

   Energies (kJ/mol)
           Bond            U-B    Proper Dih.  Improper Dih.          LJ-14
    9.96109e+03    2.08907e+05    1.25914e+05    2.32829e+03    3.16789e+04
     Coulomb-14        LJ (SR)   Coulomb (SR)      Potential Pressure (bar)
   -1.62235e+05   -2.75017e+04    9.81832e+04    2.87236e+05    6.87583e+03

           Step           Time
            139      139.00000

   Energies (kJ/mol)
           Bond            U-B    Proper Dih.  Improper Dih.          LJ-14
    1.29165e+04    2.04658e+05    1.26132e+05    2.39665e+03    3.11451e+04
     Coulomb-14        LJ (SR)   Coulomb (SR)      Potential Pressure (bar)
   -1.62205e+05   -2.81279e+04    9.80261e+04    2.84942e+05    6.67238e+03

           Step           Time
            140      140.00000

   Energies (kJ/mol)
           Bond            U-B    Proper Dih.  Improper Dih.          LJ-14
    1.00750e+04    2.03400e+05    1.25895e+05    2.29819e+03    3.10207e+04
     Coulomb-14        LJ (SR)   Coulomb (SR)      Potential Pressure (bar)
   -1.62197e+05   -2.82532e+04    9.79390e+04    2.80177e+05    6.69586e+03

           Step           Time
            141      141.00000

           Step           Time
            142      142.00000

   Energies (kJ/mol)
           Bond            U-B    Proper Dih.  Improper Dih.          LJ-14
    1.02217e+04    2.01757e+05    1.25934e+05    2.29048e+03    3.08400e+04
     Coulomb-14        LJ (SR)   Coulomb (SR)      Potential Pressure (bar)
   -1.62185e+05   -2.84800e+04    9.78903e+04    2.78268e+05    6.63271e+03

           Step           Time
            143      143.00000

   Energies (kJ/mol)
           Bond            U-B    Proper Dih.  Improper Dih.          LJ-14
    1.05891e+04    2.00243e+05    1.25877e+05    2.27923e+03    3.06443e+04
     Coulomb-14        LJ (SR)   Coulomb (SR)      Potential Pressure (bar)
   -1.62178e+05   -2.86897e+04    9.77923e+04    2.76557e+05    6.60963e+03

           Step           Time
            144      144.00000

   Energies (kJ/mol)
           Bond            U-B    Proper Dih.  Improper Dih.          LJ-14
    1.08382e+04    1.98744e+05    1.25871e+05    2.28423e+03    3.04803e+04
     Coulomb-14        LJ (SR)   Coulomb (SR)      Potential Pressure (bar)
   -1.62167e+05   -2.89030e+04    9.77606e+04    2.74909e+05    6.53488e+03

           Step           Time
            145      145.00000

   Energies (kJ/mol)
           Bond            U-B    Proper Dih.  Improper Dih.          LJ-14
    1.16272e+04    1.97294e+05    1.25819e+05    2.26115e+03    3.02927e+04
     Coulomb-14        LJ (SR)   Coulomb (SR)      Potential Pressure (bar)
   -1.62158e+05   -2.90992e+04    9.76494e+04    2.73686e+05    6.51935e+03

           Step           Time
            146      146.00000

   Energies (kJ/mol)
           Bond            U-B    Proper Dih.  Improper Dih.          LJ-14
    1.23515e+04    1.95957e+05    1.25842e+05    2.25608e+03    3.01362e+04
     Coulomb-14        LJ (SR)   Coulomb (SR)      Potential Pressure (bar)
   -1.62146e+05   -2.93088e+04    9.76324e+04    2.72720e+05    6.42000e+03

           Step           Time
            147      147.00000

   Energies (kJ/mol)
           Bond            U-B    Proper Dih.  Improper Dih.          LJ-14
    1.39985e+04    1.94576e+05    1.25796e+05    2.24449e+03    2.99521e+04
     Coulomb-14        LJ (SR)   Coulomb (SR)      Potential Pressure (bar)
   -1.62141e+05   -2.94989e+04    9.75046e+04    2.72432e+05    6.41823e+03

           Step           Time
            148      148.00000

           Step           Time
            149      149.00000

   Energies (kJ/mol)
           Bond            U-B    Proper Dih.  Improper Dih.          LJ-14
    9.29033e+03    1.93899e+05    1.25642e+05    2.51100e+03    2.98997e+04
     Coulomb-14        LJ (SR)   Coulomb (SR)      Potential Pressure (bar)
   -1.62117e+05   -2.95022e+04    9.74812e+04    2.67104e+05    6.41018e+03

           Step           Time
            150      150.00000

   Energies (kJ/mol)
           Bond            U-B    Proper Dih.  Improper Dih.          LJ-14
    9.96086e+03    1.90335e+05    1.25898e+05    2.26690e+03    2.95367e+04
     Coulomb-14        LJ (SR)   Coulomb (SR)      Potential Pressure (bar)
   -1.62115e+05   -3.00135e+04    9.73375e+04    2.63206e+05    6.34674e+03

           Step           Time
            151      151.00000

           Step           Time
            152      152.00000

   Energies (kJ/mol)
           Bond            U-B    Proper Dih.  Improper Dih.          LJ-14
    9.93272e+03    1.89147e+05    1.25762e+05    2.39340e+03    2.93725e+04
     Coulomb-14        LJ (SR)   Coulomb (SR)      Potential Pressure (bar)
   -1.62109e+05   -3.01962e+04    9.72931e+04    2.61597e+05    6.23456e+03

           Step           Time
            153      153.00000

   Energies (kJ/mol)
           Bond            U-B    Proper Dih.  Improper Dih.          LJ-14
    1.00635e+04    1.87711e+05    1.25492e+05    2.21574e+03    2.92367e+04
     Coulomb-14        LJ (SR)   Coulomb (SR)      Potential Pressure (bar)
   -1.62091e+05   -3.03788e+04    9.72014e+04    2.59450e+05    6.25513e+03

           Step           Time
            154      154.00000

   Energies (kJ/mol)
           Bond            U-B    Proper Dih.  Improper Dih.          LJ-14
    1.09043e+04    1.86462e+05    1.25452e+05    2.31488e+03    2.90706e+04
     Coulomb-14        LJ (SR)   Coulomb (SR)      Potential Pressure (bar)
   -1.62088e+05   -3.05684e+04    9.71669e+04    2.58714e+05    6.15949e+03

           Step           Time
            155      155.00000

   Energies (kJ/mol)
           Bond            U-B    Proper Dih.  Improper Dih.          LJ-14
    1.11133e+04    1.85136e+05    1.25450e+05    2.19883e+03    2.89495e+04
     Coulomb-14        LJ (SR)   Coulomb (SR)      Potential Pressure (bar)
   -1.62072e+05   -3.07437e+04    9.70591e+04    2.57091e+05    6.17602e+03

           Step           Time
            156      156.00000

           Step           Time
            157      157.00000

   Energies (kJ/mol)
           Bond            U-B    Proper Dih.  Improper Dih.          LJ-14
    8.77583e+03    1.84276e+05    1.25333e+05    2.19188e+03    2.88620e+04
     Coulomb-14        LJ (SR)   Coulomb (SR)      Potential Pressure (bar)
   -1.62067e+05   -3.08395e+04    9.70483e+04    2.53581e+05    6.15058e+03

           Step           Time
            158      158.00000

   Energies (kJ/mol)
           Bond            U-B    Proper Dih.  Improper Dih.          LJ-14
    1.25814e+04    1.80259e+05    1.25532e+05    2.17922e+03    2.84036e+04
     Coulomb-14        LJ (SR)   Coulomb (SR)      Potential Pressure (bar)
   -1.62043e+05   -3.14242e+04    9.67973e+04    2.52286e+05    6.02245e+03

           Step           Time
            159      159.00000

   Energies (kJ/mol)
           Bond            U-B    Proper Dih.  Improper Dih.          LJ-14
    9.13148e+03    1.79414e+05    1.25205e+05    2.39546e+03    2.83149e+04
     Coulomb-14        LJ (SR)   Coulomb (SR)      Potential Pressure (bar)
   -1.62046e+05   -3.15309e+04    9.68005e+04    2.47684e+05    5.97718e+03

           Step           Time
            160      160.00000

           Step           Time
            161      161.00000

   Energies (kJ/mol)
           Bond            U-B    Proper Dih.  Improper Dih.          LJ-14
    8.90916e+03    1.78341e+05    1.25148e+05    2.18240e+03    2.82151e+04
     Coulomb-14        LJ (SR)   Coulomb (SR)      Potential Pressure (bar)
   -1.62033e+05   -3.16723e+04    9.67312e+04    2.45822e+05    5.97381e+03

           Step           Time
            162      162.00000

   Energies (kJ/mol)
           Bond            U-B    Proper Dih.  Improper Dih.          LJ-14
    9.97532e+03    1.76944e+05    1.25163e+05    2.31014e+03    2.80363e+04
     Coulomb-14        LJ (SR)   Coulomb (SR)      Potential Pressure (bar)
   -1.62028e+05   -3.18908e+04    9.66886e+04    2.45199e+05    5.88740e+03

           Step           Time
            163      163.00000

   Energies (kJ/mol)
           Bond            U-B    Proper Dih.  Improper Dih.          LJ-14
    9.30264e+03    1.75925e+05    1.25089e+05    2.15223e+03    2.79477e+04
     Coulomb-14        LJ (SR)   Coulomb (SR)      Potential Pressure (bar)
   -1.62016e+05   -3.20284e+04    9.66003e+04    2.42972e+05    5.90216e+03

           Step           Time
            164      164.00000

           Step           Time
            165      165.00000

   Energies (kJ/mol)
           Bond            U-B    Proper Dih.  Improper Dih.          LJ-14
    8.42982e+03    1.75145e+05    1.24995e+05    2.16138e+03    2.78590e+04
     Coulomb-14        LJ (SR)   Coulomb (SR)      Potential Pressure (bar)
   -1.62014e+05   -3.21331e+04    9.65872e+04    2.41030e+05    5.86737e+03

           Step           Time
            166      166.00000

   Energies (kJ/mol)
           Bond            U-B    Proper Dih.  Improper Dih.          LJ-14
    1.00359e+04    1.73117e+05    1.25146e+05    2.13722e+03    2.76329e+04
     Coulomb-14        LJ (SR)   Coulomb (SR)      Potential Pressure (bar)
   -1.62002e+05   -3.24368e+04    9.64492e+04    2.40079e+05    5.81301e+03

           Step           Time
            167      167.00000

   Energies (kJ/mol)
           Bond            U-B    Proper Dih.  Improper Dih.          LJ-14
    8.68244e+03    1.72336e+05    1.24924e+05    2.13680e+03    2.75411e+04
     Coulomb-14        LJ (SR)   Coulomb (SR)      Potential Pressure (bar)
   -1.62002e+05   -3.25437e+04    9.64436e+04    2.37518e+05    5.76588e+03

           Step           Time
            168      168.00000

           Step           Time
            169      169.00000

   Energies (kJ/mol)
           Bond            U-B    Proper Dih.  Improper Dih.          LJ-14
    8.37003e+03    1.71418e+05    1.24868e+05    2.12773e+03    2.74523e+04
     Coulomb-14        LJ (SR)   Coulomb (SR)      Potential Pressure (bar)
   -1.61995e+05   -3.26691e+04    9.63775e+04    2.35949e+05    5.76279e+03

           Step           Time
            170      170.00000

   Energies (kJ/mol)
           Bond            U-B    Proper Dih.  Improper Dih.          LJ-14
    9.03470e+03    1.70082e+05    1.24881e+05    2.13167e+03    2.72843e+04
     Coulomb-14        LJ (SR)   Coulomb (SR)      Potential Pressure (bar)
   -1.61994e+05   -3.28697e+04    9.63261e+04    2.34876e+05    5.68828e+03

           Step           Time
            171      171.00000

   Energies (kJ/mol)
           Bond            U-B    Proper Dih.  Improper Dih.          LJ-14
    8.69876e+03    1.69112e+05    1.24825e+05    2.11574e+03    2.71974e+04
     Coulomb-14        LJ (SR)   Coulomb (SR)      Potential Pressure (bar)
   -1.61985e+05   -3.30038e+04    9.62507e+04    2.33210e+05    5.68774e+03

           Step           Time
            172      172.00000

   Energies (kJ/mol)
           Bond            U-B    Proper Dih.  Improper Dih.          LJ-14
    9.89915e+03    1.68044e+05    1.24858e+05    2.12560e+03    2.70456e+04
     Coulomb-14        LJ (SR)   Coulomb (SR)      Potential Pressure (bar)
   -1.61989e+05   -3.31726e+04    9.62205e+04    2.33032e+05    5.60818e+03

           Step           Time
            173      173.00000

   Energies (kJ/mol)
           Bond            U-B    Proper Dih.  Improper Dih.          LJ-14
    9.58266e+03    1.67011e+05    1.24755e+05    2.10560e+03    2.69600e+04
     Coulomb-14        LJ (SR)   Coulomb (SR)      Potential Pressure (bar)
   -1.61977e+05   -3.33170e+04    9.61319e+04    2.31253e+05    5.62353e+03

           Step           Time
            174      174.00000

           Step           Time
            175      175.00000

   Energies (kJ/mol)
           Bond            U-B    Proper Dih.  Improper Dih.          LJ-14
    7.96667e+03    1.66310e+05    1.24616e+05    2.09724e+03    2.68830e+04
     Coulomb-14        LJ (SR)   Coulomb (SR)      Potential Pressure (bar)
   -1.61978e+05   -3.34004e+04    9.61203e+04    2.28614e+05    5.60408e+03

           Step           Time
            176      176.00000

   Energies (kJ/mol)
           Bond            U-B    Proper Dih.  Improper Dih.          LJ-14
    1.08673e+04    1.63801e+05    1.24729e+05    2.09335e+03    2.65951e+04
     Coulomb-14        LJ (SR)   Coulomb (SR)      Potential Pressure (bar)
   -1.61969e+05   -3.37802e+04    9.59592e+04    2.28296e+05    5.52069e+03

           Step           Time
            177      177.00000

   Energies (kJ/mol)
           Bond            U-B    Proper Dih.  Improper Dih.          LJ-14
    8.27798e+03    1.63016e+05    1.24588e+05    2.10741e+03    2.65133e+04
     Coulomb-14        LJ (SR)   Coulomb (SR)      Potential Pressure (bar)
   -1.61974e+05   -3.38687e+04    9.59475e+04    2.24608e+05    5.49354e+03

           Step           Time
            178      178.00000

           Step           Time
            179      179.00000

   Energies (kJ/mol)
           Bond            U-B    Proper Dih.  Improper Dih.          LJ-14
    8.20659e+03    1.62097e+05    1.24518e+05    2.08154e+03    2.64262e+04
     Coulomb-14        LJ (SR)   Coulomb (SR)      Potential Pressure (bar)
   -1.61965e+05   -3.40020e+04    9.58837e+04    2.23245e+05    5.49038e+03

           Step           Time
            180      180.00000

   Energies (kJ/mol)
           Bond            U-B    Proper Dih.  Improper Dih.          LJ-14
    8.86527e+03    1.61111e+05    1.24496e+05    2.09000e+03    2.62903e+04
     Coulomb-14        LJ (SR)   Coulomb (SR)      Potential Pressure (bar)
   -1.61969e+05   -3.41452e+04    9.58445e+04    2.22583e+05    5.42605e+03

           Step           Time
            181      181.00000

   Energies (kJ/mol)
           Bond            U-B    Proper Dih.  Improper Dih.          LJ-14
    8.83712e+03    1.60150e+05    1.24460e+05    2.07118e+03    2.62080e+04
     Coulomb-14        LJ (SR)   Coulomb (SR)      Potential Pressure (bar)
   -1.61958e+05   -3.42878e+04    9.57726e+04    2.21253e+05    5.42797e+03

           Step           Time
            182      182.00000

           Step           Time
            183      183.00000

   Energies (kJ/mol)
           Bond            U-B    Proper Dih.  Improper Dih.          LJ-14
    7.59316e+03    1.59538e+05    1.24320e+05    2.06494e+03    2.61382e+04
     Coulomb-14        LJ (SR)   Coulomb (SR)      Potential Pressure (bar)
   -1.61962e+05   -3.43604e+04    9.57521e+04    2.19084e+05    5.41139e+03

           Step           Time
            184      184.00000

   Energies (kJ/mol)
           Bond            U-B    Proper Dih.  Improper Dih.          LJ-14
    9.89705e+03    1.56746e+05    1.24457e+05    2.05556e+03    2.58227e+04
     Coulomb-14        LJ (SR)   Coulomb (SR)      Potential Pressure (bar)
   -1.61952e+05   -3.47747e+04    9.55792e+04    2.17831e+05    5.32457e+03

           Step           Time
            185      185.00000

   Energies (kJ/mol)
           Bond            U-B    Proper Dih.  Improper Dih.          LJ-14
    7.76650e+03    1.56052e+05    1.24261e+05    2.05127e+03    2.57487e+04
     Coulomb-14        LJ (SR)   Coulomb (SR)      Potential Pressure (bar)
   -1.61957e+05   -3.48517e+04    9.55558e+04    2.14626e+05    5.29319e+03

           Step           Time
            186      186.00000

           Step           Time
            187      187.00000

   Energies (kJ/mol)
           Bond            U-B    Proper Dih.  Improper Dih.          LJ-14
    7.87742e+03    1.55102e+05    1.24245e+05    2.04402e+03    2.56604e+04
     Coulomb-14        LJ (SR)   Coulomb (SR)      Potential Pressure (bar)
   -1.61948e+05   -3.49906e+04    9.54982e+04    2.13488e+05    5.28052e+03

           Step           Time
            188      188.00000

   Energies (kJ/mol)
           Bond            U-B    Proper Dih.  Improper Dih.          LJ-14
    8.18856e+03    1.54272e+05    1.24192e+05    2.04139e+03    2.55469e+04
     Coulomb-14        LJ (SR)   Coulomb (SR)      Potential Pressure (bar)
   -1.61952e+05   -3.51060e+04    9.54540e+04    2.12637e+05    5.23128e+03

           Step           Time
            189      189.00000

   Energies (kJ/mol)
           Bond            U-B    Proper Dih.  Improper Dih.          LJ-14
    8.48294e+03    1.53350e+05    1.24192e+05    2.03643e+03    2.54677e+04
     Coulomb-14        LJ (SR)   Coulomb (SR)      Potential Pressure (bar)
   -1.61940e+05   -3.52501e+04    9.53947e+04    2.11734e+05    5.22688e+03

           Step           Time
            190      190.00000

   Energies (kJ/mol)
           Bond            U-B    Proper Dih.  Improper Dih.          LJ-14
    9.22317e+03    1.52627e+05    1.24135e+05    2.03401e+03    2.53550e+04
     Coulomb-14        LJ (SR)   Coulomb (SR)      Potential Pressure (bar)
   -1.61949e+05   -3.53431e+04    9.53550e+04    2.11437e+05    5.17390e+03

           Step           Time
            191      191.00000

   Energies (kJ/mol)
           Bond            U-B    Proper Dih.  Improper Dih.          LJ-14
    9.99586e+03    1.51746e+05    1.24115e+05    2.02930e+03    2.52823e+04
     Coulomb-14        LJ (SR)   Coulomb (SR)      Potential Pressure (bar)
   -1.61932e+05   -3.54985e+04    9.52962e+04    2.11034e+05    5.16691e+03

           Step           Time
            192      192.00000

           Step           Time
            193      193.00000

   Energies (kJ/mol)
           Bond            U-B    Proper Dih.  Improper Dih.          LJ-14
    7.22006e+03    1.51070e+05    1.23952e+05    2.01772e+03    2.52184e+04
     Coulomb-14        LJ (SR)   Coulomb (SR)      Potential Pressure (bar)
   -1.61938e+05   -3.55626e+04    9.52651e+04    2.07243e+05    5.15630e+03

           Step           Time
            194      194.00000

           Step           Time
            195      195.00000

   Energies (kJ/mol)
           Bond            U-B    Proper Dih.  Improper Dih.          LJ-14
    8.17480e+03    1.49134e+05    1.23892e+05    2.01417e+03    2.50057e+04
     Coulomb-14        LJ (SR)   Coulomb (SR)      Potential Pressure (bar)
   -1.61926e+05   -3.58486e+04    9.51533e+04    2.05599e+05    5.10576e+03

           Step           Time
            196      196.00000

   Energies (kJ/mol)
           Bond            U-B    Proper Dih.  Improper Dih.          LJ-14
    7.26391e+03    1.48532e+05    1.23848e+05    2.00811e+03    2.49376e+04
     Coulomb-14        LJ (SR)   Coulomb (SR)      Potential Pressure (bar)
   -1.61932e+05   -3.59172e+04    9.51140e+04    2.03854e+05    5.08337e+03

           Step           Time
            197      197.00000

   Energies (kJ/mol)
           Bond            U-B    Proper Dih.  Improper Dih.          LJ-14
    8.77115e+03    1.47176e+05    1.24018e+05    2.00500e+03    2.47966e+04
     Coulomb-14        LJ (SR)   Coulomb (SR)      Potential Pressure (bar)
   -1.61922e+05   -3.61281e+04    9.50400e+04    2.03757e+05    5.03432e+03

           Step           Time
            198      198.00000

   Energies (kJ/mol)
           Bond            U-B    Proper Dih.  Improper Dih.          LJ-14
    7.56473e+03    1.46585e+05    1.23759e+05    1.99607e+03    2.47200e+04
     Coulomb-14        LJ (SR)   Coulomb (SR)      Potential Pressure (bar)
   -1.61929e+05   -3.61960e+04    9.49935e+04    2.01494e+05    5.01016e+03

           Step           Time
            199      199.00000

           Step           Time
            200      200.00000

   Energies (kJ/mol)
           Bond            U-B    Proper Dih.  Improper Dih.          LJ-14
    7.16921e+03    1.45909e+05    1.23738e+05    1.99303e+03    2.46586e+04
     Coulomb-14        LJ (SR)   Coulomb (SR)      Potential Pressure (bar)
   -1.61921e+05   -3.63012e+04    9.49613e+04    2.00207e+05    5.00807e+03

           Step           Time
            201      201.00000

   Energies (kJ/mol)
           Bond            U-B    Proper Dih.  Improper Dih.          LJ-14
    7.82168e+03    1.44939e+05    1.23698e+05    1.98654e+03    2.45325e+04
     Coulomb-14        LJ (SR)   Coulomb (SR)      Potential Pressure (bar)
   -1.61925e+05   -3.64282e+04    9.48943e+04    1.99518e+05    4.96365e+03

           Step           Time
            202      202.00000

   Energies (kJ/mol)
           Bond            U-B    Proper Dih.  Improper Dih.          LJ-14
    7.43982e+03    1.44223e+05    1.23694e+05    1.98441e+03    2.44716e+04
     Coulomb-14        LJ (SR)   Coulomb (SR)      Potential Pressure (bar)
   -1.61917e+05   -3.65494e+04    9.48595e+04    1.98206e+05    4.96378e+03

           Step           Time
            203      203.00000

   Energies (kJ/mol)
           Bond            U-B    Proper Dih.  Improper Dih.          LJ-14
    8.36466e+03    1.43454e+05    1.23686e+05    1.97869e+03    2.43614e+04
     Coulomb-14        LJ (SR)   Coulomb (SR)      Potential Pressure (bar)
   -1.61923e+05   -3.66396e+04    9.48004e+04    1.98083e+05    4.90994e+03

           Step           Time
            204      204.00000

   Energies (kJ/mol)
           Bond            U-B    Proper Dih.  Improper Dih.          LJ-14
    8.11251e+03    1.42708e+05    1.23650e+05    1.97786e+03    2.43017e+04
     Coulomb-14        LJ (SR)   Coulomb (SR)      Potential Pressure (bar)
   -1.61912e+05   -3.67808e+04    9.47680e+04    1.96825e+05    4.90594e+03

           Step           Time
            205      205.00000

           Step           Time
            206      206.00000

   Energies (kJ/mol)
           Bond            U-B    Proper Dih.  Improper Dih.          LJ-14
    6.81348e+03    1.42184e+05    1.23533e+05    1.97159e+03    2.42458e+04
     Coulomb-14        LJ (SR)   Coulomb (SR)      Potential Pressure (bar)
   -1.61916e+05   -3.68356e+04    9.47262e+04    1.94723e+05    4.88938e+03

           Step           Time
            207      207.00000

   Energies (kJ/mol)
           Bond            U-B    Proper Dih.  Improper Dih.          LJ-14
    8.81370e+03    1.39968e+05    1.23538e+05    1.96739e+03    2.39896e+04
     Coulomb-14        LJ (SR)   Coulomb (SR)      Potential Pressure (bar)
   -1.61905e+05   -3.71877e+04    9.45994e+04    1.93783e+05    4.81132e+03

           Step           Time
            208      208.00000

   Energies (kJ/mol)
           Bond            U-B    Proper Dih.  Improper Dih.          LJ-14
    6.93600e+03    1.39363e+05    1.23406e+05    1.95861e+03    2.39320e+04
     Coulomb-14        LJ (SR)   Coulomb (SR)      Potential Pressure (bar)
   -1.61910e+05   -3.72475e+04    9.45416e+04    1.90980e+05    4.79398e+03

           Step           Time
            209      209.00000

           Step           Time
            210      210.00000

   Energies (kJ/mol)
           Bond            U-B    Proper Dih.  Improper Dih.          LJ-14
    7.04212e+03    1.38624e+05    1.23424e+05    1.95739e+03    2.38614e+04
     Coulomb-14        LJ (SR)   Coulomb (SR)      Potential Pressure (bar)
   -1.61904e+05   -3.73735e+04    9.45070e+04    1.90138e+05    4.78378e+03

           Step           Time
            211      211.00000

   Energies (kJ/mol)
           Bond            U-B    Proper Dih.  Improper Dih.          LJ-14
    7.15382e+03    1.37996e+05    1.23370e+05    1.95107e+03    2.37817e+04
     Coulomb-14        LJ (SR)   Coulomb (SR)      Potential Pressure (bar)
   -1.61906e+05   -3.74539e+04    9.44514e+04    1.89344e+05    4.74989e+03

           Step           Time
            212      212.00000

   Energies (kJ/mol)
           Bond            U-B    Proper Dih.  Improper Dih.          LJ-14
    7.44517e+03    1.37287e+05    1.23389e+05    1.95064e+03    2.37139e+04
     Coulomb-14        LJ (SR)   Coulomb (SR)      Potential Pressure (bar)
   -1.61899e+05   -3.75875e+04    9.44230e+04    1.88722e+05    4.74192e+03

           Step           Time
            213      213.00000

   Energies (kJ/mol)
           Bond            U-B    Proper Dih.  Improper Dih.          LJ-14
    7.65875e+03    1.36698e+05    1.23298e+05    1.94417e+03    2.36350e+04
     Coulomb-14        LJ (SR)   Coulomb (SR)      Potential Pressure (bar)
   -1.61904e+05   -3.76531e+04    9.43642e+04    1.88042e+05    4.70779e+03

           Step           Time
            214      214.00000

   Energies (kJ/mol)
           Bond            U-B    Proper Dih.  Improper Dih.          LJ-14
    8.32199e+03    1.36042e+05    1.23293e+05    1.94429e+03    2.35705e+04
     Coulomb-14        LJ (SR)   Coulomb (SR)      Potential Pressure (bar)
   -1.61896e+05   -3.77968e+04    9.43445e+04    1.87824e+05    4.70052e+03

           Step           Time
            215      215.00000

   Energies (kJ/mol)
           Bond            U-B    Proper Dih.  Improper Dih.          LJ-14
    8.67501e+03    1.35497e+05    1.23214e+05    1.93708e+03    2.34906e+04
     Coulomb-14        LJ (SR)   Coulomb (SR)      Potential Pressure (bar)
   -1.61904e+05   -3.78385e+04    9.42794e+04    1.87351e+05    4.65374e+03

           Step           Time
            216      216.00000

           Step           Time
            217      217.00000

   Energies (kJ/mol)
           Bond            U-B    Proper Dih.  Improper Dih.          LJ-14
    6.46273e+03    1.34888e+05    1.23123e+05    1.93331e+03    2.34568e+04
     Coulomb-14        LJ (SR)   Coulomb (SR)      Potential Pressure (bar)
   -1.61897e+05   -3.79536e+04    9.42590e+04    1.84273e+05    4.67510e+03

           Step           Time
            218      218.00000

   Energies (kJ/mol)
           Bond            U-B    Proper Dih.  Improper Dih.          LJ-14
    8.92066e+03    1.32720e+05    1.23007e+05    1.92003e+03    2.31791e+04
     Coulomb-14        LJ (SR)   Coulomb (SR)      Potential Pressure (bar)
   -1.61901e+05   -3.82382e+04    9.40969e+04    1.83705e+05    4.57708e+03

           Step           Time
            219      219.00000

   Energies (kJ/mol)
           Bond            U-B    Proper Dih.  Improper Dih.          LJ-14
    6.63442e+03    1.32077e+05    1.22981e+05    1.91580e+03    2.31477e+04
     Coulomb-14        LJ (SR)   Coulomb (SR)      Potential Pressure (bar)
   -1.61892e+05   -3.83951e+04    9.40762e+04    1.80546e+05    4.59017e+03

           Step           Time
            220      220.00000

           Step           Time
            221      221.00000

   Energies (kJ/mol)
           Bond            U-B    Proper Dih.  Improper Dih.          LJ-14
    6.69703e+03    1.31450e+05    1.22951e+05    1.91170e+03    2.30790e+04
     Coulomb-14        LJ (SR)   Coulomb (SR)      Potential Pressure (bar)
   -1.61895e+05   -3.84659e+04    9.40239e+04    1.79751e+05    4.54941e+03

           Step           Time
            222      222.00000

   Energies (kJ/mol)
           Bond            U-B    Proper Dih.  Improper Dih.          LJ-14
    6.93488e+03    1.30870e+05    1.22905e+05    1.91061e+03    2.30128e+04
     Coulomb-14        LJ (SR)   Coulomb (SR)      Potential Pressure (bar)
   -1.61890e+05   -3.85923e+04    9.39965e+04    1.79147e+05    4.54688e+03

           Step           Time
            223      223.00000

   Energies (kJ/mol)
           Bond            U-B    Proper Dih.  Improper Dih.          LJ-14
    7.10120e+03    1.30235e+05    1.22918e+05    1.90504e+03    2.29404e+04
     Coulomb-14        LJ (SR)   Coulomb (SR)      Potential Pressure (bar)
   -1.61895e+05   -3.86463e+04    9.39420e+04    1.78501e+05    4.50674e+03

           Step           Time
            224      224.00000

   Energies (kJ/mol)
           Bond            U-B    Proper Dih.  Improper Dih.          LJ-14
    7.64002e+03    1.29720e+05    1.22870e+05    1.90396e+03    2.28811e+04
     Coulomb-14        LJ (SR)   Coulomb (SR)      Potential Pressure (bar)
   -1.61888e+05   -3.87830e+04    9.39220e+04    1.78266e+05    4.50628e+03

           Step           Time
            225      225.00000

   Energies (kJ/mol)
           Bond            U-B    Proper Dih.  Improper Dih.          LJ-14
    7.94300e+03    1.29111e+05    1.22847e+05    1.89791e+03    2.28055e+04
     Coulomb-14        LJ (SR)   Coulomb (SR)      Potential Pressure (bar)
   -1.61894e+05   -3.88102e+04    9.38608e+04    1.77761e+05    4.46801e+03

           Step           Time
            226      226.00000

           Step           Time
            227      227.00000

   Energies (kJ/mol)
           Bond            U-B    Proper Dih.  Improper Dih.          LJ-14
    6.17297e+03    1.28629e+05    1.22744e+05    1.89496e+03    2.27750e+04
     Coulomb-14        LJ (SR)   Coulomb (SR)      Potential Pressure (bar)
   -1.61888e+05   -3.89204e+04    9.38435e+04    1.75250e+05    4.48809e+03

           Step           Time
            228      228.00000

   Energies (kJ/mol)
           Bond            U-B    Proper Dih.  Improper Dih.          LJ-14
    8.36363e+03    1.26525e+05    1.22663e+05    1.88354e+03    2.25073e+04
     Coulomb-14        LJ (SR)   Coulomb (SR)      Potential Pressure (bar)
   -1.61889e+05   -3.91690e+04    9.36847e+04    1.74569e+05    4.38077e+03

           Step           Time
            229      229.00000

   Energies (kJ/mol)
           Bond            U-B    Proper Dih.  Improper Dih.          LJ-14
    6.32436e+03    1.25953e+05    1.22615e+05    1.87902e+03    2.24812e+04
     Coulomb-14        LJ (SR)   Coulomb (SR)      Potential Pressure (bar)
   -1.61881e+05   -3.93267e+04    9.36626e+04    1.71708e+05    4.40040e+03

           Step           Time
            230      230.00000

           Step           Time
            231      231.00000

   Energies (kJ/mol)
           Bond            U-B    Proper Dih.  Improper Dih.          LJ-14
    6.41526e+03    1.25349e+05    1.22609e+05    1.87450e+03    2.24150e+04
     Coulomb-14        LJ (SR)   Coulomb (SR)      Potential Pressure (bar)
   -1.61883e+05   -3.93906e+04    9.36081e+04    1.70997e+05    4.37175e+03

           Step           Time
            232      232.00000

   Energies (kJ/mol)
           Bond            U-B    Proper Dih.  Improper Dih.          LJ-14
    6.60258e+03    1.24823e+05    1.22532e+05    1.87241e+03    2.23581e+04
     Coulomb-14        LJ (SR)   Coulomb (SR)      Potential Pressure (bar)
   -1.61875e+05   -3.95108e+04    9.35799e+04    1.70383e+05    4.36275e+03

           Step           Time
            233      233.00000

   Energies (kJ/mol)
           Bond            U-B    Proper Dih.  Improper Dih.          LJ-14
    6.80073e+03    1.24227e+05    1.22509e+05    1.86787e+03    2.22889e+04
     Coulomb-14        LJ (SR)   Coulomb (SR)      Potential Pressure (bar)
   -1.61877e+05   -3.95581e+04    9.35191e+04    1.69778e+05    4.33073e+03

           Step           Time
            234      234.00000

   Energies (kJ/mol)
           Bond            U-B    Proper Dih.  Improper Dih.          LJ-14
    7.25870e+03    1.23750e+05    1.22461e+05    1.86602e+03    2.22402e+04
     Coulomb-14        LJ (SR)   Coulomb (SR)      Potential Pressure (bar)
   -1.61867e+05   -3.96917e+04    9.35009e+04    1.69518e+05    4.33075e+03

           Step           Time
            235      235.00000

   Energies (kJ/mol)
           Bond            U-B    Proper Dih.  Improper Dih.          LJ-14
    7.60774e+03    1.23207e+05    1.22435e+05    1.86193e+03    2.21680e+04
     Coulomb-14        LJ (SR)   Coulomb (SR)      Potential Pressure (bar)
   -1.61872e+05   -3.97102e+04    9.34316e+04    1.69130e+05    4.28116e+03

           Step           Time
            236      236.00000

           Step           Time
            237      237.00000

   Energies (kJ/mol)
           Bond            U-B    Proper Dih.  Improper Dih.          LJ-14
    5.90985e+03    1.22754e+05    1.22335e+05    1.85865e+03    2.21450e+04
     Coulomb-14        LJ (SR)   Coulomb (SR)      Potential Pressure (bar)
   -1.61864e+05   -3.98199e+04    9.34161e+04    1.66735e+05    4.30826e+03

           Step           Time
            238      238.00000

   Energies (kJ/mol)
           Bond            U-B    Proper Dih.  Improper Dih.          LJ-14
    8.12586e+03    1.20802e+05    1.22271e+05    1.84804e+03    2.18949e+04
     Coulomb-14        LJ (SR)   Coulomb (SR)      Potential Pressure (bar)
   -1.61856e+05   -4.00675e+04    9.32301e+04    1.66248e+05    4.19802e+03

           Step           Time
            239      239.00000

   Energies (kJ/mol)
           Bond            U-B    Proper Dih.  Improper Dih.          LJ-14
    6.08026e+03    1.20277e+05    1.22164e+05    1.84208e+03    2.18809e+04
     Coulomb-14        LJ (SR)   Coulomb (SR)      Potential Pressure (bar)
   -1.61844e+05   -4.02277e+04    9.32150e+04    1.63386e+05    4.22971e+03

           Step           Time
            240      240.00000

           Step           Time
            241      241.00000

   Energies (kJ/mol)
           Bond            U-B    Proper Dih.  Improper Dih.          LJ-14
    6.19418e+03    1.19741e+05    1.22136e+05    1.83895e+03    2.18201e+04
     Coulomb-14        LJ (SR)   Coulomb (SR)      Potential Pressure (bar)
   -1.61846e+05   -4.02882e+04    9.31649e+04    1.62761e+05    4.19489e+03

           Step           Time
            242      242.00000

   Energies (kJ/mol)
           Bond            U-B    Proper Dih.  Improper Dih.          LJ-14
    6.35740e+03    1.19303e+05    1.22078e+05    1.83586e+03    2.17776e+04
     Coulomb-14        LJ (SR)   Coulomb (SR)      Potential Pressure (bar)
   -1.61835e+05   -4.04042e+04    9.31355e+04    1.62248e+05    4.19746e+03

           Step           Time
            243      243.00000

   Energies (kJ/mol)
           Bond            U-B    Proper Dih.  Improper Dih.          LJ-14
    6.60689e+03    1.18785e+05    1.22070e+05    1.83355e+03    2.17114e+04
     Coulomb-14        LJ (SR)   Coulomb (SR)      Potential Pressure (bar)
   -1.61839e+05   -4.04461e+04    9.30812e+04    1.61804e+05    4.15853e+03

           Step           Time
            244      244.00000

   Energies (kJ/mol)
           Bond            U-B    Proper Dih.  Improper Dih.          LJ-14
    7.02997e+03    1.18387e+05    1.22021e+05    1.83009e+03    2.16772e+04
     Coulomb-14        LJ (SR)   Coulomb (SR)      Potential Pressure (bar)
   -1.61826e+05   -4.05767e+04    9.30584e+04    1.61601e+05    4.16358e+03

           Step           Time
            245      245.00000

   Energies (kJ/mol)
           Bond            U-B    Proper Dih.  Improper Dih.          LJ-14
    7.46079e+03    1.17933e+05    1.21985e+05    1.82868e+03    2.16053e+04
     Coulomb-14        LJ (SR)   Coulomb (SR)      Potential Pressure (bar)
   -1.61835e+05   -4.05856e+04    9.30008e+04    1.61393e+05    4.11276e+03

           Step           Time
            246      246.00000

           Step           Time
            247      247.00000

   Energies (kJ/mol)
           Bond            U-B    Proper Dih.  Improper Dih.          LJ-14
    5.68157e+03    1.17506e+05    1.21874e+05    1.82479e+03    2.15893e+04
     Coulomb-14        LJ (SR)   Coulomb (SR)      Potential Pressure (bar)
   -1.61825e+05   -4.06966e+04    9.29833e+04    1.58938e+05    4.13557e+03

           Step           Time
            248      248.00000

   Energies (kJ/mol)
           Bond            U-B    Proper Dih.  Improper Dih.          LJ-14
    8.13242e+03    1.15736e+05    1.21692e+05    1.82231e+03    2.13469e+04
     Coulomb-14        LJ (SR)   Coulomb (SR)      Potential Pressure (bar)
   -1.61819e+05   -4.09440e+04    9.28002e+04    1.58767e+05    4.02541e+03

           Step           Time
            249      249.00000

   Energies (kJ/mol)
           Bond            U-B    Proper Dih.  Improper Dih.          LJ-14
    5.85640e+03    1.15179e+05    1.21672e+05    1.81266e+03    2.13370e+04
     Coulomb-14        LJ (SR)   Coulomb (SR)      Potential Pressure (bar)
   -1.61810e+05   -4.11120e+04    9.27840e+04    1.55720e+05    4.06474e+03

           Step           Time
            250      250.00000

           Step           Time
            251      251.00000

   Energies (kJ/mol)
           Bond            U-B    Proper Dih.  Improper Dih.          LJ-14
    6.04183e+03    1.14695e+05    1.21688e+05    1.80966e+03    2.12771e+04
     Coulomb-14        LJ (SR)   Coulomb (SR)      Potential Pressure (bar)
   -1.61812e+05   -4.11666e+04    9.27381e+04    1.55271e+05    4.00970e+03

           Step           Time
            252      252.00000

   Energies (kJ/mol)
           Bond            U-B    Proper Dih.  Improper Dih.          LJ-14
    6.15581e+03    1.14332e+05    1.21584e+05    1.80685e+03    2.12420e+04
     Coulomb-14        LJ (SR)   Coulomb (SR)      Potential Pressure (bar)
   -1.61805e+05   -4.12739e+04    9.27089e+04    1.54752e+05    4.02543e+03

           Step           Time
            253      253.00000

   Energies (kJ/mol)
           Bond            U-B    Proper Dih.  Improper Dih.          LJ-14
    6.50024e+03    1.13870e+05    1.21565e+05    1.80536e+03    2.11769e+04
     Coulomb-14        LJ (SR)   Coulomb (SR)      Potential Pressure (bar)
   -1.61809e+05   -4.13090e+04    9.26614e+04    1.54461e+05    3.97703e+03

           Step           Time
            254      254.00000

   Energies (kJ/mol)
           Bond            U-B    Proper Dih.  Improper Dih.          LJ-14
    6.86102e+03    1.13525e+05    1.21500e+05    1.80076e+03    2.11480e+04
     Coulomb-14        LJ (SR)   Coulomb (SR)      Potential Pressure (bar)
   -1.61801e+05   -4.14333e+04    9.26374e+04    1.54238e+05    3.99295e+03

           Step           Time
            255      255.00000

           Step           Time
            256      256.00000

   Energies (kJ/mol)
           Bond            U-B    Proper Dih.  Improper Dih.          LJ-14
    5.46763e+03    1.13121e+05    1.21428e+05    1.79933e+03    2.11098e+04
     Coulomb-14        LJ (SR)   Coulomb (SR)      Potential Pressure (bar)
   -1.61802e+05   -4.14614e+04    9.26043e+04    1.52267e+05    3.97542e+03

           Step           Time
            257      257.00000

   Energies (kJ/mol)
           Bond            U-B    Proper Dih.  Improper Dih.          LJ-14
    7.56527e+03    1.10642e+05    1.21241e+05    1.78448e+03    2.08192e+04
     Coulomb-14        LJ (SR)   Coulomb (SR)      Potential Pressure (bar)
   -1.61786e+05   -4.19428e+04    9.23798e+04    1.50704e+05    3.88199e+03

           Step           Time
            258      258.00000

   Energies (kJ/mol)
           Bond            U-B    Proper Dih.  Improper Dih.          LJ-14
    5.51265e+03    1.10126e+05    1.21175e+05    1.78783e+03    2.07751e+04
     Coulomb-14        LJ (SR)   Coulomb (SR)      Potential Pressure (bar)
   -1.61788e+05   -4.19675e+04    9.23341e+04    1.47956e+05    3.86008e+03

           Step           Time
            259      259.00000

           Step           Time
            260      260.00000

   Energies (kJ/mol)
           Bond            U-B    Proper Dih.  Improper Dih.          LJ-14
    5.78721e+03    1.09688e+05    1.21131e+05    1.77718e+03    2.07303e+04
     Coulomb-14        LJ (SR)   Coulomb (SR)      Potential Pressure (bar)
   -1.61782e+05   -4.20817e+04    9.22924e+04    1.47542e+05    3.85203e+03

           Step           Time
            261      261.00000

   Energies (kJ/mol)
           Bond            U-B    Proper Dih.  Improper Dih.          LJ-14
    5.71220e+03    1.09282e+05    1.21060e+05    1.77839e+03    2.06783e+04
     Coulomb-14        LJ (SR)   Coulomb (SR)      Potential Pressure (bar)
   -1.61781e+05   -4.21204e+04    9.22560e+04    1.46866e+05    3.82068e+03

           Step           Time
            262      262.00000

   Energies (kJ/mol)
           Bond            U-B    Proper Dih.  Improper Dih.          LJ-14
    6.23855e+03    1.08891e+05    1.21072e+05    1.77134e+03    2.06387e+04
     Coulomb-14        LJ (SR)   Coulomb (SR)      Potential Pressure (bar)
   -1.61774e+05   -4.22365e+04    9.22163e+04    1.46817e+05    3.82658e+03

           Step           Time
            263      263.00000

   Energies (kJ/mol)
           Bond            U-B    Proper Dih.  Improper Dih.          LJ-14
    6.18352e+03    1.08506e+05    1.20993e+05    1.77292e+03    2.05864e+04
     Coulomb-14        LJ (SR)   Coulomb (SR)      Potential Pressure (bar)
   -1.61774e+05   -4.22590e+04    9.21795e+04    1.46189e+05    3.79493e+03

           Step           Time
            264      264.00000

           Step           Time
            265      265.00000

   Energies (kJ/mol)
           Bond            U-B    Proper Dih.  Improper Dih.          LJ-14
    5.25915e+03    1.08195e+05    1.20931e+05    1.76731e+03    2.05668e+04
     Coulomb-14        LJ (SR)   Coulomb (SR)      Potential Pressure (bar)
   -1.61769e+05   -4.23396e+04    9.21554e+04    1.44766e+05    3.80500e+03

           Step           Time
            266      266.00000

   Energies (kJ/mol)
           Bond            U-B    Proper Dih.  Improper Dih.          LJ-14
    6.59403e+03    1.07195e+05    1.20844e+05    1.76505e+03    2.04358e+04
     Coulomb-14        LJ (SR)   Coulomb (SR)      Potential Pressure (bar)
   -1.61761e+05   -4.24897e+04    9.20438e+04    1.44627e+05    3.73776e+03

           Step           Time
            267      267.00000

   Energies (kJ/mol)
           Bond            U-B    Proper Dih.  Improper Dih.          LJ-14
    5.41723e+03    1.06826e+05    1.20808e+05    1.75629e+03    2.04158e+04
     Coulomb-14        LJ (SR)   Coulomb (SR)      Potential Pressure (bar)
   -1.61755e+05   -4.25987e+04    9.20197e+04    1.42889e+05    3.75693e+03

           Step           Time
            268      268.00000

           Step           Time
            269      269.00000

   Energies (kJ/mol)
           Bond            U-B    Proper Dih.  Improper Dih.          LJ-14
    5.38014e+03    1.06456e+05    1.20780e+05    1.75623e+03    2.03741e+04
     Coulomb-14        LJ (SR)   Coulomb (SR)      Potential Pressure (bar)
   -1.61751e+05   -4.26432e+04    9.19819e+04    1.42334e+05    3.73429e+03

           Step           Time
            270      270.00000

   Energies (kJ/mol)
           Bond            U-B    Proper Dih.  Improper Dih.          LJ-14
    5.64909e+03    1.06080e+05    1.20767e+05    1.75036e+03    2.03308e+04
     Coulomb-14        LJ (SR)   Coulomb (SR)      Potential Pressure (bar)
   -1.61746e+05   -4.27435e+04    9.19469e+04    1.42035e+05    3.73120e+03

           Step           Time
            271      271.00000

   Energies (kJ/mol)
           Bond            U-B    Proper Dih.  Improper Dih.          LJ-14
    5.63825e+03    1.05711e+05    1.20727e+05    1.75200e+03    2.02887e+04
     Coulomb-14        LJ (SR)   Coulomb (SR)      Potential Pressure (bar)
   -1.61742e+05   -4.27787e+04    9.19075e+04    1.41504e+05    3.69331e+03

           Step           Time
            272      272.00000

           Step           Time
            273      273.00000

   Energies (kJ/mol)
           Bond            U-B    Proper Dih.  Improper Dih.          LJ-14
    5.10275e+03    1.05466e+05    1.20677e+05    1.74760e+03    2.02678e+04
     Coulomb-14        LJ (SR)   Coulomb (SR)      Potential Pressure (bar)
   -1.61739e+05   -4.28416e+04    9.18857e+04    1.40566e+05    3.70824e+03

           Step           Time
            274      274.00000

   Energies (kJ/mol)
           Bond            U-B    Proper Dih.  Improper Dih.          LJ-14
    5.87714e+03    1.04409e+05    1.20658e+05    1.74586e+03    2.01384e+04
     Coulomb-14        LJ (SR)   Coulomb (SR)      Potential Pressure (bar)
   -1.61725e+05   -4.30206e+04    9.17693e+04    1.39852e+05    3.63951e+03

           Step           Time
            275      275.00000

   Energies (kJ/mol)
           Bond            U-B    Proper Dih.  Improper Dih.          LJ-14
    5.16071e+03    1.04141e+05    1.20564e+05    1.73828e+03    2.01195e+04
     Coulomb-14        LJ (SR)   Coulomb (SR)      Potential Pressure (bar)
   -1.61721e+05   -4.31014e+04    9.17506e+04    1.38651e+05    3.65621e+03

           Step           Time
            276      276.00000

           Step           Time
            277      277.00000

   Energies (kJ/mol)
           Bond            U-B    Proper Dih.  Improper Dih.          LJ-14
    5.15585e+03    1.03809e+05    1.20530e+05    1.73844e+03    2.00829e+04
     Coulomb-14        LJ (SR)   Coulomb (SR)      Potential Pressure (bar)
   -1.61717e+05   -4.31504e+04    9.17140e+04    1.38163e+05    3.62724e+03

           Step           Time
            278      278.00000

   Energies (kJ/mol)
           Bond            U-B    Proper Dih.  Improper Dih.          LJ-14
    5.28315e+03    1.03472e+05    1.20521e+05    1.73210e+03    2.00433e+04
     Coulomb-14        LJ (SR)   Coulomb (SR)      Potential Pressure (bar)
   -1.61711e+05   -4.32394e+04    9.16811e+04    1.37783e+05    3.62803e+03

           Step           Time
            279      279.00000

   Energies (kJ/mol)
           Bond            U-B    Proper Dih.  Improper Dih.          LJ-14
    5.30395e+03    1.03154e+05    1.20482e+05    1.73339e+03    2.00088e+04
     Coulomb-14        LJ (SR)   Coulomb (SR)      Potential Pressure (bar)
   -1.61705e+05   -4.32816e+04    9.16417e+04    1.37337e+05    3.59609e+03

           Step           Time
            280      280.00000

   Energies (kJ/mol)
           Bond            U-B    Proper Dih.  Improper Dih.          LJ-14
    5.57239e+03    1.02857e+05    1.20464e+05    1.72632e+03    1.99702e+04
     Coulomb-14        LJ (SR)   Coulomb (SR)      Potential Pressure (bar)
   -1.61701e+05   -4.33744e+04    9.16149e+04    1.37130e+05    3.60030e+03

           Step           Time
            281      281.00000

   Energies (kJ/mol)
           Bond            U-B    Proper Dih.  Improper Dih.          LJ-14
    5.63262e+03    1.02553e+05    1.20418e+05    1.72970e+03    1.99365e+04
     Coulomb-14        LJ (SR)   Coulomb (SR)      Potential Pressure (bar)
   -1.61693e+05   -4.34055e+04    9.15737e+04    1.36745e+05    3.56633e+03

           Step           Time
            282      282.00000

           Step           Time
            283      283.00000

   Energies (kJ/mol)
           Bond            U-B    Proper Dih.  Improper Dih.          LJ-14
    4.95229e+03    1.02326e+05    1.20361e+05    1.72374e+03    1.99162e+04
     Coulomb-14        LJ (SR)   Coulomb (SR)      Potential Pressure (bar)
   -1.61692e+05   -4.34676e+04    9.15552e+04    1.35675e+05    3.57605e+03

           Step           Time
            284      284.00000

   Energies (kJ/mol)
           Bond            U-B    Proper Dih.  Improper Dih.          LJ-14
    5.92486e+03    1.01353e+05    1.20250e+05    1.72032e+03    1.97842e+04
     Coulomb-14        LJ (SR)   Coulomb (SR)      Potential Pressure (bar)
   -1.61675e+05   -4.36581e+04    9.14361e+04    1.35136e+05    3.52402e+03

           Step           Time
            285      285.00000

   Energies (kJ/mol)
           Bond            U-B    Proper Dih.  Improper Dih.          LJ-14
    5.02225e+03    1.01075e+05    1.20223e+05    1.71286e+03    1.97671e+04
     Coulomb-14        LJ (SR)   Coulomb (SR)      Potential Pressure (bar)
   -1.61672e+05   -4.37390e+04    9.14204e+04    1.33809e+05    3.53537e+03

           Step           Time
            286      286.00000

           Step           Time
            287      287.00000

   Energies (kJ/mol)
           Bond            U-B    Proper Dih.  Improper Dih.          LJ-14
    5.05532e+03    1.00783e+05    1.20194e+05    1.71393e+03    1.97322e+04
     Coulomb-14        LJ (SR)   Coulomb (SR)      Potential Pressure (bar)
   -1.61667e+05   -4.37866e+04    9.13865e+04    1.33412e+05    3.50730e+03

           Step           Time
            288      288.00000

   Energies (kJ/mol)
           Bond            U-B    Proper Dih.  Improper Dih.          LJ-14
    5.16609e+03    1.00510e+05    1.20183e+05    1.70909e+03    1.96972e+04
     Coulomb-14        LJ (SR)   Coulomb (SR)      Potential Pressure (bar)
   -1.61662e+05   -4.38673e+04    9.13607e+04    1.33097e+05    3.51070e+03

           Step           Time
            289      289.00000

   Energies (kJ/mol)
           Bond            U-B    Proper Dih.  Improper Dih.          LJ-14
    5.24168e+03    1.00231e+05    1.20149e+05    1.71071e+03    1.96630e+04
     Coulomb-14        LJ (SR)   Coulomb (SR)      Potential Pressure (bar)
   -1.61657e+05   -4.39066e+04    9.13251e+04    1.32756e+05    3.48303e+03

           Step           Time
            290      290.00000

   Energies (kJ/mol)
           Bond            U-B    Proper Dih.  Improper Dih.          LJ-14
    5.50183e+03    9.99812e+04    1.20129e+05    1.70349e+03    1.96288e+04
     Coulomb-14        LJ (SR)   Coulomb (SR)      Potential Pressure (bar)
   -1.61655e+05   -4.39939e+04    9.13013e+04    1.32597e+05    3.48942e+03

           Step           Time
            291      291.00000

   Energies (kJ/mol)
           Bond            U-B    Proper Dih.  Improper Dih.          LJ-14
    5.64496e+03    9.97177e+04    1.20078e+05    1.70729e+03    1.95940e+04
     Coulomb-14        LJ (SR)   Coulomb (SR)      Potential Pressure (bar)
   -1.61648e+05   -4.40196e+04    9.12657e+04    1.32340e+05    3.45636e+03

           Step           Time
            292      292.00000

           Step           Time
            293      293.00000

   Energies (kJ/mol)
           Bond            U-B    Proper Dih.  Improper Dih.          LJ-14
    4.81076e+03    9.94879e+04    1.20021e+05    1.70103e+03    1.95760e+04
     Coulomb-14        LJ (SR)   Coulomb (SR)      Potential Pressure (bar)
   -1.61647e+05   -4.40813e+04    9.12471e+04    1.31116e+05    3.47074e+03

           Step           Time
            294      294.00000

   Energies (kJ/mol)
           Bond            U-B    Proper Dih.  Improper Dih.          LJ-14
    5.98881e+03    9.84943e+04    1.19884e+05    1.69779e+03    1.94310e+04
     Coulomb-14        LJ (SR)   Coulomb (SR)      Potential Pressure (bar)
   -1.61630e+05   -4.42836e+04    9.11209e+04    1.30704e+05    3.40324e+03

           Step           Time
            295      295.00000

   Energies (kJ/mol)
           Bond            U-B    Proper Dih.  Improper Dih.          LJ-14
    4.88717e+03    9.81995e+04    1.19874e+05    1.68872e+03    1.94168e+04
     Coulomb-14        LJ (SR)   Coulomb (SR)      Potential Pressure (bar)
   -1.61625e+05   -4.43685e+04    9.11000e+04    1.29173e+05    3.42292e+03

           Step           Time
            296      296.00000

           Step           Time
            297      297.00000

   Energies (kJ/mol)
           Bond            U-B    Proper Dih.  Improper Dih.          LJ-14
    4.95809e+03    9.79274e+04    1.19848e+05    1.68843e+03    1.93806e+04
     Coulomb-14        LJ (SR)   Coulomb (SR)      Potential Pressure (bar)
   -1.61622e+05   -4.44136e+04    9.10687e+04    1.28836e+05    3.39457e+03

           Step           Time
            298      298.00000

   Energies (kJ/mol)
           Bond            U-B    Proper Dih.  Improper Dih.          LJ-14
    5.05051e+03    9.76848e+04    1.19813e+05    1.68315e+03    1.93505e+04
     Coulomb-14        LJ (SR)   Coulomb (SR)      Potential Pressure (bar)
   -1.61616e+05   -4.44901e+04    9.10406e+04    1.28517e+05    3.41026e+03

           Step           Time
            299      299.00000

   Energies (kJ/mol)
           Bond            U-B    Proper Dih.  Improper Dih.          LJ-14
    5.18061e+03    9.74241e+04    1.19767e+05    1.68510e+03    1.93152e+04
     Coulomb-14        LJ (SR)   Coulomb (SR)      Potential Pressure (bar)
   -1.61611e+05   -4.45257e+04    9.10116e+04    1.28247e+05    3.36668e+03

           Step           Time
            300      300.00000

   Energies (kJ/mol)
           Bond            U-B    Proper Dih.  Improper Dih.          LJ-14
    5.42541e+03    9.72001e+04    1.19739e+05    1.67796e+03    1.92858e+04
     Coulomb-14        LJ (SR)   Coulomb (SR)      Potential Pressure (bar)
   -1.61606e+05   -4.46099e+04    9.09815e+04    1.28095e+05    3.38092e+03

           Step           Time
            301      301.00000

   Energies (kJ/mol)
           Bond            U-B    Proper Dih.  Improper Dih.          LJ-14
    5.66038e+03    9.69637e+04    1.19693e+05    1.68135e+03    1.92508e+04
     Coulomb-14        LJ (SR)   Coulomb (SR)      Potential Pressure (bar)
   -1.61601e+05   -4.46293e+04    9.09553e+04    1.27975e+05    3.33727e+03

           Step           Time
            302      302.00000

           Step           Time
            303      303.00000

   Energies (kJ/mol)
           Bond            U-B    Proper Dih.  Improper Dih.          LJ-14
    4.66616e+03    9.67239e+04    1.19643e+05    1.67526e+03    1.92351e+04
     Coulomb-14        LJ (SR)   Coulomb (SR)      Potential Pressure (bar)
   -1.61597e+05   -4.46928e+04    9.09314e+04    1.26585e+05    3.35429e+03

           Step           Time
            304      304.00000

   Energies (kJ/mol)
           Bond            U-B    Proper Dih.  Improper Dih.          LJ-14
    6.03647e+03    9.56829e+04    1.19473e+05    1.66980e+03    1.90862e+04
     Coulomb-14        LJ (SR)   Coulomb (SR)      Potential Pressure (bar)
   -1.61571e+05   -4.49079e+04    9.08009e+04    1.26270e+05    3.27868e+03

           Step           Time
            305      305.00000

   Energies (kJ/mol)
           Bond            U-B    Proper Dih.  Improper Dih.          LJ-14
    4.75675e+03    9.53814e+04    1.19460e+05    1.66147e+03    1.90698e+04
     Coulomb-14        LJ (SR)   Coulomb (SR)      Potential Pressure (bar)
   -1.61569e+05   -4.49957e+04    9.07701e+04    1.24535e+05    3.30967e+03

           Step           Time
            306      306.00000

           Step           Time
            307      307.00000

   Energies (kJ/mol)
           Bond            U-B    Proper Dih.  Improper Dih.          LJ-14
    4.86413e+03    9.51123e+04    1.19448e+05    1.66168e+03    1.90354e+04
     Coulomb-14        LJ (SR)   Coulomb (SR)      Potential Pressure (bar)
   -1.61564e+05   -4.50382e+04    9.07387e+04    1.24258e+05    3.27120e+03

           Step           Time
            308      308.00000

   Energies (kJ/mol)
           Bond            U-B    Proper Dih.  Improper Dih.          LJ-14
    4.93586e+03    9.48995e+04    1.19395e+05    1.65730e+03    1.90083e+04
     Coulomb-14        LJ (SR)   Coulomb (SR)      Potential Pressure (bar)
   -1.61558e+05   -4.51097e+04    9.07084e+04    1.23936e+05    3.29066e+03

           Step           Time
            309      309.00000

   Energies (kJ/mol)
           Bond            U-B    Proper Dih.  Improper Dih.          LJ-14
    5.12587e+03    9.46442e+04    1.19361e+05    1.65880e+03    1.89753e+04
     Coulomb-14        LJ (SR)   Coulomb (SR)      Potential Pressure (bar)
   -1.61552e+05   -4.51405e+04    9.06802e+04    1.23753e+05    3.24863e+03

           Step           Time
            310      310.00000

   Energies (kJ/mol)
           Bond            U-B    Proper Dih.  Improper Dih.          LJ-14
    5.35077e+03    9.44399e+04    1.19332e+05    1.65266e+03    1.89479e+04
     Coulomb-14        LJ (SR)   Coulomb (SR)      Potential Pressure (bar)
   -1.61547e+05   -4.52214e+04    9.06472e+04    1.23602e+05    3.27116e+03

           Step           Time
            311      311.00000

           Step           Time
            312      312.00000

   Energies (kJ/mol)
           Bond            U-B    Proper Dih.  Improper Dih.          LJ-14
    4.53207e+03    9.42119e+04    1.19274e+05    1.65295e+03    1.89304e+04
     Coulomb-14        LJ (SR)   Coulomb (SR)      Potential Pressure (bar)
   -1.61543e+05   -4.52413e+04    9.06274e+04    1.22445e+05    3.26015e+03

           Step           Time
            313      313.00000

   Energies (kJ/mol)
           Bond            U-B    Proper Dih.  Improper Dih.          LJ-14
    5.87818e+03    9.28756e+04    1.19142e+05    1.63663e+03    1.87409e+04
     Coulomb-14        LJ (SR)   Coulomb (SR)      Potential Pressure (bar)
   -1.61514e+05   -4.55828e+04    9.04441e+04    1.21621e+05    3.19545e+03

           Step           Time
            314      314.00000

   Energies (kJ/mol)
           Bond            U-B    Proper Dih.  Improper Dih.          LJ-14
    4.57557e+03    9.25287e+04    1.19157e+05    1.63800e+03    1.87297e+04
     Coulomb-14        LJ (SR)   Coulomb (SR)      Potential Pressure (bar)
   -1.61504e+05   -4.56013e+04    9.04223e+04    1.19945e+05    3.16817e+03

           Step           Time
            315      315.00000

           Step           Time
            316      316.00000

   Energies (kJ/mol)
           Bond            U-B    Proper Dih.  Improper Dih.          LJ-14
    4.78156e+03    9.22808e+04    1.18992e+05    1.63077e+03    1.86930e+04
     Coulomb-14        LJ (SR)   Coulomb (SR)      Potential Pressure (bar)
   -1.61497e+05   -4.56810e+04    9.03827e+04    1.19583e+05    3.18146e+03

           Step           Time
            317      317.00000

   Energies (kJ/mol)
           Bond            U-B    Proper Dih.  Improper Dih.          LJ-14
    4.67061e+03    9.20537e+04    1.18942e+05    1.63190e+03    1.86716e+04
     Coulomb-14        LJ (SR)   Coulomb (SR)      Potential Pressure (bar)
   -1.61489e+05   -4.57103e+04    9.03531e+04    1.19123e+05    3.15122e+03

           Step           Time
            318      318.00000

   Energies (kJ/mol)
           Bond            U-B    Proper Dih.  Improper Dih.          LJ-14
    5.06690e+03    9.18326e+04    1.18913e+05    1.62447e+03    1.86354e+04
     Coulomb-14        LJ (SR)   Coulomb (SR)      Potential Pressure (bar)
   -1.61485e+05   -4.57893e+04    9.03224e+04    1.19121e+05    3.15967e+03

           Step           Time
            319      319.00000

   Energies (kJ/mol)
           Bond            U-B    Proper Dih.  Improper Dih.          LJ-14
    4.96163e+03    9.16004e+04    1.18867e+05    1.62745e+03    1.86161e+04
     Coulomb-14        LJ (SR)   Coulomb (SR)      Potential Pressure (bar)
   -1.61475e+05   -4.58105e+04    9.02913e+04    1.18679e+05    3.12106e+03

           Step           Time
            320      320.00000

           Step           Time
            321      321.00000

   Energies (kJ/mol)
           Bond            U-B    Proper Dih.  Improper Dih.          LJ-14
    4.42610e+03    9.14187e+04    1.18830e+05    1.62196e+03    1.85972e+04
     Coulomb-14        LJ (SR)   Coulomb (SR)      Potential Pressure (bar)
   -1.61473e+05   -4.58606e+04    9.02687e+04    1.17829e+05    3.14117e+03

           Step           Time
            322      322.00000

   Energies (kJ/mol)
           Bond            U-B    Proper Dih.  Improper Dih.          LJ-14
    5.22522e+03    9.08937e+04    1.18732e+05    1.62091e+03    1.85304e+04
     Coulomb-14        LJ (SR)   Coulomb (SR)      Potential Pressure (bar)
   -1.61452e+05   -4.59678e+04    9.01897e+04    1.17773e+05    3.08686e+03

           Step           Time
            323      323.00000

   Energies (kJ/mol)
           Bond            U-B    Proper Dih.  Improper Dih.          LJ-14
    4.54091e+03    9.06789e+04    1.18701e+05    1.61355e+03    1.85094e+04
     Coulomb-14        LJ (SR)   Coulomb (SR)      Potential Pressure (bar)
   -1.61451e+05   -4.60321e+04    9.01655e+04    1.16726e+05    3.11573e+03

           Step           Time
            324      324.00000

           Step           Time
            325      325.00000

   Energies (kJ/mol)
           Bond            U-B    Proper Dih.  Improper Dih.          LJ-14
    4.48870e+03    9.04676e+04    1.18667e+05    1.61352e+03    1.84892e+04
     Coulomb-14        LJ (SR)   Coulomb (SR)      Potential Pressure (bar)
   -1.61442e+05   -4.60647e+04    9.01357e+04    1.16354e+05    3.08811e+03

           Step           Time
            326      326.00000

   Energies (kJ/mol)
           Bond            U-B    Proper Dih.  Improper Dih.          LJ-14
    4.70543e+03    9.02504e+04    1.18623e+05    1.60795e+03    1.84551e+04
     Coulomb-14        LJ (SR)   Coulomb (SR)      Potential Pressure (bar)
   -1.61439e+05   -4.61354e+04    9.01047e+04    1.16172e+05    3.10379e+03

           Step           Time
            327      327.00000

   Energies (kJ/mol)
           Bond            U-B    Proper Dih.  Improper Dih.          LJ-14
    4.65271e+03    9.00291e+04    1.18589e+05    1.60964e+03    1.84363e+04
     Coulomb-14        LJ (SR)   Coulomb (SR)      Potential Pressure (bar)
   -1.61430e+05   -4.61641e+04    9.00732e+04    1.15797e+05    3.05914e+03

           Step           Time
            328      328.00000

           Step           Time
            329      329.00000

   Energies (kJ/mol)
           Bond            U-B    Proper Dih.  Improper Dih.          LJ-14
    4.33761e+03    8.98826e+04    1.18558e+05    1.60564e+03    1.84187e+04
     Coulomb-14        LJ (SR)   Coulomb (SR)      Potential Pressure (bar)
   -1.61428e+05   -4.62051e+04    9.00532e+04    1.15222e+05    3.07851e+03

           Step           Time
            330      330.00000

   Energies (kJ/mol)
           Bond            U-B    Proper Dih.  Improper Dih.          LJ-14
    4.80493e+03    8.93280e+04    1.18482e+05    1.60512e+03    1.83558e+04
     Coulomb-14        LJ (SR)   Coulomb (SR)      Potential Pressure (bar)
   -1.61406e+05   -4.63225e+04    8.99704e+04    1.14818e+05    3.03216e+03

           Step           Time
            331      331.00000

   Energies (kJ/mol)
           Bond            U-B    Proper Dih.  Improper Dih.          LJ-14
    4.39449e+03    8.91692e+04    1.18427e+05    1.59914e+03    1.83337e+04
     Coulomb-14        LJ (SR)   Coulomb (SR)      Potential Pressure (bar)
   -1.61407e+05   -4.63735e+04    8.99492e+04    1.14092e+05    3.05194e+03

           Step           Time
            332      332.00000

           Step           Time
            333      333.00000

   Energies (kJ/mol)
           Bond            U-B    Proper Dih.  Improper Dih.          LJ-14
    4.36445e+03    8.89727e+04    1.18391e+05    1.59897e+03    1.83164e+04
     Coulomb-14        LJ (SR)   Coulomb (SR)      Potential Pressure (bar)
   -1.61398e+05   -4.64083e+04    8.99195e+04    1.13757e+05    3.03181e+03

           Step           Time
            334      334.00000

   Energies (kJ/mol)
           Bond            U-B    Proper Dih.  Improper Dih.          LJ-14
    4.48897e+03    8.87690e+04    1.18361e+05    1.59399e+03    1.82845e+04
     Coulomb-14        LJ (SR)   Coulomb (SR)      Potential Pressure (bar)
   -1.61394e+05   -4.64734e+04    8.98897e+04    1.13520e+05    3.03376e+03

           Step           Time
            335      335.00000

   Energies (kJ/mol)
           Bond            U-B    Proper Dih.  Improper Dih.          LJ-14
    4.45891e+03    8.85702e+04    1.18314e+05    1.59514e+03    1.82698e+04
     Coulomb-14        LJ (SR)   Coulomb (SR)      Potential Pressure (bar)
   -1.61382e+05   -4.65061e+04    8.98584e+04    1.13177e+05    3.00302e+03

           Step           Time
            336      336.00000

   Energies (kJ/mol)
           Bond            U-B    Proper Dih.  Improper Dih.          LJ-14
    4.69857e+03    8.84041e+04    1.18275e+05    1.58919e+03    1.82376e+04
     Coulomb-14        LJ (SR)   Coulomb (SR)      Potential Pressure (bar)
   -1.61380e+05   -4.65716e+04    8.98322e+04    1.13085e+05    3.02060e+03

           Step           Time
            337      337.00000

   Energies (kJ/mol)
           Bond            U-B    Proper Dih.  Improper Dih.          LJ-14
    4.67895e+03    8.82036e+04    1.18228e+05    1.59243e+03    1.82249e+04
     Coulomb-14        LJ (SR)   Coulomb (SR)      Potential Pressure (bar)
   -1.61367e+05   -4.65991e+04    8.98005e+04    1.12762e+05    2.98118e+03

           Step           Time
            338      338.00000

           Step           Time
            339      339.00000

   Energies (kJ/mol)
           Bond            U-B    Proper Dih.  Improper Dih.          LJ-14
    4.25883e+03    8.80715e+04    1.18177e+05    1.58763e+03    1.82077e+04
     Coulomb-14        LJ (SR)   Coulomb (SR)      Potential Pressure (bar)
   -1.61367e+05   -4.66382e+04    8.97797e+04    1.12077e+05    2.99815e+03

           Step           Time
            340      340.00000

   Energies (kJ/mol)
           Bond            U-B    Proper Dih.  Improper Dih.          LJ-14
    4.87706e+03    8.75768e+04    1.18053e+05    1.58649e+03    1.81474e+04
     Coulomb-14        LJ (SR)   Coulomb (SR)      Potential Pressure (bar)
   -1.61339e+05   -4.67597e+04    8.96921e+04    1.11833e+05    2.95112e+03

           Step           Time
            341      341.00000

   Energies (kJ/mol)
           Bond            U-B    Proper Dih.  Improper Dih.          LJ-14
    4.33079e+03    8.74187e+04    1.18022e+05    1.57999e+03    1.81258e+04
     Coulomb-14        LJ (SR)   Coulomb (SR)      Potential Pressure (bar)
   -1.61343e+05   -4.68104e+04    8.96739e+04    1.10998e+05    2.97469e+03

           Step           Time
            342      342.00000

           Step           Time
            343      343.00000

   Energies (kJ/mol)
           Bond            U-B    Proper Dih.  Improper Dih.          LJ-14
    4.31811e+03    8.72417e+04    1.17991e+05    1.58000e+03    1.81096e+04
     Coulomb-14        LJ (SR)   Coulomb (SR)      Potential Pressure (bar)
   -1.61334e+05   -4.68445e+04    8.96450e+04    1.10706e+05    2.95060e+03

           Step           Time
            344      344.00000

   Energies (kJ/mol)
           Bond            U-B    Proper Dih.  Improper Dih.          LJ-14
    4.44604e+03    8.70810e+04    1.17949e+05    1.57482e+03    1.80801e+04
     Coulomb-14        LJ (SR)   Coulomb (SR)      Potential Pressure (bar)
   -1.61332e+05   -4.69043e+04    8.96193e+04    1.10514e+05    2.95986e+03

           Step           Time
            345      345.00000

   Energies (kJ/mol)
           Bond            U-B    Proper Dih.  Improper Dih.          LJ-14
    4.43958e+03    8.68988e+04    1.17901e+05    1.57640e+03    1.80656e+04
     Coulomb-14        LJ (SR)   Coulomb (SR)      Potential Pressure (bar)
   -1.61321e+05   -4.69359e+04    8.95895e+04    1.10213e+05    2.93320e+03

           Step           Time
            346      346.00000

   Energies (kJ/mol)
           Bond            U-B    Proper Dih.  Improper Dih.          LJ-14
    4.68514e+03    8.67616e+04    1.17858e+05    1.57066e+03    1.80353e+04
     Coulomb-14        LJ (SR)   Coulomb (SR)      Potential Pressure (bar)
   -1.61320e+05   -4.69967e+04    8.95650e+04    1.10159e+05    2.94234e+03

           Step           Time
            347      347.00000

   Energies (kJ/mol)
           Bond            U-B    Proper Dih.  Improper Dih.          LJ-14
    4.71510e+03    8.65762e+04    1.17815e+05    1.57411e+03    1.80216e+04
     Coulomb-14        LJ (SR)   Coulomb (SR)      Potential Pressure (bar)
   -1.61309e+05   -4.70233e+04    8.95363e+04    1.09906e+05    2.90986e+03

           Step           Time
            348      348.00000

           Step           Time
            349      349.00000

   Energies (kJ/mol)
           Bond            U-B    Proper Dih.  Improper Dih.          LJ-14
    4.18369e+03    8.64391e+04    1.17765e+05    1.56912e+03    1.80049e+04
     Coulomb-14        LJ (SR)   Coulomb (SR)      Potential Pressure (bar)
   -1.61309e+05   -4.70621e+04    8.95152e+04    1.09106e+05    2.91579e+03

           Step           Time
            350      350.00000

   Energies (kJ/mol)
           Bond            U-B    Proper Dih.  Improper Dih.          LJ-14
    4.92657e+03    8.59253e+04    1.17626e+05    1.56878e+03    1.79334e+04
     Coulomb-14        LJ (SR)   Coulomb (SR)      Potential Pressure (bar)
   -1.61285e+05   -4.71925e+04    8.94193e+04    1.08922e+05    2.88035e+03

           Step           Time
            351      351.00000

   Energies (kJ/mol)
           Bond            U-B    Proper Dih.  Improper Dih.          LJ-14
    4.25751e+03    8.57518e+04    1.17592e+05    1.56201e+03    1.79153e+04
     Coulomb-14        LJ (SR)   Coulomb (SR)      Potential Pressure (bar)
   -1.61285e+05   -4.72437e+04    8.94025e+04    1.07952e+05    2.90162e+03

           Step           Time
            352      352.00000

           Step           Time
            353      353.00000

   Energies (kJ/mol)
           Bond            U-B    Proper Dih.  Improper Dih.          LJ-14
    4.26848e+03    8.55718e+04    1.17557e+05    1.56316e+03    1.78955e+04
     Coulomb-14        LJ (SR)   Coulomb (SR)      Potential Pressure (bar)
   -1.61278e+05   -4.72789e+04    8.93759e+04    1.07675e+05    2.87194e+03

           Step           Time
            354      354.00000

   Energies (kJ/mol)
           Bond            U-B    Proper Dih.  Improper Dih.          LJ-14
    4.38193e+03    8.54208e+04    1.17510e+05    1.55780e+03    1.78704e+04
     Coulomb-14        LJ (SR)   Coulomb (SR)      Potential Pressure (bar)
   -1.61274e+05   -4.73351e+04    8.93497e+04    1.07482e+05    2.87957e+03

           Step           Time
            355      355.00000

   Energies (kJ/mol)
           Bond            U-B    Proper Dih.  Improper Dih.          LJ-14
    4.41932e+03    8.52376e+04    1.17467e+05    1.56006e+03    1.78524e+04
     Coulomb-14        LJ (SR)   Coulomb (SR)      Potential Pressure (bar)
   -1.61265e+05   -4.73661e+04    8.93229e+04    1.07229e+05    2.84937e+03

           Step           Time
            356      356.00000

   Energies (kJ/mol)
           Bond            U-B    Proper Dih.  Improper Dih.          LJ-14
    4.65632e+03    8.51070e+04    1.17422e+05    1.55335e+03    1.78265e+04
     Coulomb-14        LJ (SR)   Coulomb (SR)      Potential Pressure (bar)
   -1.61262e+05   -4.74253e+04    8.92993e+04    1.07177e+05    2.86382e+03

           Step           Time
            357      357.00000

   Energies (kJ/mol)
           Bond            U-B    Proper Dih.  Improper Dih.          LJ-14
    4.74981e+03    8.49287e+04    1.17376e+05    1.55764e+03    1.78101e+04
     Coulomb-14        LJ (SR)   Coulomb (SR)      Potential Pressure (bar)
   -1.61251e+05   -4.74493e+04    8.92715e+04    1.06994e+05    2.83504e+03

           Step           Time
            358      358.00000

           Step           Time
            359      359.00000

   Energies (kJ/mol)
           Bond            U-B    Proper Dih.  Improper Dih.          LJ-14
    4.10289e+03    8.47814e+04    1.17324e+05    1.55183e+03    1.77952e+04
     Coulomb-14        LJ (SR)   Coulomb (SR)      Potential Pressure (bar)
   -1.61251e+05   -4.74887e+04    8.92502e+04    1.06066e+05    2.84273e+03

           Step           Time
            360      360.00000

   Energies (kJ/mol)
           Bond            U-B    Proper Dih.  Improper Dih.          LJ-14
    4.99744e+03    8.42146e+04    1.17154e+05    1.55320e+03    1.77142e+04
     Coulomb-14        LJ (SR)   Coulomb (SR)      Potential Pressure (bar)
   -1.61223e+05   -4.76325e+04    8.91486e+04    1.05927e+05    2.80172e+03

           Step           Time
            361      361.00000

   Energies (kJ/mol)
           Bond            U-B    Proper Dih.  Improper Dih.          LJ-14
    4.18378e+03    8.40231e+04    1.17127e+05    1.54465e+03    1.76962e+04
     Coulomb-14        LJ (SR)   Coulomb (SR)      Potential Pressure (bar)
   -1.61224e+05   -4.76830e+04    8.91295e+04    1.04797e+05    2.82036e+03

           Step           Time
            362      362.00000

           Step           Time
            363      363.00000

   Energies (kJ/mol)
           Bond            U-B    Proper Dih.  Improper Dih.          LJ-14
    4.22425e+03    8.38350e+04    1.17094e+05    1.54469e+03    1.76762e+04
     Coulomb-14        LJ (SR)   Coulomb (SR)      Potential Pressure (bar)
   -1.61215e+05   -4.77166e+04    8.91026e+04    1.04545e+05    2.79729e+03

           Step           Time
            364      364.00000

   Energies (kJ/mol)
           Bond            U-B    Proper Dih.  Improper Dih.          LJ-14
    4.32098e+03    8.36927e+04    1.17040e+05    1.53908e+03    1.76509e+04
     Coulomb-14        LJ (SR)   Coulomb (SR)      Potential Pressure (bar)
   -1.61212e+05   -4.77685e+04    8.90763e+04    1.04340e+05    2.79784e+03

           Step           Time
            365      365.00000

   Energies (kJ/mol)
           Bond            U-B    Proper Dih.  Improper Dih.          LJ-14
    4.40614e+03    8.34982e+04    1.17001e+05    1.54125e+03    1.76328e+04
     Coulomb-14        LJ (SR)   Coulomb (SR)      Potential Pressure (bar)
   -1.61201e+05   -4.77967e+04    8.90529e+04    1.04135e+05    2.77939e+03

           Step           Time
            366      366.00000

   Energies (kJ/mol)
           Bond            U-B    Proper Dih.  Improper Dih.          LJ-14
    4.62955e+03    8.33741e+04    1.16958e+05    1.53394e+03    1.76049e+04
     Coulomb-14        LJ (SR)   Coulomb (SR)      Potential Pressure (bar)
   -1.61202e+05   -4.78518e+04    8.90272e+04    1.04074e+05    2.78362e+03

           Step           Time
            367      367.00000

   Energies (kJ/mol)
           Bond            U-B    Proper Dih.  Improper Dih.          LJ-14
    4.80181e+03    8.31888e+04    1.16916e+05    1.53843e+03    1.75904e+04
     Coulomb-14        LJ (SR)   Coulomb (SR)      Potential Pressure (bar)
   -1.61186e+05   -4.78715e+04    8.90039e+04    1.03982e+05    2.75590e+03

           Step           Time
            368      368.00000

           Step           Time
            369      369.00000

   Energies (kJ/mol)
           Bond            U-B    Proper Dih.  Improper Dih.          LJ-14
    4.02107e+03    8.30282e+04    1.16866e+05    1.53276e+03    1.75744e+04
     Coulomb-14        LJ (SR)   Coulomb (SR)      Potential Pressure (bar)
   -1.61188e+05   -4.79104e+04    8.89796e+04    1.02903e+05    2.76586e+03

           Step           Time
            370      370.00000

   Energies (kJ/mol)
           Bond            U-B    Proper Dih.  Improper Dih.          LJ-14
    5.08809e+03    8.23830e+04    1.16674e+05    1.53553e+03    1.74800e+04
     Coulomb-14        LJ (SR)   Coulomb (SR)      Potential Pressure (bar)
   -1.61157e+05   -4.80609e+04    8.88715e+04    1.02814e+05    2.71033e+03

           Step           Time
            371      371.00000

   Energies (kJ/mol)
           Bond            U-B    Proper Dih.  Improper Dih.          LJ-14
    4.11014e+03    8.21793e+04    1.16645e+05    1.52622e+03    1.74661e+04
     Coulomb-14        LJ (SR)   Coulomb (SR)      Potential Pressure (bar)
   -1.61159e+05   -4.81125e+04    8.88453e+04    1.01501e+05    2.73055e+03

           Step           Time
            372      372.00000

           Step           Time
            373      373.00000

   Energies (kJ/mol)
           Bond            U-B    Proper Dih.  Improper Dih.          LJ-14
    4.18890e+03    8.20046e+04    1.16615e+05    1.52628e+03    1.74450e+04
     Coulomb-14        LJ (SR)   Coulomb (SR)      Potential Pressure (bar)
   -1.61150e+05   -4.81435e+04    8.88166e+04    1.01304e+05    2.71311e+03

           Step           Time
            374      374.00000

   Energies (kJ/mol)
           Bond            U-B    Proper Dih.  Improper Dih.          LJ-14
    4.25965e+03    8.18821e+04    1.16550e+05    1.52077e+03    1.74251e+04
     Coulomb-14        LJ (SR)   Coulomb (SR)      Potential Pressure (bar)
   -1.61147e+05   -4.81910e+04    8.87943e+04    1.01094e+05    2.71145e+03

           Step           Time
            375      375.00000

   Energies (kJ/mol)
           Bond            U-B    Proper Dih.  Improper Dih.          LJ-14
    4.40279e+03    8.17141e+04    1.16513e+05    1.52204e+03    1.74051e+04
     Coulomb-14        LJ (SR)   Coulomb (SR)      Potential Pressure (bar)
   -1.61136e+05   -4.82163e+04    8.87692e+04    1.00974e+05    2.68934e+03

           Step           Time
            376      376.00000

   Energies (kJ/mol)
           Bond            U-B    Proper Dih.  Improper Dih.          LJ-14
    4.59789e+03    8.16034e+04    1.16468e+05    1.51549e+03    1.73844e+04
     Coulomb-14        LJ (SR)   Coulomb (SR)      Potential Pressure (bar)
   -1.61135e+05   -4.82682e+04    8.87465e+04    1.00912e+05    2.69868e+03

           Step           Time
            377      377.00000

           Step           Time
            378      378.00000

   Energies (kJ/mol)
           Bond            U-B    Proper Dih.  Improper Dih.          LJ-14
    3.94611e+03    8.14378e+04    1.16421e+05    1.51664e+03    1.73740e+04
     Coulomb-14        LJ (SR)   Coulomb (SR)      Potential Pressure (bar)
   -1.61128e+05   -4.82837e+04    8.87251e+04    1.00009e+05    2.68141e+03

           Step           Time
            379      379.00000

   Energies (kJ/mol)
           Bond            U-B    Proper Dih.  Improper Dih.          LJ-14
    5.13749e+03    8.05945e+04    1.16147e+05    1.50580e+03    1.72348e+04
     Coulomb-14        LJ (SR)   Coulomb (SR)      Potential Pressure (bar)
   -1.61095e+05   -4.85265e+04    8.85610e+04    9.95592e+04    2.65341e+03

           Step           Time
            380      380.00000

   Energies (kJ/mol)
           Bond            U-B    Proper Dih.  Improper Dih.          LJ-14
    3.98198e+03    8.03145e+04    1.16180e+05    1.50764e+03    1.72296e+04
     Coulomb-14        LJ (SR)   Coulomb (SR)      Potential Pressure (bar)
   -1.61082e+05   -4.85455e+04    8.85383e+04    9.81244e+04    2.63592e+03

           Step           Time
            381      381.00000

           Step           Time
            382      382.00000

   Energies (kJ/mol)
           Bond            U-B    Proper Dih.  Improper Dih.          LJ-14
    4.18204e+03    8.01604e+04    1.16085e+05    1.50205e+03    1.72001e+04
     Coulomb-14        LJ (SR)   Coulomb (SR)      Potential Pressure (bar)
   -1.61081e+05   -4.86017e+04    8.85177e+04    9.79644e+04    2.62692e+03

           Step           Time
            383      383.00000

   Energies (kJ/mol)
           Bond            U-B    Proper Dih.  Improper Dih.          LJ-14
    4.08780e+03    8.00034e+04    1.16009e+05    1.50326e+03    1.71878e+04
     Coulomb-14        LJ (SR)   Coulomb (SR)      Potential Pressure (bar)
   -1.61069e+05   -4.86254e+04    8.84930e+04    9.75895e+04    2.61078e+03

           Step           Time
            384      384.00000

           Step           Time
            385      385.00000

   Energies (kJ/mol)
           Bond            U-B    Proper Dih.  Improper Dih.          LJ-14
    3.88982e+03    7.98979e+04    1.15980e+05    1.50028e+03    1.71728e+04
     Coulomb-14        LJ (SR)   Coulomb (SR)      Potential Pressure (bar)
   -1.61069e+05   -4.86545e+04    8.84736e+04    9.71903e+04    2.62172e+03

           Step           Time
            386      386.00000

   Energies (kJ/mol)
           Bond            U-B    Proper Dih.  Improper Dih.          LJ-14
    4.19894e+03    7.95774e+04    1.15892e+05    1.50018e+03    1.71355e+04
     Coulomb-14        LJ (SR)   Coulomb (SR)      Potential Pressure (bar)
   -1.61049e+05   -4.87282e+04    8.84239e+04    9.69503e+04    2.58655e+03

           Step           Time
            387      387.00000

   Energies (kJ/mol)
           Bond            U-B    Proper Dih.  Improper Dih.          LJ-14
    3.94570e+03    7.94590e+04    1.15861e+05    1.49599e+03    1.71157e+04
     Coulomb-14        LJ (SR)   Coulomb (SR)      Potential Pressure (bar)
   -1.61054e+05   -4.87653e+04    8.84019e+04    9.64598e+04    2.61045e+03

           Step           Time
            388      388.00000

           Step           Time
            389      389.00000

   Energies (kJ/mol)
           Bond            U-B    Proper Dih.  Improper Dih.          LJ-14
    3.89119e+03    7.93230e+04    1.15830e+05    1.49593e+03    1.71058e+04
     Coulomb-14        LJ (SR)   Coulomb (SR)      Potential Pressure (bar)
   -1.61042e+05   -4.87896e+04    8.83806e+04    9.61940e+04    2.57863e+03

           Step           Time
            390      390.00000

   Energies (kJ/mol)
           Bond            U-B    Proper Dih.  Improper Dih.          LJ-14
    4.03283e+03    7.91595e+04    1.15781e+05    1.49288e+03    1.70764e+04
     Coulomb-14        LJ (SR)   Coulomb (SR)      Potential Pressure (bar)
   -1.61041e+05   -4.88445e+04    8.83494e+04    9.60069e+04    2.59903e+03

           Step           Time
            391      391.00000

   Energies (kJ/mol)
           Bond            U-B    Proper Dih.  Improper Dih.          LJ-14
    3.95769e+03    7.90119e+04    1.15749e+05    1.49402e+03    1.70687e+04
     Coulomb-14        LJ (SR)   Coulomb (SR)      Potential Pressure (bar)
   -1.61026e+05   -4.88678e+04    8.83273e+04    9.57141e+04    2.56576e+03

           Step           Time
            392      392.00000

   Energies (kJ/mol)
           Bond            U-B    Proper Dih.  Improper Dih.          LJ-14
    4.22030e+03    7.88842e+04    1.15715e+05    1.49042e+03    1.70379e+04
     Coulomb-14        LJ (SR)   Coulomb (SR)      Potential Pressure (bar)
   -1.61031e+05   -4.89208e+04    8.83024e+04    9.56987e+04    2.58775e+03

           Step           Time
            393      393.00000

   Energies (kJ/mol)
           Bond            U-B    Proper Dih.  Improper Dih.          LJ-14
    4.12596e+03    7.87313e+04    1.15670e+05    1.49254e+03    1.70337e+04
     Coulomb-14        LJ (SR)   Coulomb (SR)      Potential Pressure (bar)
   -1.61011e+05   -4.89423e+04    8.82777e+04    9.53778e+04    2.54785e+03

           Step           Time
            394      394.00000

           Step           Time
            395      395.00000

   Energies (kJ/mol)
           Bond            U-B    Proper Dih.  Improper Dih.          LJ-14
    3.83645e+03    7.86275e+04    1.15638e+05    1.48930e+03    1.70165e+04
     Coulomb-14        LJ (SR)   Coulomb (SR)      Potential Pressure (bar)
   -1.61015e+05   -4.89718e+04    8.82558e+04    9.48760e+04    2.56475e+03

           Step           Time
            396      396.00000

   Energies (kJ/mol)
           Bond            U-B    Proper Dih.  Improper Dih.          LJ-14
    4.27825e+03    7.83244e+04    1.15552e+05    1.48906e+03    1.69827e+04
     Coulomb-14        LJ (SR)   Coulomb (SR)      Potential Pressure (bar)
   -1.60989e+05   -4.90485e+04    8.82032e+04    9.47919e+04    2.52533e+03

           Step           Time
            397      397.00000

   Energies (kJ/mol)
           Bond            U-B    Proper Dih.  Improper Dih.          LJ-14
    3.91414e+03    7.82038e+04    1.15522e+05    1.48419e+03    1.69611e+04
     Coulomb-14        LJ (SR)   Coulomb (SR)      Potential Pressure (bar)
   -1.60997e+05   -4.90837e+04    8.81769e+04    9.41816e+04    2.54641e+03

           Step           Time
            398      398.00000

           Step           Time
            399      399.00000

   Energies (kJ/mol)
           Bond            U-B    Proper Dih.  Improper Dih.          LJ-14
    3.86042e+03    7.80749e+04    1.15492e+05    1.48444e+03    1.69522e+04
     Coulomb-14        LJ (SR)   Coulomb (SR)      Potential Pressure (bar)
   -1.60985e+05   -4.91087e+04    8.81576e+04    9.39278e+04    2.51570e+03

           Step           Time
            400      400.00000

   Energies (kJ/mol)
           Bond            U-B    Proper Dih.  Improper Dih.          LJ-14
    4.02579e+03    7.79352e+04    1.15459e+05    1.48027e+03    1.69243e+04
     Coulomb-14        LJ (SR)   Coulomb (SR)      Potential Pressure (bar)
   -1.60986e+05   -4.91576e+04    8.81291e+04    9.38105e+04    2.53298e+03

           Step           Time
            401      401.00000

   Energies (kJ/mol)
           Bond            U-B    Proper Dih.  Improper Dih.          LJ-14
    3.96027e+03    7.77971e+04    1.15423e+05    1.48142e+03    1.69183e+04
     Coulomb-14        LJ (SR)   Coulomb (SR)      Potential Pressure (bar)
   -1.60969e+05   -4.91812e+04    8.81063e+04    9.35355e+04    2.49956e+03

           Step           Time
            402      402.00000

           Step           Time
            403      403.00000

   Energies (kJ/mol)
           Bond            U-B    Proper Dih.  Improper Dih.          LJ-14
    3.78776e+03    7.77068e+04    1.15389e+05    1.47862e+03    1.69026e+04
     Coulomb-14        LJ (SR)   Coulomb (SR)      Potential Pressure (bar)
   -1.60972e+05   -4.92070e+04    8.80867e+04    9.31723e+04    2.50557e+03

           Step           Time
            404      404.00000

   Energies (kJ/mol)
           Bond            U-B    Proper Dih.  Improper Dih.          LJ-14
    4.05983e+03    7.74042e+04    1.15321e+05    1.47791e+03    1.68720e+04
     Coulomb-14        LJ (SR)   Coulomb (SR)      Potential Pressure (bar)
   -1.60947e+05   -4.92828e+04    8.80360e+04    9.29407e+04    2.48007e+03

           Step           Time
            405      405.00000

   Energies (kJ/mol)
           Bond            U-B    Proper Dih.  Improper Dih.          LJ-14
    3.83586e+03    7.73028e+04    1.15289e+05    1.47365e+03    1.68512e+04
     Coulomb-14        LJ (SR)   Coulomb (SR)      Potential Pressure (bar)
   -1.60954e+05   -4.93131e+04    8.80117e+04    9.24966e+04    2.49364e+03

           Step           Time
            406      406.00000

           Step           Time
            407      407.00000

   Energies (kJ/mol)
           Bond            U-B    Proper Dih.  Improper Dih.          LJ-14
    3.79466e+03    7.71909e+04    1.15254e+05    1.47426e+03    1.68425e+04
     Coulomb-14        LJ (SR)   Coulomb (SR)      Potential Pressure (bar)
   -1.60943e+05   -4.93382e+04    8.79895e+04    9.22645e+04    2.47204e+03

           Step           Time
            408      408.00000

   Energies (kJ/mol)
           Bond            U-B    Proper Dih.  Improper Dih.          LJ-14
    3.91273e+03    7.70438e+04    1.15229e+05    1.47099e+03    1.68166e+04
     Coulomb-14        LJ (SR)   Coulomb (SR)      Potential Pressure (bar)
   -1.60942e+05   -4.93853e+04    8.79632e+04    9.21088e+04    2.48199e+03

           Step           Time
            409      409.00000

   Energies (kJ/mol)
           Bond            U-B    Proper Dih.  Improper Dih.          LJ-14
    3.85792e+03    7.69287e+04    1.15186e+05    1.47211e+03    1.68100e+04
     Coulomb-14        LJ (SR)   Coulomb (SR)      Potential Pressure (bar)
   -1.60929e+05   -4.94106e+04    8.79393e+04    9.18546e+04    2.45538e+03

           Step           Time
            410      410.00000

   Energies (kJ/mol)
           Bond            U-B    Proper Dih.  Improper Dih.          LJ-14
    4.07617e+03    7.68098e+04    1.15163e+05    1.46744e+03    1.67832e+04
     Coulomb-14        LJ (SR)   Coulomb (SR)      Potential Pressure (bar)
   -1.60931e+05   -4.94554e+04    8.79192e+04    9.18321e+04    2.47544e+03

           Step           Time
            411      411.00000

   Energies (kJ/mol)
           Bond            U-B    Proper Dih.  Improper Dih.          LJ-14
    4.01089e+03    7.66894e+04    1.15119e+05    1.46952e+03    1.67794e+04
     Coulomb-14        LJ (SR)   Coulomb (SR)      Potential Pressure (bar)
   -1.60914e+05   -4.94799e+04    8.78915e+04    9.15658e+04    2.44591e+03

           Step           Time
            412      412.00000

           Step           Time
            413      413.00000

   Energies (kJ/mol)
           Bond            U-B    Proper Dih.  Improper Dih.          LJ-14
    3.74349e+03    7.65955e+04    1.15082e+05    1.46575e+03    1.67643e+04
     Coulomb-14        LJ (SR)   Coulomb (SR)      Potential Pressure (bar)
   -1.60917e+05   -4.95039e+04    8.78720e+04    9.11013e+04    2.45675e+03

           Step           Time
            414      414.00000

   Energies (kJ/mol)
           Bond            U-B    Proper Dih.  Improper Dih.          LJ-14
    4.15603e+03    7.63290e+04    1.15003e+05    1.46590e+03    1.67321e+04
     Coulomb-14        LJ (SR)   Coulomb (SR)      Potential Pressure (bar)
   -1.60894e+05   -4.95841e+04    8.78180e+04    9.10266e+04    2.42511e+03

           Step           Time
            415      415.00000

   Energies (kJ/mol)
           Bond            U-B    Proper Dih.  Improper Dih.          LJ-14
    3.81245e+03    7.62182e+04    1.14975e+05    1.46042e+03    1.67142e+04
     Coulomb-14        LJ (SR)   Coulomb (SR)      Potential Pressure (bar)
   -1.60900e+05   -4.96124e+04    8.77968e+04    9.04652e+04    2.43731e+03

           Step           Time
            416      416.00000

           Step           Time
            417      417.00000

   Energies (kJ/mol)
           Bond            U-B    Proper Dih.  Improper Dih.          LJ-14
    3.77277e+03    7.61124e+04    1.14948e+05    1.46116e+03    1.67059e+04
     Coulomb-14        LJ (SR)   Coulomb (SR)      Potential Pressure (bar)
   -1.60889e+05   -4.96379e+04    8.77725e+04    9.02466e+04    2.42184e+03

           Step           Time
            418      418.00000

   Energies (kJ/mol)
           Bond            U-B    Proper Dih.  Improper Dih.          LJ-14
    3.91688e+03    7.59941e+04    1.14913e+05    1.45730e+03    1.66825e+04
     Coulomb-14        LJ (SR)   Coulomb (SR)      Potential Pressure (bar)
   -1.60888e+05   -4.96801e+04    8.77495e+04    9.01450e+04    2.43132e+03

           Step           Time
            419      419.00000

   Energies (kJ/mol)
           Bond            U-B    Proper Dih.  Improper Dih.          LJ-14
    3.86615e+03    7.58813e+04    1.14885e+05    1.45885e+03    1.66762e+04
     Coulomb-14        LJ (SR)   Coulomb (SR)      Potential Pressure (bar)
   -1.60874e+05   -4.97057e+04    8.77251e+04    8.99128e+04    2.40107e+03

           Step           Time
            420      420.00000

           Step           Time
            421      421.00000

   Energies (kJ/mol)
           Bond            U-B    Proper Dih.  Improper Dih.          LJ-14
    3.70397e+03    7.58020e+04    1.14860e+05    1.45590e+03    1.66627e+04
     Coulomb-14        LJ (SR)   Coulomb (SR)      Potential Pressure (bar)
   -1.60876e+05   -4.97273e+04    8.77066e+04    8.95875e+04    2.40095e+03

           Step           Time
            422      422.00000

   Energies (kJ/mol)
           Bond            U-B    Proper Dih.  Improper Dih.          LJ-14
    3.95083e+03    7.55516e+04    1.14805e+05    1.45545e+03    1.66330e+04
     Coulomb-14        LJ (SR)   Coulomb (SR)      Potential Pressure (bar)
   -1.60852e+05   -4.98027e+04    8.76494e+04    8.93900e+04    2.38606e+03

           Step           Time
            423      423.00000

   Energies (kJ/mol)
           Bond            U-B    Proper Dih.  Improper Dih.          LJ-14
    3.74820e+03    7.54569e+04    1.14767e+05    1.45150e+03    1.66167e+04
     Coulomb-14        LJ (SR)   Coulomb (SR)      Potential Pressure (bar)
   -1.60857e+05   -4.98287e+04    8.76309e+04    8.89854e+04    2.40094e+03

           Step           Time
            424      424.00000

           Step           Time
            425      425.00000

   Energies (kJ/mol)
           Bond            U-B    Proper Dih.  Improper Dih.          LJ-14
    3.71136e+03    7.53622e+04    1.14736e+05    1.45169e+03    1.66078e+04
     Coulomb-14        LJ (SR)   Coulomb (SR)      Potential Pressure (bar)
   -1.60848e+05   -4.98532e+04    8.76114e+04    8.87793e+04    2.38094e+03

           Step           Time
            426      426.00000

   Energies (kJ/mol)
           Bond            U-B    Proper Dih.  Improper Dih.          LJ-14
    3.82028e+03    7.52341e+04    1.14711e+05    1.44918e+03    1.65845e+04
     Coulomb-14        LJ (SR)   Coulomb (SR)      Potential Pressure (bar)
   -1.60846e+05   -4.98945e+04    8.75855e+04    8.86432e+04    2.38320e+03

           Step           Time
            427      427.00000

   Energies (kJ/mol)
           Bond            U-B    Proper Dih.  Improper Dih.          LJ-14
    3.76847e+03    7.51349e+04    1.14678e+05    1.44958e+03    1.65791e+04
     Coulomb-14        LJ (SR)   Coulomb (SR)      Potential Pressure (bar)
   -1.60834e+05   -4.99202e+04    8.75623e+04    8.84172e+04    2.36389e+03

           Step           Time
            428      428.00000

   Energies (kJ/mol)
           Bond            U-B    Proper Dih.  Improper Dih.          LJ-14
    3.97342e+03    7.50276e+04    1.14660e+05    1.44553e+03    1.65530e+04
     Coulomb-14        LJ (SR)   Coulomb (SR)      Potential Pressure (bar)
   -1.60837e+05   -4.99592e+04    8.75422e+04    8.84059e+04    2.37517e+03

           Step           Time
            429      429.00000

   Energies (kJ/mol)
           Bond            U-B    Proper Dih.  Improper Dih.          LJ-14
    3.90761e+03    7.49243e+04    1.14616e+05    1.44644e+03    1.65510e+04
     Coulomb-14        LJ (SR)   Coulomb (SR)      Potential Pressure (bar)
   -1.60821e+05   -4.99852e+04    8.75170e+04    8.81556e+04    2.35999e+03

           Step           Time
            430      430.00000

           Step           Time
            431      431.00000

   Energies (kJ/mol)
           Bond            U-B    Proper Dih.  Improper Dih.          LJ-14
    3.66642e+03    7.48358e+04    1.14582e+05    1.44407e+03    1.65359e+04
     Coulomb-14        LJ (SR)   Coulomb (SR)      Potential Pressure (bar)
   -1.60825e+05   -5.00053e+04    8.74979e+04    8.77320e+04    2.35516e+03

           Step           Time
            432      432.00000

   Energies (kJ/mol)
           Bond            U-B    Proper Dih.  Improper Dih.          LJ-14
    4.03917e+03    7.46042e+04    1.14510e+05    1.44338e+03    1.65078e+04
     Coulomb-14        LJ (SR)   Coulomb (SR)      Potential Pressure (bar)
   -1.60803e+05   -5.00815e+04    8.74430e+04    8.76632e+04    2.34773e+03

           Step           Time
            433      433.00000

   Energies (kJ/mol)
           Bond            U-B    Proper Dih.  Improper Dih.          LJ-14
    3.73249e+03    7.44948e+04    1.14484e+05    1.43991e+03    1.64885e+04
     Coulomb-14        LJ (SR)   Coulomb (SR)      Potential Pressure (bar)
   -1.60809e+05   -5.01048e+04    8.74242e+04    8.71499e+04    2.35001e+03

           Step           Time
            434      434.00000

           Step           Time
            435      435.00000

   Energies (kJ/mol)
           Bond            U-B    Proper Dih.  Improper Dih.          LJ-14
    3.68865e+03    7.43960e+04    1.14458e+05    1.43979e+03    1.64817e+04
     Coulomb-14        LJ (SR)   Coulomb (SR)      Potential Pressure (bar)
   -1.60800e+05   -5.01302e+04    8.74033e+04    8.69374e+04    2.34115e+03

           Step           Time
            436      436.00000

   Energies (kJ/mol)
           Bond            U-B    Proper Dih.  Improper Dih.          LJ-14
    3.83220e+03    7.42744e+04    1.14426e+05    1.43798e+03    1.64565e+04
     Coulomb-14        LJ (SR)   Coulomb (SR)      Potential Pressure (bar)
   -1.60800e+05   -5.01682e+04    8.73812e+04    8.68397e+04    2.33253e+03

           Step           Time
            437      437.00000

   Energies (kJ/mol)
           Bond            U-B    Proper Dih.  Improper Dih.          LJ-14
    3.77122e+03    7.41693e+04    1.14398e+05    1.43790e+03    1.64524e+04
     Coulomb-14        LJ (SR)   Coulomb (SR)      Potential Pressure (bar)
   -1.60788e+05   -5.01947e+04    8.73564e+04    8.66022e+04    2.32447e+03

           Step           Time
            438      438.00000

           Step           Time
            439      439.00000

   Energies (kJ/mol)
           Bond            U-B    Proper Dih.  Improper Dih.          LJ-14
    3.62814e+03    7.40870e+04    1.14372e+05    1.43618e+03    1.64376e+04
     Coulomb-14        LJ (SR)   Coulomb (SR)      Potential Pressure (bar)
   -1.60790e+05   -5.02137e+04    8.73391e+04    8.62963e+04    2.32379e+03

           Step           Time
            440      440.00000

   Energies (kJ/mol)
           Bond            U-B    Proper Dih.  Improper Dih.          LJ-14
    3.85560e+03    7.38461e+04    1.14322e+05    1.43480e+03    1.64134e+04
     Coulomb-14        LJ (SR)   Coulomb (SR)      Potential Pressure (bar)
   -1.60770e+05   -5.02827e+04    8.72912e+04    8.61109e+04    2.30802e+03

           Step           Time
            441      441.00000

   Energies (kJ/mol)
           Bond            U-B    Proper Dih.  Improper Dih.          LJ-14
    3.67314e+03    7.37487e+04    1.14285e+05    1.43276e+03    1.63927e+04
     Coulomb-14        LJ (SR)   Coulomb (SR)      Potential Pressure (bar)
   -1.60776e+05   -5.03052e+04    8.72714e+04    8.57224e+04    2.31976e+03

           Step           Time
            442      442.00000

           Step           Time
            443      443.00000

   Energies (kJ/mol)
           Bond            U-B    Proper Dih.  Improper Dih.          LJ-14
    3.62882e+03    7.36547e+04    1.14254e+05    1.43229e+03    1.63857e+04
     Coulomb-14        LJ (SR)   Coulomb (SR)      Potential Pressure (bar)
   -1.60768e+05   -5.03291e+04    8.72501e+04    8.55083e+04    2.30301e+03

           Step           Time
            444      444.00000

   Energies (kJ/mol)
           Bond            U-B    Proper Dih.  Improper Dih.          LJ-14
    3.74669e+03    7.35077e+04    1.14224e+05    1.43135e+03    1.63599e+04
     Coulomb-14        LJ (SR)   Coulomb (SR)      Potential Pressure (bar)
   -1.60766e+05   -5.03693e+04    8.72269e+04    8.53614e+04    2.30087e+03

           Step           Time
            445      445.00000

   Energies (kJ/mol)
           Bond            U-B    Proper Dih.  Improper Dih.          LJ-14
    3.68057e+03    7.34091e+04    1.14192e+05    1.43016e+03    1.63556e+04
     Coulomb-14        LJ (SR)   Coulomb (SR)      Potential Pressure (bar)
   -1.60755e+05   -5.03946e+04    8.71993e+04    8.51167e+04    2.28982e+03

           Step           Time
            446      446.00000

   Energies (kJ/mol)
           Bond            U-B    Proper Dih.  Improper Dih.          LJ-14
    3.90054e+03    7.32834e+04    1.14176e+05    1.42883e+03    1.63275e+04
     Coulomb-14        LJ (SR)   Coulomb (SR)      Potential Pressure (bar)
   -1.60756e+05   -5.04323e+04    8.71825e+04    8.51097e+04    2.29033e+03

           Step           Time
            447      447.00000

   Energies (kJ/mol)
           Bond            U-B    Proper Dih.  Improper Dih.          LJ-14
    3.81200e+03    7.31781e+04    1.14129e+05    1.42730e+03    1.63282e+04
     Coulomb-14        LJ (SR)   Coulomb (SR)      Potential Pressure (bar)
   -1.60742e+05   -5.04582e+04    8.71529e+04    8.48270e+04    2.27905e+03

           Step           Time
            448      448.00000

           Step           Time
            449      449.00000

   Energies (kJ/mol)
           Bond            U-B    Proper Dih.  Improper Dih.          LJ-14
    3.59099e+03    7.30821e+04    1.14098e+05    1.42631e+03    1.63110e+04
     Coulomb-14        LJ (SR)   Coulomb (SR)      Potential Pressure (bar)
   -1.60745e+05   -5.04770e+04    8.71348e+04    8.44216e+04    2.28203e+03

           Step           Time
            450      450.00000

   Energies (kJ/mol)
           Bond            U-B    Proper Dih.  Improper Dih.          LJ-14
    3.96927e+03    7.28407e+04    1.14031e+05    1.42435e+03    1.62877e+04
     Coulomb-14        LJ (SR)   Coulomb (SR)      Potential Pressure (bar)
   -1.60724e+05   -5.05468e+04    8.70851e+04    8.43677e+04    2.26390e+03

           Step           Time
            451      451.00000

   Energies (kJ/mol)
           Bond            U-B    Proper Dih.  Improper Dih.          LJ-14
    3.65851e+03    7.27214e+04    1.14006e+05    1.42235e+03    1.62659e+04
     Coulomb-14        LJ (SR)   Coulomb (SR)      Potential Pressure (bar)
   -1.60729e+05   -5.05680e+04    8.70649e+04    8.38423e+04    2.26540e+03

           Step           Time
            452      452.00000

           Step           Time
            453      453.00000

   Energies (kJ/mol)
           Bond            U-B    Proper Dih.  Improper Dih.          LJ-14
    3.60764e+03    7.26185e+04    1.13979e+05    1.42141e+03    1.62609e+04
     Coulomb-14        LJ (SR)   Coulomb (SR)      Potential Pressure (bar)
   -1.60719e+05   -5.05923e+04    8.70429e+04    8.36186e+04    2.25625e+03

           Step           Time
            454      454.00000

   Energies (kJ/mol)
           Bond            U-B    Proper Dih.  Improper Dih.          LJ-14
    3.76430e+03    7.24788e+04    1.13950e+05    1.41968e+03    1.62334e+04
     Coulomb-14        LJ (SR)   Coulomb (SR)      Potential Pressure (bar)
   -1.60719e+05   -5.06285e+04    8.70202e+04    8.35193e+04    2.25450e+03

           Step           Time
            455      455.00000

   Energies (kJ/mol)
           Bond            U-B    Proper Dih.  Improper Dih.          LJ-14
    3.68684e+03    7.23680e+04    1.13919e+05    1.41828e+03    1.62319e+04
     Coulomb-14        LJ (SR)   Coulomb (SR)      Potential Pressure (bar)
   -1.60707e+05   -5.06533e+04    8.69931e+04    8.32577e+04    2.24643e+03

           Step           Time
            456      456.00000

           Step           Time
            457      457.00000

   Energies (kJ/mol)
           Bond            U-B    Proper Dih.  Improper Dih.          LJ-14
    3.55135e+03    7.22753e+04    1.13893e+05    1.41719e+03    1.62159e+04
     Coulomb-14        LJ (SR)   Coulomb (SR)      Potential Pressure (bar)
   -1.60708e+05   -5.06709e+04    8.69757e+04    8.29503e+04    2.24539e+03

           Step           Time
            458      458.00000

   Energies (kJ/mol)
           Bond            U-B    Proper Dih.  Improper Dih.          LJ-14
    3.78744e+03    7.20203e+04    1.13842e+05    1.41475e+03    1.61946e+04
     Coulomb-14        LJ (SR)   Coulomb (SR)      Potential Pressure (bar)
   -1.60686e+05   -5.07319e+04    8.69250e+04    8.27656e+04    2.23004e+03

           Step           Time
            459      459.00000

   Energies (kJ/mol)
           Bond            U-B    Proper Dih.  Improper Dih.          LJ-14
    3.59560e+03    7.19094e+04    1.13810e+05    1.41321e+03    1.61724e+04
     Coulomb-14        LJ (SR)   Coulomb (SR)      Potential Pressure (bar)
   -1.60691e+05   -5.07525e+04    8.69064e+04    8.23635e+04    2.23258e+03

           Step           Time
            460      460.00000

           Step           Time
            461      461.00000

   Energies (kJ/mol)
           Bond            U-B    Proper Dih.  Improper Dih.          LJ-14
    3.54488e+03    7.18075e+04    1.13779e+05    1.41188e+03    1.61675e+04
     Coulomb-14        LJ (SR)   Coulomb (SR)      Potential Pressure (bar)
   -1.60682e+05   -5.07743e+04    8.68845e+04    8.21392e+04    2.22266e+03

           Step           Time
            462      462.00000

   Energies (kJ/mol)
           Bond            U-B    Proper Dih.  Improper Dih.          LJ-14
    3.65132e+03    7.16468e+04    1.13750e+05    1.41025e+03    1.61400e+04
     Coulomb-14        LJ (SR)   Coulomb (SR)      Potential Pressure (bar)
   -1.60680e+05   -5.08111e+04    8.68595e+04    8.19670e+04    2.21968e+03

           Step           Time
            463      463.00000

   Energies (kJ/mol)
           Bond            U-B    Proper Dih.  Improper Dih.          LJ-14
    3.58540e+03    7.15374e+04    1.13718e+05    1.40866e+03    1.61388e+04
     Coulomb-14        LJ (SR)   Coulomb (SR)      Potential Pressure (bar)
   -1.60667e+05   -5.08348e+04    8.68325e+04    8.17184e+04    2.21364e+03

           Step           Time
            464      464.00000

   Energies (kJ/mol)
           Bond            U-B    Proper Dih.  Improper Dih.          LJ-14
    3.77469e+03    7.14009e+04    1.13700e+05    1.40747e+03    1.61091e+04
     Coulomb-14        LJ (SR)   Coulomb (SR)      Potential Pressure (bar)
   -1.60668e+05   -5.08689e+04    8.68115e+04    8.16668e+04    2.20475e+03

           Step           Time
            465      465.00000

   Energies (kJ/mol)
           Bond            U-B    Proper Dih.  Improper Dih.          LJ-14
    3.69099e+03    7.12908e+04    1.13656e+05    1.40567e+03    1.61126e+04
     Coulomb-14        LJ (SR)   Coulomb (SR)      Potential Pressure (bar)
   -1.60652e+05   -5.08941e+04    8.67820e+04    8.13910e+04    2.20343e+03

           Step           Time
            466      466.00000

           Step           Time
            467      467.00000

   Energies (kJ/mol)
           Bond            U-B    Proper Dih.  Improper Dih.          LJ-14
    3.50801e+03    7.11972e+04    1.13627e+05    1.40457e+03    1.60956e+04
     Coulomb-14        LJ (SR)   Coulomb (SR)      Potential Pressure (bar)
   -1.60654e+05   -5.09108e+04    8.67641e+04    8.10318e+04    2.20138e+03

           Step           Time
            468      468.00000

   Energies (kJ/mol)
           Bond            U-B    Proper Dih.  Improper Dih.          LJ-14
    3.77848e+03    7.09578e+04    1.13562e+05    1.40301e+03    1.60777e+04
     Coulomb-14        LJ (SR)   Coulomb (SR)      Potential Pressure (bar)
   -1.60630e+05   -5.09743e+04    8.67125e+04    8.08863e+04    2.18929e+03

           Step           Time
            469      469.00000

   Energies (kJ/mol)
           Bond            U-B    Proper Dih.  Improper Dih.          LJ-14
    3.57595e+03    7.08543e+04    1.13537e+05    1.40160e+03    1.60555e+04
     Coulomb-14        LJ (SR)   Coulomb (SR)      Potential Pressure (bar)
   -1.60635e+05   -5.09940e+04    8.66932e+04    8.04884e+04    2.18659e+03

           Step           Time
            470      470.00000

           Step           Time
            471      471.00000

   Energies (kJ/mol)
           Bond            U-B    Proper Dih.  Improper Dih.          LJ-14
    3.50972e+03    7.07638e+04    1.13511e+05    1.40080e+03    1.60535e+04
     Coulomb-14        LJ (SR)   Coulomb (SR)      Potential Pressure (bar)
   -1.60626e+05   -5.10160e+04    8.66725e+04    8.02696e+04    2.18324e+03

           Step           Time
            472      472.00000

   Energies (kJ/mol)
           Bond            U-B    Proper Dih.  Improper Dih.          LJ-14
    3.64764e+03    7.06264e+04    1.13476e+05    1.39992e+03    1.60275e+04
     Coulomb-14        LJ (SR)   Coulomb (SR)      Potential Pressure (bar)
   -1.60622e+05   -5.10549e+04    8.66479e+04    8.01492e+04    2.17818e+03

           Step           Time
            473      473.00000

   Energies (kJ/mol)
           Bond            U-B    Proper Dih.  Improper Dih.          LJ-14
    3.55865e+03    7.05314e+04    1.13447e+05    1.39845e+03    1.60279e+04
     Coulomb-14        LJ (SR)   Coulomb (SR)      Potential Pressure (bar)
   -1.60610e+05   -5.10782e+04    8.66229e+04    7.98971e+04    2.17524e+03

           Step           Time
            474      474.00000

           Step           Time
            475      475.00000

   Energies (kJ/mol)
           Bond            U-B    Proper Dih.  Improper Dih.          LJ-14
    3.48133e+03    7.04547e+04    1.13423e+05    1.39790e+03    1.60131e+04
     Coulomb-14        LJ (SR)   Coulomb (SR)      Potential Pressure (bar)
   -1.60610e+05   -5.10961e+04    8.66065e+04    7.96702e+04    2.17442e+03

           Step           Time
            476      476.00000

   Energies (kJ/mol)
           Bond            U-B    Proper Dih.  Improper Dih.          LJ-14
    3.61797e+03    7.02775e+04    1.13378e+05    1.39634e+03    1.60003e+04
     Coulomb-14        LJ (SR)   Coulomb (SR)      Potential Pressure (bar)
   -1.60593e+05   -5.11471e+04    8.65671e+04    7.94971e+04    2.16052e+03

           Step           Time
            477      477.00000

   Energies (kJ/mol)
           Bond            U-B    Proper Dih.  Improper Dih.          LJ-14
    3.51930e+03    7.01922e+04    1.13350e+05    1.39530e+03    1.59800e+04
     Coulomb-14        LJ (SR)   Coulomb (SR)      Potential Pressure (bar)
   -1.60595e+05   -5.11676e+04    8.65504e+04    7.92240e+04    2.15812e+03

           Step           Time
            478      478.00000

   Energies (kJ/mol)
           Bond            U-B    Proper Dih.  Improper Dih.          LJ-14
    3.71235e+03    7.00721e+04    1.13322e+05    1.39446e+03    1.59766e+04
     Coulomb-14        LJ (SR)   Coulomb (SR)      Potential Pressure (bar)
   -1.60580e+05   -5.12054e+04    8.65233e+04    7.92158e+04    2.15357e+03

           Step           Time
            479      479.00000

   Energies (kJ/mol)
           Bond            U-B    Proper Dih.  Improper Dih.          LJ-14
    3.62773e+03    6.99834e+04    1.13287e+05    1.39337e+03    1.59504e+04
     Coulomb-14        LJ (SR)   Coulomb (SR)      Potential Pressure (bar)
   -1.60584e+05   -5.12283e+04    8.65058e+04    7.89352e+04    2.14969e+03

           Step           Time
            480      480.00000

           Step           Time
            481      481.00000

   Energies (kJ/mol)
           Bond            U-B    Proper Dih.  Improper Dih.          LJ-14
    3.45976e+03    6.99031e+04    1.13256e+05    1.39226e+03    1.59520e+04
     Coulomb-14        LJ (SR)   Coulomb (SR)      Potential Pressure (bar)
   -1.60575e+05   -5.12456e+04    8.64857e+04    7.86286e+04    2.14678e+03

           Step           Time
            482      482.00000

   Energies (kJ/mol)
           Bond            U-B    Proper Dih.  Improper Dih.          LJ-14
    3.78249e+03    6.97159e+04    1.13195e+05    1.39259e+03    1.59132e+04
     Coulomb-14        LJ (SR)   Coulomb (SR)      Potential Pressure (bar)
   -1.60568e+05   -5.13081e+04    8.64458e+04    7.85697e+04    2.13417e+03

           Step           Time
            483      483.00000

   Energies (kJ/mol)
           Bond            U-B    Proper Dih.  Improper Dih.          LJ-14
    3.49641e+03    6.96132e+04    1.13169e+05    1.39076e+03    1.59176e+04
     Coulomb-14        LJ (SR)   Coulomb (SR)      Potential Pressure (bar)
   -1.60556e+05   -5.13271e+04    8.64192e+04    7.81238e+04    2.13212e+03

           Step           Time
            484      484.00000

           Step           Time
            485      485.00000

   Energies (kJ/mol)
           Bond            U-B    Proper Dih.  Improper Dih.          LJ-14
    3.49054e+03    6.95312e+04    1.13147e+05    1.39002e+03    1.58987e+04
     Coulomb-14        LJ (SR)   Coulomb (SR)      Potential Pressure (bar)
   -1.60555e+05   -5.13498e+04    8.64008e+04    7.79528e+04    2.13353e+03

           Step           Time
            486      486.00000

   Energies (kJ/mol)
           Bond            U-B    Proper Dih.  Improper Dih.          LJ-14
    3.54304e+03    6.94299e+04    1.13119e+05    1.38897e+03    1.58953e+04
     Coulomb-14        LJ (SR)   Coulomb (SR)      Potential Pressure (bar)
   -1.60544e+05   -5.13797e+04    8.63802e+04    7.78331e+04    2.12368e+03

           Step           Time
            487      487.00000

   Energies (kJ/mol)
           Bond            U-B    Proper Dih.  Improper Dih.          LJ-14
    3.56165e+03    6.93480e+04    1.13096e+05    1.38781e+03    1.58727e+04
     Coulomb-14        LJ (SR)   Coulomb (SR)      Potential Pressure (bar)
   -1.60544e+05   -5.14037e+04    8.63588e+04    7.76769e+04    2.12285e+03

           Step           Time
            488      488.00000

   Energies (kJ/mol)
           Bond            U-B    Proper Dih.  Improper Dih.          LJ-14
    3.64977e+03    6.92563e+04    1.13067e+05    1.38689e+03    1.58743e+04
     Coulomb-14        LJ (SR)   Coulomb (SR)      Potential Pressure (bar)
   -1.60530e+05   -5.14327e+04    8.63399e+04    7.76107e+04    2.11373e+03

           Step           Time
            489      489.00000

   Energies (kJ/mol)
           Bond            U-B    Proper Dih.  Improper Dih.          LJ-14
    3.72531e+03    6.91798e+04    1.13042e+05    1.38567e+03    1.58461e+04
     Coulomb-14        LJ (SR)   Coulomb (SR)      Potential Pressure (bar)
   -1.60534e+05   -5.14570e+04    8.63188e+04    7.75073e+04    2.10758e+03

           Step           Time
            490      490.00000

           Step           Time
            491      491.00000

   Energies (kJ/mol)
           Bond            U-B    Proper Dih.  Improper Dih.          LJ-14
    3.41547e+03    6.90936e+04    1.13011e+05    1.38502e+03    1.58491e+04
     Coulomb-14        LJ (SR)   Coulomb (SR)      Potential Pressure (bar)
   -1.60525e+05   -5.14720e+04    8.62980e+04    7.70549e+04    2.10596e+03

           Step           Time
            492      492.00000

   Energies (kJ/mol)
           Bond            U-B    Proper Dih.  Improper Dih.          LJ-14
    3.56455e+03    6.88441e+04    1.12929e+05    1.38553e+03    1.58063e+04
     Coulomb-14        LJ (SR)   Coulomb (SR)      Potential Pressure (bar)
   -1.60514e+05   -5.15473e+04    8.62425e+04    7.67114e+04    2.09026e+03

           Step           Time
            493      493.00000

   Energies (kJ/mol)
           Bond            U-B    Proper Dih.  Improper Dih.          LJ-14
    3.70648e+03    6.87568e+04    1.12904e+05    1.38403e+03    1.58085e+04
     Coulomb-14        LJ (SR)   Coulomb (SR)      Potential Pressure (bar)
   -1.60499e+05   -5.15784e+04    8.62180e+04    7.67003e+04    2.09208e+03

           Step           Time
            494      494.00000

   Energies (kJ/mol)
           Bond            U-B    Proper Dih.  Improper Dih.          LJ-14
    3.73971e+03    6.86815e+04    1.12882e+05    1.38344e+03    1.57808e+04
     Coulomb-14        LJ (SR)   Coulomb (SR)      Potential Pressure (bar)
   -1.60502e+05   -5.16005e+04    8.61994e+04    7.65644e+04    2.07917e+03

           Step           Time
            495      495.00000

           Step           Time
            496      496.00000

   Energies (kJ/mol)
           Bond            U-B    Proper Dih.  Improper Dih.          LJ-14
    3.40207e+03    6.85933e+04    1.12857e+05    1.38219e+03    1.57832e+04
     Coulomb-14        LJ (SR)   Coulomb (SR)      Potential Pressure (bar)
   -1.60494e+05   -5.16161e+04    8.61774e+04    7.60854e+04    2.08015e+03

           Step           Time
            497      497.00000

   Energies (kJ/mol)
           Bond            U-B    Proper Dih.  Improper Dih.          LJ-14
    3.80552e+03    6.83550e+04    1.12797e+05    1.38456e+03    1.57337e+04
     Coulomb-14        LJ (SR)   Coulomb (SR)      Potential Pressure (bar)
   -1.60480e+05   -5.16986e+04    8.61215e+04    7.60185e+04    2.05704e+03

           Step           Time
            498      498.00000

   Energies (kJ/mol)
           Bond            U-B    Proper Dih.  Improper Dih.          LJ-14
    3.48744e+03    6.82622e+04    1.12751e+05    1.38137e+03    1.57378e+04
     Coulomb-14        LJ (SR)   Coulomb (SR)      Potential Pressure (bar)
   -1.60471e+05   -5.17175e+04    8.60937e+04    7.55243e+04    2.06847e+03

           Step           Time
            499      499.00000

           Step           Time
            500      500.00000

   Energies (kJ/mol)
           Bond            U-B    Proper Dih.  Improper Dih.          LJ-14
    3.44245e+03    6.81932e+04    1.12726e+05    1.37967e+03    1.57210e+04
     Coulomb-14        LJ (SR)   Coulomb (SR)      Potential Pressure (bar)
   -1.60470e+05   -5.17378e+04    8.60750e+04    7.53299e+04    2.05350e+03

           Step           Time
            501      501.00000

   Energies (kJ/mol)
           Bond            U-B    Proper Dih.  Improper Dih.          LJ-14
    3.56520e+03    6.81076e+04    1.12697e+05    1.37745e+03    1.57141e+04
     Coulomb-14        LJ (SR)   Coulomb (SR)      Potential Pressure (bar)
   -1.60460e+05   -5.17681e+04    8.60546e+04    7.52877e+04    2.05962e+03

           Step           Time
            502      502.00000

   Energies (kJ/mol)
           Bond            U-B    Proper Dih.  Improper Dih.          LJ-14
    3.52485e+03    6.80336e+04    1.12674e+05    1.37591e+03    1.56957e+04
     Coulomb-14        LJ (SR)   Coulomb (SR)      Potential Pressure (bar)
   -1.60459e+05   -5.17896e+04    8.60340e+04    7.50899e+04    2.04351e+03

           Step           Time
            503      503.00000

           Step           Time
            504      504.00000

   Energies (kJ/mol)
           Bond            U-B    Proper Dih.  Improper Dih.          LJ-14
    3.37887e+03    6.79718e+04    1.12650e+05    1.37476e+03    1.56935e+04
     Coulomb-14        LJ (SR)   Coulomb (SR)      Potential Pressure (bar)
   -1.60454e+05   -5.18042e+04    8.60164e+04    7.48268e+04    2.04711e+03

           Step           Time
            505      505.00000

   Energies (kJ/mol)
           Bond            U-B    Proper Dih.  Improper Dih.          LJ-14
    3.61464e+03    6.78132e+04    1.12598e+05    1.37444e+03    1.56606e+04
     Coulomb-14        LJ (SR)   Coulomb (SR)      Potential Pressure (bar)
   -1.60443e+05   -5.18623e+04    8.59726e+04    7.47280e+04    2.03040e+03

           Step           Time
            506      506.00000

   Energies (kJ/mol)
           Bond            U-B    Proper Dih.  Improper Dih.          LJ-14
    3.41650e+03    6.77360e+04    1.12568e+05    1.37240e+03    1.56596e+04
     Coulomb-14        LJ (SR)   Coulomb (SR)      Potential Pressure (bar)
   -1.60436e+05   -5.18781e+04    8.59526e+04    7.43909e+04    2.03607e+03

           Step           Time
            507      507.00000

           Step           Time
            508      508.00000

   Energies (kJ/mol)
           Bond            U-B    Proper Dih.  Improper Dih.          LJ-14
    3.39345e+03    6.76700e+04    1.12545e+05    1.37108e+03    1.56464e+04
     Coulomb-14        LJ (SR)   Coulomb (SR)      Potential Pressure (bar)
   -1.60434e+05   -5.18979e+04    8.59340e+04    7.42285e+04    2.03014e+03

           Step           Time
            509      509.00000

   Energies (kJ/mol)
           Bond            U-B    Proper Dih.  Improper Dih.          LJ-14
    3.48986e+03    6.75778e+04    1.12516e+05    1.36930e+03    1.56370e+04
     Coulomb-14        LJ (SR)   Coulomb (SR)      Potential Pressure (bar)
   -1.60424e+05   -5.19288e+04    8.59131e+04    7.41502e+04    2.03018e+03

           Step           Time
            510      510.00000

   Energies (kJ/mol)
           Bond            U-B    Proper Dih.  Improper Dih.          LJ-14
    3.44044e+03    6.75069e+04    1.12490e+05    1.36762e+03    1.56228e+04
     Coulomb-14        LJ (SR)   Coulomb (SR)      Potential Pressure (bar)
   -1.60420e+05   -5.19492e+04    8.58900e+04    7.39480e+04    2.01840e+03

           Step           Time
            511      511.00000

           Step           Time
            512      512.00000

   Energies (kJ/mol)
           Bond            U-B    Proper Dih.  Improper Dih.          LJ-14
    3.35503e+03    6.74532e+04    1.12464e+05    1.36672e+03    1.56189e+04
     Coulomb-14        LJ (SR)   Coulomb (SR)      Potential Pressure (bar)
   -1.60416e+05   -5.19633e+04    8.58742e+04    7.37532e+04    2.02474e+03

           Step           Time
            513      513.00000

   Energies (kJ/mol)
           Bond            U-B    Proper Dih.  Improper Dih.          LJ-14
    3.44550e+03    6.73316e+04    1.12421e+05    1.36547e+03    1.55968e+04
     Coulomb-14        LJ (SR)   Coulomb (SR)      Potential Pressure (bar)
   -1.60407e+05   -5.20051e+04    8.58422e+04    7.35898e+04    2.01028e+03

           Step           Time
            514      514.00000

   Energies (kJ/mol)
           Bond            U-B    Proper Dih.  Improper Dih.          LJ-14
    3.41712e+03    6.72663e+04    1.12395e+05    1.36396e+03    1.55928e+04
     Coulomb-14        LJ (SR)   Coulomb (SR)      Potential Pressure (bar)
   -1.60401e+05   -5.20244e+04    8.58233e+04    7.34339e+04    2.01498e+03

           Step           Time
            515      515.00000

   Energies (kJ/mol)
           Bond            U-B    Proper Dih.  Improper Dih.          LJ-14
    3.52337e+03    6.71942e+04    1.12375e+05    1.36249e+03    1.55753e+04
     Coulomb-14        LJ (SR)   Coulomb (SR)      Potential Pressure (bar)
   -1.60395e+05   -5.20523e+04    8.58020e+04    7.33845e+04    2.00384e+03

           Step           Time
            516      516.00000

   Energies (kJ/mol)
           Bond            U-B    Proper Dih.  Improper Dih.          LJ-14
    3.52076e+03    6.71334e+04    1.12340e+05    1.36143e+03    1.55727e+04
     Coulomb-14        LJ (SR)   Coulomb (SR)      Potential Pressure (bar)
   -1.60388e+05   -5.20722e+04    8.57848e+04    7.32529e+04    2.00108e+03

           Step           Time
            517      517.00000

           Step           Time
            518      518.00000

   Energies (kJ/mol)
           Bond            U-B    Proper Dih.  Improper Dih.          LJ-14
    3.33523e+03    6.70719e+04    1.12314e+05    1.36025e+03    1.55630e+04
     Coulomb-14        LJ (SR)   Coulomb (SR)      Potential Pressure (bar)
   -1.60385e+05   -5.20867e+04    8.57627e+04    7.29354e+04    2.00398e+03

           Step           Time
            519      519.00000

   Energies (kJ/mol)
           Bond            U-B    Proper Dih.  Improper Dih.          LJ-14
    3.45438e+03    6.69029e+04    1.12239e+05    1.36123e+03    1.55382e+04
     Coulomb-14        LJ (SR)   Coulomb (SR)      Potential Pressure (bar)
   -1.60369e+05   -5.21447e+04    8.57185e+04    7.27005e+04    1.99113e+03

           Step           Time
            520      520.00000

   Energies (kJ/mol)
           Bond            U-B    Proper Dih.  Improper Dih.          LJ-14
    3.49159e+03    6.68468e+04    1.12212e+05    1.35821e+03    1.55247e+04
     Coulomb-14        LJ (SR)   Coulomb (SR)      Potential Pressure (bar)
   -1.60365e+05   -5.21695e+04    8.56930e+04    7.25921e+04    1.98590e+03

           Step           Time
            521      521.00000

   Energies (kJ/mol)
           Bond            U-B    Proper Dih.  Improper Dih.          LJ-14
    3.56712e+03    6.67851e+04    1.12185e+05    1.35691e+03    1.55179e+04
     Coulomb-14        LJ (SR)   Coulomb (SR)      Potential Pressure (bar)
   -1.60357e+05   -5.21912e+04    8.56827e+04    7.25462e+04    1.98459e+03

           Step           Time
            522      522.00000

   Energies (kJ/mol)
           Bond            U-B    Proper Dih.  Improper Dih.          LJ-14
    3.65604e+03    6.67360e+04    1.12158e+05    1.35380e+03    1.55048e+04
     Coulomb-14        LJ (SR)   Coulomb (SR)      Potential Pressure (bar)
   -1.60353e+05   -5.22158e+04    8.56548e+04    7.24947e+04    1.97096e+03

           Step           Time
            523      523.00000

           Step           Time
            524      524.00000

   Energies (kJ/mol)
           Bond            U-B    Proper Dih.  Improper Dih.          LJ-14
    3.31499e+03    6.66589e+04    1.12136e+05    1.35331e+03    1.55007e+04
     Coulomb-14        LJ (SR)   Coulomb (SR)      Potential Pressure (bar)
   -1.60349e+05   -5.22276e+04    8.56375e+04    7.20244e+04    1.97742e+03

           Step           Time
            525      525.00000

   Energies (kJ/mol)
           Bond            U-B    Proper Dih.  Improper Dih.          LJ-14
    3.76425e+03    6.64340e+04    1.12016e+05    1.34864e+03    1.54543e+04
     Coulomb-14        LJ (SR)   Coulomb (SR)      Potential Pressure (bar)
   -1.60321e+05   -5.23320e+04    8.55476e+04    7.19119e+04    1.95598e+03

           Step           Time
            526      526.00000

   Energies (kJ/mol)
           Bond            U-B    Proper Dih.  Improper Dih.          LJ-14
    3.36964e+03    6.63337e+04    1.11984e+05    1.34810e+03    1.54494e+04
     Coulomb-14        LJ (SR)   Coulomb (SR)      Potential Pressure (bar)
   -1.60318e+05   -5.23472e+04    8.55329e+04    7.13528e+04    1.95602e+03

           Step           Time
            527      527.00000

           Step           Time
            528      528.00000

   Energies (kJ/mol)
           Bond            U-B    Proper Dih.  Improper Dih.          LJ-14
    3.37575e+03    6.62842e+04    1.11953e+05    1.34618e+03    1.54375e+04
     Coulomb-14        LJ (SR)   Coulomb (SR)      Potential Pressure (bar)
   -1.60314e+05   -5.23693e+04    8.55107e+04    7.12248e+04    1.95497e+03

           Step           Time
            529      529.00000

   Energies (kJ/mol)
           Bond            U-B    Proper Dih.  Improper Dih.          LJ-14
    3.43539e+03    6.62136e+04    1.11930e+05    1.34589e+03    1.54314e+04
     Coulomb-14        LJ (SR)   Coulomb (SR)      Potential Pressure (bar)
   -1.60305e+05   -5.23918e+04    8.54999e+04    7.11600e+04    1.95372e+03

           Step           Time
            530      530.00000

   Energies (kJ/mol)
           Bond            U-B    Proper Dih.  Improper Dih.          LJ-14
    3.45917e+03    6.61717e+04    1.11899e+05    1.34328e+03    1.54181e+04
     Coulomb-14        LJ (SR)   Coulomb (SR)      Potential Pressure (bar)
   -1.60301e+05   -5.24145e+04    8.54720e+04    7.10470e+04    1.94449e+03

           Step           Time
            531      531.00000

           Step           Time
            532      532.00000

   Energies (kJ/mol)
           Bond            U-B    Proper Dih.  Improper Dih.          LJ-14
    3.29100e+03    6.61139e+04    1.11874e+05    1.34333e+03    1.54153e+04
     Coulomb-14        LJ (SR)   Coulomb (SR)      Potential Pressure (bar)
   -1.60296e+05   -5.24259e+04    8.54587e+04    7.07737e+04    1.94964e+03

           Step           Time
            533      533.00000

   Energies (kJ/mol)
           Bond            U-B    Proper Dih.  Improper Dih.          LJ-14
    3.49812e+03    6.59519e+04    1.11779e+05    1.33944e+03    1.53823e+04
     Coulomb-14        LJ (SR)   Coulomb (SR)      Potential Pressure (bar)
   -1.60279e+05   -5.24974e+04    8.54019e+04    7.05770e+04    1.92899e+03

           Step           Time
            534      534.00000

   Energies (kJ/mol)
           Bond            U-B    Proper Dih.  Improper Dih.          LJ-14
    3.31937e+03    6.58849e+04    1.11759e+05    1.34001e+03    1.53789e+04
     Coulomb-14        LJ (SR)   Coulomb (SR)      Potential Pressure (bar)
   -1.60273e+05   -5.25115e+04    8.53826e+04    7.02800e+04    1.93726e+03

           Step           Time
            535      535.00000

           Step           Time
            536      536.00000

   Energies (kJ/mol)
           Bond            U-B    Proper Dih.  Improper Dih.          LJ-14
    3.31240e+03    6.58406e+04    1.11731e+05    1.33785e+03    1.53680e+04
     Coulomb-14        LJ (SR)   Coulomb (SR)      Potential Pressure (bar)
   -1.60271e+05   -5.25312e+04    8.53631e+04    7.01510e+04    1.93063e+03

           Step           Time
            537      537.00000

   Energies (kJ/mol)
           Bond            U-B    Proper Dih.  Improper Dih.          LJ-14
    3.35056e+03    6.57688e+04    1.11706e+05    1.33746e+03    1.53614e+04
     Coulomb-14        LJ (SR)   Coulomb (SR)      Potential Pressure (bar)
   -1.60261e+05   -5.25545e+04    8.53490e+04    7.00584e+04    1.92812e+03

           Step           Time
            538      538.00000

   Energies (kJ/mol)
           Bond            U-B    Proper Dih.  Improper Dih.          LJ-14
    3.35683e+03    6.57311e+04    1.11673e+05    1.33513e+03    1.53487e+04
     Coulomb-14        LJ (SR)   Coulomb (SR)      Potential Pressure (bar)
   -1.60259e+05   -5.25753e+04    8.53221e+04    6.99319e+04    1.91950e+03

           Step           Time
            539      539.00000

   Energies (kJ/mol)
           Bond            U-B    Proper Dih.  Improper Dih.          LJ-14
    3.42533e+03    6.56624e+04    1.11650e+05    1.33481e+03    1.53440e+04
     Coulomb-14        LJ (SR)   Coulomb (SR)      Potential Pressure (bar)
   -1.60248e+05   -5.25974e+04    8.53149e+04    6.98855e+04    1.92328e+03

           Step           Time
            540      540.00000

   Energies (kJ/mol)
           Bond            U-B    Proper Dih.  Improper Dih.          LJ-14
    3.44497e+03    6.56284e+04    1.11612e+05    1.33162e+03    1.53296e+04
     Coulomb-14        LJ (SR)   Coulomb (SR)      Potential Pressure (bar)
   -1.60248e+05   -5.26187e+04    8.52840e+04    6.97633e+04    1.91028e+03

           Step           Time
            541      541.00000

           Step           Time
            542      542.00000

   Energies (kJ/mol)
           Bond            U-B    Proper Dih.  Improper Dih.          LJ-14
    3.26690e+03    6.55699e+04    1.11586e+05    1.33160e+03    1.53274e+04
     Coulomb-14        LJ (SR)   Coulomb (SR)      Potential Pressure (bar)
   -1.60242e+05   -5.26301e+04    8.52729e+04    6.94821e+04    1.91505e+03

           Step           Time
            543      543.00000

   Energies (kJ/mol)
           Bond            U-B    Proper Dih.  Improper Dih.          LJ-14
    3.49573e+03    6.54372e+04    1.11489e+05    1.32834e+03    1.52944e+04
     Coulomb-14        LJ (SR)   Coulomb (SR)      Potential Pressure (bar)
   -1.60229e+05   -5.26947e+04    8.52143e+04    6.93356e+04    1.89923e+03

           Step           Time
            544      544.00000

   Energies (kJ/mol)
           Bond            U-B    Proper Dih.  Improper Dih.          LJ-14
    3.29752e+03    6.53663e+04    1.11467e+05    1.32854e+03    1.52937e+04
     Coulomb-14        LJ (SR)   Coulomb (SR)      Potential Pressure (bar)
   -1.60221e+05   -5.27091e+04    8.52027e+04    6.90260e+04    1.90134e+03

           Step           Time
            545      545.00000

           Step           Time
            546      546.00000

   Energies (kJ/mol)
           Bond            U-B    Proper Dih.  Improper Dih.          LJ-14
    3.29272e+03    6.53246e+04    1.11440e+05    1.32701e+03    1.52817e+04
     Coulomb-14        LJ (SR)   Coulomb (SR)      Potential Pressure (bar)
   -1.60219e+05   -5.27277e+04    8.51800e+04    6.88986e+04    1.89896e+03

           Step           Time
            547      547.00000

   Energies (kJ/mol)
           Bond            U-B    Proper Dih.  Improper Dih.          LJ-14
    3.33281e+03    6.52611e+04    1.11403e+05    1.32730e+03    1.52762e+04
     Coulomb-14        LJ (SR)   Coulomb (SR)      Potential Pressure (bar)
   -1.60209e+05   -5.27503e+04    8.51682e+04    6.88102e+04    1.89474e+03

           Step           Time
            548      548.00000

   Energies (kJ/mol)
           Bond            U-B    Proper Dih.  Improper Dih.          LJ-14
    3.33959e+03    6.52189e+04    1.11375e+05    1.32566e+03    1.52622e+04
     Coulomb-14        LJ (SR)   Coulomb (SR)      Potential Pressure (bar)
   -1.60208e+05   -5.27696e+04    8.51404e+04    6.86835e+04    1.88617e+03

           Step           Time
            549      549.00000

   Energies (kJ/mol)
           Bond            U-B    Proper Dih.  Improper Dih.          LJ-14
    3.41501e+03    6.51606e+04    1.11341e+05    1.32531e+03    1.52598e+04
     Coulomb-14        LJ (SR)   Coulomb (SR)      Potential Pressure (bar)
   -1.60196e+05   -5.27917e+04    8.51366e+04    6.86510e+04    1.88719e+03

           Step           Time
            550      550.00000

   Energies (kJ/mol)
           Bond            U-B    Proper Dih.  Improper Dih.          LJ-14
    3.43795e+03    6.51215e+04    1.11313e+05    1.32300e+03    1.52431e+04
     Coulomb-14        LJ (SR)   Coulomb (SR)      Potential Pressure (bar)
   -1.60198e+05   -5.28113e+04    8.51023e+04    6.85318e+04    1.87061e+03

           Step           Time
            551      551.00000

           Step           Time
            552      552.00000

   Energies (kJ/mol)
           Bond            U-B    Proper Dih.  Improper Dih.          LJ-14
    3.24431e+03    6.50655e+04    1.11287e+05    1.32283e+03    1.52428e+04
     Coulomb-14        LJ (SR)   Coulomb (SR)      Potential Pressure (bar)
   -1.60190e+05   -5.28224e+04    8.50920e+04    6.82413e+04    1.89242e+03

           Step           Time
            553      553.00000

   Energies (kJ/mol)
           Bond            U-B    Proper Dih.  Improper Dih.          LJ-14
    3.49432e+03    6.49409e+04    1.11208e+05    1.31898e+03    1.52101e+04
     Coulomb-14        LJ (SR)   Coulomb (SR)      Potential Pressure (bar)
   -1.60176e+05   -5.28846e+04    8.50337e+04    6.81448e+04    1.85801e+03

           Step           Time
            554      554.00000

   Energies (kJ/mol)
           Bond            U-B    Proper Dih.  Improper Dih.          LJ-14
    3.27853e+03    6.48757e+04    1.11167e+05    1.31885e+03    1.52117e+04
     Coulomb-14        LJ (SR)   Coulomb (SR)      Potential Pressure (bar)
   -1.60168e+05   -5.28971e+04    8.50212e+04    6.78082e+04    1.86744e+03

           Step           Time
            555      555.00000

           Step           Time
            556      556.00000

   Energies (kJ/mol)
           Bond            U-B    Proper Dih.  Improper Dih.          LJ-14
    3.27434e+03    6.48310e+04    1.11137e+05    1.31760e+03    1.51995e+04
     Coulomb-14        LJ (SR)   Coulomb (SR)      Potential Pressure (bar)
   -1.60166e+05   -5.29155e+04    8.49982e+04    6.76765e+04    1.86700e+03

           Step           Time
            557      557.00000

   Energies (kJ/mol)
           Bond            U-B    Proper Dih.  Improper Dih.          LJ-14
    3.31644e+03    6.47720e+04    1.11101e+05    1.31800e+03    1.51954e+04
     Coulomb-14        LJ (SR)   Coulomb (SR)      Potential Pressure (bar)
   -1.60155e+05   -5.29368e+04    8.49888e+04    6.76004e+04    1.86388e+03

           Step           Time
            558      558.00000

   Energies (kJ/mol)
           Bond            U-B    Proper Dih.  Improper Dih.          LJ-14
    3.32535e+03    6.47314e+04    1.11072e+05    1.31593e+03    1.51807e+04
     Coulomb-14        LJ (SR)   Coulomb (SR)      Potential Pressure (bar)
   -1.60155e+05   -5.29568e+04    8.49583e+04    6.74723e+04    1.84690e+03

           Step           Time
            559      559.00000

   Energies (kJ/mol)
           Bond            U-B    Proper Dih.  Improper Dih.          LJ-14
    3.40447e+03    6.46777e+04    1.11037e+05    1.31667e+03    1.51795e+04
     Coulomb-14        LJ (SR)   Coulomb (SR)      Potential Pressure (bar)
   -1.60142e+05   -5.29766e+04    8.49557e+04    6.74522e+04    1.85185e+03

           Step           Time
            560      560.00000

   Energies (kJ/mol)
           Bond            U-B    Proper Dih.  Improper Dih.          LJ-14
    3.43192e+03    6.46409e+04    1.11005e+05    1.31438e+03    1.51617e+04
     Coulomb-14        LJ (SR)   Coulomb (SR)      Potential Pressure (bar)
   -1.60144e+05   -5.29969e+04    8.49200e+04    6.73330e+04    1.84066e+03

           Step           Time
            561      561.00000

           Step           Time
            562      562.00000

   Energies (kJ/mol)
           Bond            U-B    Proper Dih.  Improper Dih.          LJ-14
    3.22351e+03    6.45842e+04    1.10976e+05    1.31430e+03    1.51621e+04
     Coulomb-14        LJ (SR)   Coulomb (SR)      Potential Pressure (bar)
   -1.60137e+05   -5.30072e+04    8.49119e+04    6.70280e+04    1.85291e+03

           Step           Time
            563      563.00000

   Energies (kJ/mol)
           Bond            U-B    Proper Dih.  Improper Dih.          LJ-14
    3.54818e+03    6.44718e+04    1.10870e+05    1.31069e+03    1.51268e+04
     Coulomb-14        LJ (SR)   Coulomb (SR)      Potential Pressure (bar)
   -1.60124e+05   -5.30712e+04    8.48501e+04    6.69828e+04    1.81518e+03

           Step           Time
            564      564.00000

   Energies (kJ/mol)
           Bond            U-B    Proper Dih.  Improper Dih.          LJ-14
    3.26100e+03    6.43915e+04    1.10845e+05    1.31064e+03    1.51292e+04
     Coulomb-14        LJ (SR)   Coulomb (SR)      Potential Pressure (bar)
   -1.60114e+05   -5.30842e+04    8.48405e+04    6.65800e+04    1.83590e+03

           Step           Time
            565      565.00000

           Step           Time
            566      566.00000

   Energies (kJ/mol)
           Bond            U-B    Proper Dih.  Improper Dih.          LJ-14
    3.26713e+03    6.43510e+04    1.10817e+05    1.30869e+03    1.51170e+04
     Coulomb-14        LJ (SR)   Coulomb (SR)      Potential Pressure (bar)
   -1.60112e+05   -5.31026e+04    8.48149e+04    6.64615e+04    1.82264e+03

           Step           Time
            567      567.00000

   Energies (kJ/mol)
           Bond            U-B    Proper Dih.  Improper Dih.          LJ-14
    3.31323e+03    6.42930e+04    1.10781e+05    1.30955e+03    1.51142e+04
     Coulomb-14        LJ (SR)   Coulomb (SR)      Potential Pressure (bar)
   -1.60101e+05   -5.31227e+04    8.48106e+04    6.63983e+04    1.82151e+03

           Step           Time
            568      568.00000

   Energies (kJ/mol)
           Bond            U-B    Proper Dih.  Improper Dih.          LJ-14
    3.33055e+03    6.42580e+04    1.10751e+05    1.30676e+03    1.50992e+04
     Coulomb-14        LJ (SR)   Coulomb (SR)      Potential Pressure (bar)
   -1.60101e+05   -5.31416e+04    8.47770e+04    6.62798e+04    1.81402e+03

           Step           Time
            569      569.00000

   Energies (kJ/mol)
           Bond            U-B    Proper Dih.  Improper Dih.          LJ-14
    3.42045e+03    6.42043e+04    1.10714e+05    1.30791e+03    1.50993e+04
     Coulomb-14        LJ (SR)   Coulomb (SR)      Potential Pressure (bar)
   -1.60088e+05   -5.31609e+04    8.47814e+04    6.62789e+04    1.81199e+03

           Step           Time
            570      570.00000

   Energies (kJ/mol)
           Bond            U-B    Proper Dih.  Improper Dih.          LJ-14
    3.46521e+03    6.41769e+04    1.10682e+05    1.30431e+03    1.50814e+04
     Coulomb-14        LJ (SR)   Coulomb (SR)      Potential Pressure (bar)
   -1.60090e+05   -5.31799e+04    8.47383e+04    6.61780e+04    1.80257e+03

           Step           Time
            571      571.00000

           Step           Time
            572      572.00000

   Energies (kJ/mol)
           Bond            U-B    Proper Dih.  Improper Dih.          LJ-14
    3.20323e+03    6.41104e+04    1.10653e+05    1.30470e+03    1.50821e+04
     Coulomb-14        LJ (SR)   Coulomb (SR)      Potential Pressure (bar)
   -1.60082e+05   -5.31899e+04    8.47336e+04    6.58142e+04    1.81162e+03

           Step           Time
            573      573.00000

   Energies (kJ/mol)
           Bond            U-B    Proper Dih.  Improper Dih.          LJ-14
    3.54951e+03    6.40013e+04    1.10543e+05    1.30074e+03    1.50520e+04
     Coulomb-14        LJ (SR)   Coulomb (SR)      Potential Pressure (bar)
   -1.60064e+05   -5.32539e+04    8.46659e+04    6.57946e+04    1.78942e+03

           Step           Time
            574      574.00000

   Energies (kJ/mol)
           Bond            U-B    Proper Dih.  Improper Dih.          LJ-14
    3.25594e+03    6.39194e+04    1.10518e+05    1.30097e+03    1.50521e+04
     Coulomb-14        LJ (SR)   Coulomb (SR)      Potential Pressure (bar)
   -1.60056e+05   -5.32649e+04    8.46611e+04    6.53859e+04    1.80054e+03

           Step           Time
            575      575.00000

           Step           Time
            576      576.00000

   Energies (kJ/mol)
           Bond            U-B    Proper Dih.  Improper Dih.          LJ-14
    3.25362e+03    6.38823e+04    1.10489e+05    1.29885e+03    1.50411e+04
     Coulomb-14        LJ (SR)   Coulomb (SR)      Potential Pressure (bar)
   -1.60055e+05   -5.32823e+04    8.46338e+04    6.52619e+04    1.79245e+03

           Step           Time
            577      577.00000

   Energies (kJ/mol)
           Bond            U-B    Proper Dih.  Improper Dih.          LJ-14
    3.30611e+03    6.38279e+04    1.10453e+05    1.29970e+03    1.50359e+04
     Coulomb-14        LJ (SR)   Coulomb (SR)      Potential Pressure (bar)
   -1.60046e+05   -5.33011e+04    8.46322e+04    6.52083e+04    1.79201e+03

           Step           Time
            578      578.00000

   Energies (kJ/mol)
           Bond            U-B    Proper Dih.  Improper Dih.          LJ-14
    3.33598e+03    6.37963e+04    1.10423e+05    1.29682e+03    1.50233e+04
     Coulomb-14        LJ (SR)   Coulomb (SR)      Potential Pressure (bar)
   -1.60044e+05   -5.33200e+04    8.45954e+04    6.51062e+04    1.78442e+03

           Step           Time
            579      579.00000

   Energies (kJ/mol)
           Bond            U-B    Proper Dih.  Improper Dih.          LJ-14
    3.41997e+03    6.37430e+04    1.10387e+05    1.29760e+03    1.50216e+04
     Coulomb-14        LJ (SR)   Coulomb (SR)      Potential Pressure (bar)
   -1.60033e+05   -5.33374e+04    8.46045e+04    6.51033e+04    1.78152e+03

           Step           Time
            580      580.00000

   Energies (kJ/mol)
           Bond            U-B    Proper Dih.  Improper Dih.          LJ-14
    3.50897e+03    6.37243e+04    1.10354e+05    1.29406e+03    1.50059e+04
     Coulomb-14        LJ (SR)   Coulomb (SR)      Potential Pressure (bar)
   -1.60035e+05   -5.33569e+04    8.45588e+04    6.50547e+04    1.77442e+03

           Step           Time
            581      581.00000

           Step           Time
            582      582.00000

   Energies (kJ/mol)
           Bond            U-B    Proper Dih.  Improper Dih.          LJ-14
    3.18166e+03    6.36495e+04    1.10325e+05    1.29438e+03    1.50061e+04
     Coulomb-14        LJ (SR)   Coulomb (SR)      Potential Pressure (bar)
   -1.60027e+05   -5.33661e+04    8.45543e+04    6.46180e+04    1.77739e+03

           Step           Time
            583      583.00000

   Energies (kJ/mol)
           Bond            U-B    Proper Dih.  Improper Dih.          LJ-14
    3.63648e+03    6.35056e+04    1.10164e+05    1.29079e+03    1.49668e+04
     Coulomb-14        LJ (SR)   Coulomb (SR)      Potential Pressure (bar)
   -1.60001e+05   -5.34506e+04    8.44643e+04    6.45757e+04    1.75092e+03

           Step           Time
            584      584.00000

   Energies (kJ/mol)
           Bond            U-B    Proper Dih.  Improper Dih.          LJ-14
    3.23658e+03    6.34049e+04    1.10143e+05    1.29019e+03    1.49662e+04
     Coulomb-14        LJ (SR)   Coulomb (SR)      Potential Pressure (bar)
   -1.59994e+05   -5.34626e+04    8.44602e+04    6.40444e+04    1.76601e+03

           Step           Time
            585      585.00000

           Step           Time
            586      586.00000

   Energies (kJ/mol)
           Bond            U-B    Proper Dih.  Improper Dih.          LJ-14
    3.26420e+03    6.33692e+04    1.10117e+05    1.28764e+03    1.49547e+04
     Coulomb-14        LJ (SR)   Coulomb (SR)      Potential Pressure (bar)
   -1.59992e+05   -5.34804e+04    8.44327e+04    6.39527e+04    1.75225e+03

           Step           Time
            587      587.00000

   Energies (kJ/mol)
           Bond            U-B    Proper Dih.  Improper Dih.          LJ-14
    3.29141e+03    6.33190e+04    1.10080e+05    1.28832e+03    1.49509e+04
     Coulomb-14        LJ (SR)   Coulomb (SR)      Potential Pressure (bar)
   -1.59984e+05   -5.34958e+04    8.44302e+04    6.38804e+04    1.76639e+03

           Step           Time
            588      588.00000

   Energies (kJ/mol)
           Bond            U-B    Proper Dih.  Improper Dih.          LJ-14
    3.37219e+03    6.32921e+04    1.10050e+05    1.28538e+03    1.49373e+04
     Coulomb-14        LJ (SR)   Coulomb (SR)      Potential Pressure (bar)
   -1.59982e+05   -5.35154e+04    8.43973e+04    6.38371e+04    1.74037e+03

           Step           Time
            589      589.00000

   Energies (kJ/mol)
           Bond            U-B    Proper Dih.  Improper Dih.          LJ-14
    3.41903e+03    6.32384e+04    1.10013e+05    1.28655e+03    1.49364e+04
     Coulomb-14        LJ (SR)   Coulomb (SR)      Potential Pressure (bar)
   -1.59972e+05   -5.35298e+04    8.44017e+04    6.37933e+04    1.75471e+03

           Step           Time
            590      590.00000

           Step           Time
            591      591.00000

   Energies (kJ/mol)
           Bond            U-B    Proper Dih.  Improper Dih.          LJ-14
    3.16505e+03    6.31930e+04    1.09986e+05    1.28445e+03    1.49276e+04
     Coulomb-14        LJ (SR)   Coulomb (SR)      Potential Pressure (bar)
   -1.59972e+05   -5.35409e+04    8.43695e+04    6.34129e+04    1.74296e+03

           Step           Time
            592      592.00000

   Energies (kJ/mol)
           Bond            U-B    Proper Dih.  Improper Dih.          LJ-14
    3.56277e+03    6.29993e+04    1.09825e+05    1.28381e+03    1.48977e+04
     Coulomb-14        LJ (SR)   Coulomb (SR)      Potential Pressure (bar)
   -1.59934e+05   -5.36233e+04    8.43004e+04    6.33112e+04    1.72982e+03

           Step           Time
            593      593.00000

   Energies (kJ/mol)
           Bond            U-B    Proper Dih.  Improper Dih.          LJ-14
    3.19522e+03    6.29405e+04    1.09801e+05    1.28040e+03    1.48849e+04
     Coulomb-14        LJ (SR)   Coulomb (SR)      Potential Pressure (bar)
   -1.59939e+05   -5.36371e+04    8.42621e+04    6.27879e+04    1.72963e+03

           Step           Time
            594      594.00000

           Step           Time
            595      595.00000

   Energies (kJ/mol)
           Bond            U-B    Proper Dih.  Improper Dih.          LJ-14
    3.21079e+03    6.28796e+04    1.09779e+05    1.28002e+03    1.48786e+04
     Coulomb-14        LJ (SR)   Coulomb (SR)      Potential Pressure (bar)
   -1.59932e+05   -5.36540e+04    8.42566e+04    6.26987e+04    1.73763e+03

           Step           Time
            596      596.00000

   Energies (kJ/mol)
           Bond            U-B    Proper Dih.  Improper Dih.          LJ-14
    3.26376e+03    6.28539e+04    1.09738e+05    1.27728e+03    1.48684e+04
     Coulomb-14        LJ (SR)   Coulomb (SR)      Potential Pressure (bar)
   -1.59929e+05   -5.36717e+04    8.42270e+04    6.26273e+04    1.72167e+03

           Step           Time
            597      597.00000

   Energies (kJ/mol)
           Bond            U-B    Proper Dih.  Improper Dih.          LJ-14
    3.29013e+03    6.27895e+04    1.09710e+05    1.27836e+03    1.48630e+04
     Coulomb-14        LJ (SR)   Coulomb (SR)      Potential Pressure (bar)
   -1.59921e+05   -5.36881e+04    8.42274e+04    6.25495e+04    1.72289e+03

           Step           Time
            598      598.00000

   Energies (kJ/mol)
           Bond            U-B    Proper Dih.  Improper Dih.          LJ-14
    3.37787e+03    6.27739e+04    1.09669e+05    1.27473e+03    1.48521e+04
     Coulomb-14        LJ (SR)   Coulomb (SR)      Potential Pressure (bar)
   -1.59920e+05   -5.37052e+04    8.41937e+04    6.25167e+04    1.71785e+03

           Step           Time
            599      599.00000

   Energies (kJ/mol)
           Bond            U-B    Proper Dih.  Improper Dih.          LJ-14
    3.43934e+03    6.27059e+04    1.09641e+05    1.27696e+03    1.48477e+04
     Coulomb-14        LJ (SR)   Coulomb (SR)      Potential Pressure (bar)
   -1.59910e+05   -5.37212e+04    8.42006e+04    6.24805e+04    1.71208e+03

           Step           Time
            600      600.00000

           Step           Time
            601      601.00000

   Energies (kJ/mol)
           Bond            U-B    Proper Dih.  Improper Dih.          LJ-14
    3.14037e+03    6.26593e+04    1.09611e+05    1.27444e+03    1.48407e+04
     Coulomb-14        LJ (SR)   Coulomb (SR)      Potential Pressure (bar)
   -1.59910e+05   -5.37307e+04    8.41658e+04    6.20506e+04    1.71545e+03

           Step           Time
            602      602.00000

   Energies (kJ/mol)
           Bond            U-B    Proper Dih.  Improper Dih.          LJ-14
    3.22792e+03    6.25244e+04    1.09525e+05    1.27403e+03    1.48226e+04
     Coulomb-14        LJ (SR)   Coulomb (SR)      Potential Pressure (bar)
   -1.59891e+05   -5.37760e+04    8.41304e+04    6.18371e+04    1.70679e+03

           Step           Time
            603      603.00000

           Step           Time
            604      604.00000

   Energies (kJ/mol)
           Bond            U-B    Proper Dih.  Improper Dih.          LJ-14
    3.15151e+03    6.24918e+04    1.09501e+05    1.27133e+03    1.48145e+04
     Coulomb-14        LJ (SR)   Coulomb (SR)      Potential Pressure (bar)
   -1.59892e+05   -5.37866e+04    8.41046e+04    6.16569e+04    1.69791e+03

           Step           Time
            605      605.00000

   Energies (kJ/mol)
           Bond            U-B    Proper Dih.  Improper Dih.          LJ-14
    3.27678e+03    6.24035e+04    1.09452e+05    1.27208e+03    1.48043e+04
     Coulomb-14        LJ (SR)   Coulomb (SR)      Potential Pressure (bar)
   -1.59879e+05   -5.38146e+04    8.40982e+04    6.16135e+04    1.70173e+03

           Step           Time
            606      606.00000

   Energies (kJ/mol)
           Bond            U-B    Proper Dih.  Improper Dih.          LJ-14
    3.21350e+03    6.23745e+04    1.09421e+05    1.26826e+03    1.47947e+04
     Coulomb-14        LJ (SR)   Coulomb (SR)      Potential Pressure (bar)
   -1.59879e+05   -5.38276e+04    8.40586e+04    6.14237e+04    1.69592e+03

           Step           Time
            607      607.00000

           Step           Time
            608      608.00000

   Energies (kJ/mol)
           Bond            U-B    Proper Dih.  Improper Dih.          LJ-14
    3.13370e+03    6.23188e+04    1.09400e+05    1.26840e+03    1.47908e+04
     Coulomb-14        LJ (SR)   Coulomb (SR)      Potential Pressure (bar)
   -1.59873e+05   -5.38397e+04    8.40557e+04    6.12545e+04    1.70031e+03

           Step           Time
            609      609.00000

   Energies (kJ/mol)
           Bond            U-B    Proper Dih.  Improper Dih.          LJ-14
    3.21387e+03    6.22699e+04    1.09349e+05    1.26613e+03    1.47768e+04
     Coulomb-14        LJ (SR)   Coulomb (SR)      Potential Pressure (bar)
   -1.59868e+05   -5.38642e+04    8.40185e+04    6.11618e+04    1.68740e+03

           Step           Time
            610      610.00000

   Energies (kJ/mol)
           Bond            U-B    Proper Dih.  Improper Dih.          LJ-14
    3.24633e+03    6.21950e+04    1.09323e+05    1.26651e+03    1.47741e+04
     Coulomb-14        LJ (SR)   Coulomb (SR)      Potential Pressure (bar)
   -1.59857e+05   -5.38828e+04    8.40268e+04    6.10919e+04    1.68975e+03

           Step           Time
            611      611.00000

   Energies (kJ/mol)
           Bond            U-B    Proper Dih.  Improper Dih.          LJ-14
    3.30910e+03    6.21877e+04    1.09286e+05    1.26327e+03    1.47610e+04
     Coulomb-14        LJ (SR)   Coulomb (SR)      Potential Pressure (bar)
   -1.59858e+05   -5.38982e+04    8.39852e+04    6.10355e+04    1.68108e+03

           Step           Time
            612      612.00000

   Energies (kJ/mol)
           Bond            U-B    Proper Dih.  Improper Dih.          LJ-14
    3.37464e+03    6.21100e+04    1.09259e+05    1.26494e+03    1.47603e+04
     Coulomb-14        LJ (SR)   Coulomb (SR)      Potential Pressure (bar)
   -1.59845e+05   -5.39167e+04    8.40003e+04    6.10078e+04    1.68130e+03

           Step           Time
            613      613.00000

           Step           Time
            614      614.00000

   Energies (kJ/mol)
           Bond            U-B    Proper Dih.  Improper Dih.          LJ-14
    3.11314e+03    6.20760e+04    1.09231e+05    1.26247e+03    1.47521e+04
     Coulomb-14        LJ (SR)   Coulomb (SR)      Potential Pressure (bar)
   -1.59846e+05   -5.39251e+04    8.39613e+04    6.06246e+04    1.68080e+03

           Step           Time
            615      615.00000

   Energies (kJ/mol)
           Bond            U-B    Proper Dih.  Improper Dih.          LJ-14
    3.16541e+03    6.19650e+04    1.09153e+05    1.26158e+03    1.47366e+04
     Coulomb-14        LJ (SR)   Coulomb (SR)      Potential Pressure (bar)
   -1.59829e+05   -5.39668e+04    8.39289e+04    6.04143e+04    1.67408e+03

           Step           Time
            616      616.00000

           Step           Time
            617      617.00000

   Energies (kJ/mol)
           Bond            U-B    Proper Dih.  Improper Dih.          LJ-14
    3.13936e+03    6.19384e+04    1.09125e+05    1.25948e+03    1.47297e+04
     Coulomb-14        LJ (SR)   Coulomb (SR)      Potential Pressure (bar)
   -1.59828e+05   -5.39788e+04    8.39017e+04    6.02869e+04    1.66916e+03

           Step           Time
            618      618.00000

   Energies (kJ/mol)
           Bond            U-B    Proper Dih.  Improper Dih.          LJ-14
    3.21382e+03    6.18759e+04    1.09088e+05    1.26060e+03    1.47212e+04
     Coulomb-14        LJ (SR)   Coulomb (SR)      Potential Pressure (bar)
   -1.59818e+05   -5.40021e+04    8.38981e+04    6.02377e+04    1.66699e+03

           Step           Time
            619      619.00000

   Energies (kJ/mol)
           Bond            U-B    Proper Dih.  Improper Dih.          LJ-14
    3.17308e+03    6.18518e+04    1.09055e+05    1.25765e+03    1.47147e+04
     Coulomb-14        LJ (SR)   Coulomb (SR)      Potential Pressure (bar)
   -1.59816e+05   -5.40144e+04    8.38662e+04    6.00877e+04    1.66167e+03

           Step           Time
            620      620.00000

           Step           Time
            621      621.00000

   Energies (kJ/mol)
           Bond            U-B    Proper Dih.  Improper Dih.          LJ-14
    3.11056e+03    6.18075e+04    1.09033e+05    1.25790e+03    1.47105e+04
     Coulomb-14        LJ (SR)   Coulomb (SR)      Potential Pressure (bar)
   -1.59811e+05   -5.40262e+04    8.38589e+04    5.99420e+04    1.66537e+03

           Step           Time
            622      622.00000

   Energies (kJ/mol)
           Bond            U-B    Proper Dih.  Improper Dih.          LJ-14
    3.18562e+03    6.17539e+04    1.08976e+05    1.25602e+03    1.46981e+04
     Coulomb-14        LJ (SR)   Coulomb (SR)      Potential Pressure (bar)
   -1.59803e+05   -5.40543e+04    8.38267e+04    5.98392e+04    1.65590e+03

           Step           Time
            623      623.00000

   Energies (kJ/mol)
           Bond            U-B    Proper Dih.  Improper Dih.          LJ-14
    3.13602e+03    6.16994e+04    1.08953e+05    1.25628e+03    1.46940e+04
     Coulomb-14        LJ (SR)   Coulomb (SR)      Potential Pressure (bar)
   -1.59796e+05   -5.40683e+04    8.38180e+04    5.96925e+04    1.65564e+03

           Step           Time
            624      624.00000

   Energies (kJ/mol)
           Bond            U-B    Proper Dih.  Improper Dih.          LJ-14
    3.24146e+03    6.16800e+04    1.08912e+05    1.25352e+03    1.46829e+04
     Coulomb-14        LJ (SR)   Coulomb (SR)      Potential Pressure (bar)
   -1.59793e+05   -5.40890e+04    8.37953e+04    5.96832e+04    1.65181e+03

           Step           Time
            625      625.00000

   Energies (kJ/mol)
           Bond            U-B    Proper Dih.  Improper Dih.          LJ-14
    3.19719e+03    6.16136e+04    1.08885e+05    1.25445e+03    1.46800e+04
     Coulomb-14        LJ (SR)   Coulomb (SR)      Potential Pressure (bar)
   -1.59783e+05   -5.41047e+04    8.37866e+04    5.95298e+04    1.64264e+03

           Step           Time
            626      626.00000

           Step           Time
            627      627.00000

   Energies (kJ/mol)
           Bond            U-B    Proper Dih.  Improper Dih.          LJ-14
    3.10123e+03    6.15951e+04    1.08856e+05    1.25272e+03    1.46736e+04
     Coulomb-14        LJ (SR)   Coulomb (SR)      Potential Pressure (bar)
   -1.59782e+05   -5.41137e+04    8.37664e+04    5.93485e+04    1.65111e+03

           Step           Time
            628      628.00000

   Energies (kJ/mol)
           Bond            U-B    Proper Dih.  Improper Dih.          LJ-14
    3.26931e+03    6.15066e+04    1.08789e+05    1.25254e+03    1.46587e+04
     Coulomb-14        LJ (SR)   Coulomb (SR)      Potential Pressure (bar)
   -1.59766e+05   -5.41534e+04    8.37412e+04    5.92973e+04    1.63843e+03

           Step           Time
            629      629.00000

   Energies (kJ/mol)
           Bond            U-B    Proper Dih.  Improper Dih.          LJ-14
    3.13035e+03    6.14804e+04    1.08757e+05    1.24994e+03    1.46522e+04
     Coulomb-14        LJ (SR)   Coulomb (SR)      Potential Pressure (bar)
   -1.59766e+05   -5.41633e+04    8.37142e+04    5.90552e+04    1.63319e+03

           Step           Time
            630      630.00000

           Step           Time
            631      631.00000

   Energies (kJ/mol)
           Bond            U-B    Proper Dih.  Improper Dih.          LJ-14
    3.11889e+03    6.14331e+04    1.08733e+05    1.24991e+03    1.46473e+04
     Coulomb-14        LJ (SR)   Coulomb (SR)      Potential Pressure (bar)
   -1.59759e+05   -5.41777e+04    8.37027e+04    5.89478e+04    1.62692e+03

           Step           Time
            632      632.00000

   Energies (kJ/mol)
           Bond            U-B    Proper Dih.  Improper Dih.          LJ-14
    3.15501e+03    6.14094e+04    1.08695e+05    1.24807e+03    1.46387e+04
     Coulomb-14        LJ (SR)   Coulomb (SR)      Potential Pressure (bar)
   -1.59756e+05   -5.41951e+04    8.36835e+04    5.88789e+04    1.63394e+03

           Step           Time
            633      633.00000

   Energies (kJ/mol)
           Bond            U-B    Proper Dih.  Improper Dih.          LJ-14
    3.16044e+03    6.13545e+04    1.08671e+05    1.24768e+03    1.46342e+04
     Coulomb-14        LJ (SR)   Coulomb (SR)      Potential Pressure (bar)
   -1.59747e+05   -5.42111e+04    8.36725e+04    5.87820e+04    1.62361e+03

           Step           Time
            634      634.00000

   Energies (kJ/mol)
           Bond            U-B    Proper Dih.  Improper Dih.          LJ-14
    3.21819e+03    6.13452e+04    1.08634e+05    1.24539e+03    1.46248e+04
     Coulomb-14        LJ (SR)   Coulomb (SR)      Potential Pressure (bar)
   -1.59745e+05   -5.42269e+04    8.36517e+04    5.87467e+04    1.62542e+03

           Step           Time
            635      635.00000

   Energies (kJ/mol)
           Bond            U-B    Proper Dih.  Improper Dih.          LJ-14
    3.25042e+03    6.12833e+04    1.08609e+05    1.24535e+03    1.46211e+04
     Coulomb-14        LJ (SR)   Coulomb (SR)      Potential Pressure (bar)
   -1.59736e+05   -5.42447e+04    8.36463e+04    5.86749e+04    1.61784e+03

           Step           Time
            636      636.00000

           Step           Time
            637      637.00000

   Energies (kJ/mol)
           Bond            U-B    Proper Dih.  Improper Dih.          LJ-14
    3.08275e+03    6.12603e+04    1.08579e+05    1.24420e+03    1.46152e+04
     Coulomb-14        LJ (SR)   Coulomb (SR)      Potential Pressure (bar)
   -1.59736e+05   -5.42522e+04    8.36225e+04    5.84163e+04    1.62694e+03

           Step           Time
            638      638.00000

   Energies (kJ/mol)
           Bond            U-B    Proper Dih.  Improper Dih.          LJ-14
    3.23002e+03    6.11469e+04    1.08473e+05    1.24250e+03    1.45910e+04
     Coulomb-14        LJ (SR)   Coulomb (SR)      Potential Pressure (bar)
   -1.59716e+05   -5.43083e+04    8.35783e+04    5.82369e+04    1.60723e+03

           Step           Time
            639      639.00000

   Energies (kJ/mol)
           Bond            U-B    Proper Dih.  Improper Dih.          LJ-14
    3.15996e+03    6.11186e+04    1.08446e+05    1.24038e+03    1.45853e+04
     Coulomb-14        LJ (SR)   Coulomb (SR)      Potential Pressure (bar)
   -1.59714e+05   -5.43194e+04    8.35515e+04    5.80686e+04    1.61172e+03

           Step           Time
            640      640.00000

           Step           Time
            641      641.00000

   Energies (kJ/mol)
           Bond            U-B    Proper Dih.  Improper Dih.          LJ-14
    3.08665e+03    6.10735e+04    1.08425e+05    1.24018e+03    1.45811e+04
     Coulomb-14        LJ (SR)   Coulomb (SR)      Potential Pressure (bar)
   -1.59709e+05   -5.43311e+04    8.35420e+04    5.79074e+04    1.61022e+03

           Step           Time
            642      642.00000

   Energies (kJ/mol)
           Bond            U-B    Proper Dih.  Improper Dih.          LJ-14
    3.18475e+03    6.10382e+04    1.08374e+05    1.23854e+03    1.45682e+04
     Coulomb-14        LJ (SR)   Coulomb (SR)      Potential Pressure (bar)
   -1.59702e+05   -5.43567e+04    8.35126e+04    5.78574e+04    1.60893e+03

           Step           Time
            643      643.00000

   Energies (kJ/mol)
           Bond            U-B    Proper Dih.  Improper Dih.          LJ-14
    3.12186e+03    6.09813e+04    1.08350e+05    1.23794e+03    1.45652e+04
     Coulomb-14        LJ (SR)   Coulomb (SR)      Potential Pressure (bar)
   -1.59695e+05   -5.43707e+04    8.35036e+04    5.76946e+04    1.60738e+03

           Step           Time
            644      644.00000

           Step           Time
            645      645.00000

   Energies (kJ/mol)
           Bond            U-B    Proper Dih.  Improper Dih.          LJ-14
    3.07903e+03    6.09652e+04    1.08323e+05    1.23702e+03    1.45587e+04
     Coulomb-14        LJ (SR)   Coulomb (SR)      Potential Pressure (bar)
   -1.59693e+05   -5.43803e+04    8.34859e+04    5.75753e+04    1.60775e+03

           Step           Time
            646      646.00000

   Energies (kJ/mol)
           Bond            U-B    Proper Dih.  Improper Dih.          LJ-14
    3.14423e+03    6.09026e+04    1.08283e+05    1.23518e+03    1.45508e+04
     Coulomb-14        LJ (SR)   Coulomb (SR)      Potential Pressure (bar)
   -1.59682e+05   -5.44058e+04    8.34695e+04    5.74975e+04    1.59840e+03

           Step           Time
            647      647.00000

   Energies (kJ/mol)
           Bond            U-B    Proper Dih.  Improper Dih.          LJ-14
    3.10053e+03    6.08861e+04    1.08252e+05    1.23414e+03    1.45424e+04
     Coulomb-14        LJ (SR)   Coulomb (SR)      Potential Pressure (bar)
   -1.59681e+05   -5.44169e+04    8.34482e+04    5.73655e+04    1.60193e+03

           Step           Time
            648      648.00000

           Step           Time
            649      649.00000

   Energies (kJ/mol)
           Bond            U-B    Proper Dih.  Improper Dih.          LJ-14
    3.07309e+03    6.08467e+04    1.08232e+05    1.23349e+03    1.45396e+04
     Coulomb-14        LJ (SR)   Coulomb (SR)      Potential Pressure (bar)
   -1.59675e+05   -5.44282e+04    8.34376e+04    5.72587e+04    1.60080e+03

           Step           Time
            650      650.00000

   Energies (kJ/mol)
           Bond            U-B    Proper Dih.  Improper Dih.          LJ-14
    3.10347e+03    6.08136e+04    1.08189e+05    1.23271e+03    1.45283e+04
     Coulomb-14        LJ (SR)   Coulomb (SR)      Potential Pressure (bar)
   -1.59670e+05   -5.44492e+04    8.34154e+04    5.71635e+04    1.59737e+03

           Step           Time
            651      651.00000

   Energies (kJ/mol)
           Bond            U-B    Proper Dih.  Improper Dih.          LJ-14
    3.08410e+03    6.07687e+04    1.08167e+05    1.23191e+03    1.45259e+04
     Coulomb-14        LJ (SR)   Coulomb (SR)      Potential Pressure (bar)
   -1.59663e+05   -5.44619e+04    8.34031e+04    5.70560e+04    1.59838e+03

           Step           Time
            652      652.00000

   Energies (kJ/mol)
           Bond            U-B    Proper Dih.  Improper Dih.          LJ-14
    3.12817e+03    6.07489e+04    1.08129e+05    1.23031e+03    1.45138e+04
     Coulomb-14        LJ (SR)   Coulomb (SR)      Potential Pressure (bar)
   -1.59660e+05   -5.44803e+04    8.33850e+04    5.69947e+04    1.59038e+03

           Step           Time
            653      653.00000

   Energies (kJ/mol)
           Bond            U-B    Proper Dih.  Improper Dih.          LJ-14
    3.11245e+03    6.06954e+04    1.08106e+05    1.22972e+03    1.45126e+04
     Coulomb-14        LJ (SR)   Coulomb (SR)      Potential Pressure (bar)
   -1.59651e+05   -5.44945e+04    8.33744e+04    5.68852e+04    1.58340e+03

           Step           Time
            654      654.00000

   Energies (kJ/mol)
           Bond            U-B    Proper Dih.  Improper Dih.          LJ-14
    3.19534e+03    6.06887e+04    1.08069e+05    1.22867e+03    1.45000e+04
     Coulomb-14        LJ (SR)   Coulomb (SR)      Potential Pressure (bar)
   -1.59650e+05   -5.45114e+04    8.33532e+04    5.68742e+04    1.58203e+03

           Step           Time
            655      655.00000

   Energies (kJ/mol)
           Bond            U-B    Proper Dih.  Improper Dih.          LJ-14
    3.19165e+03    6.06261e+04    1.08045e+05    1.22803e+03    1.45011e+04
     Coulomb-14        LJ (SR)   Coulomb (SR)      Potential Pressure (bar)
   -1.59637e+05   -5.45271e+04    8.33462e+04    5.67742e+04    1.58069e+03

           Step           Time
            656      656.00000

           Step           Time
            657      657.00000

   Energies (kJ/mol)
           Bond            U-B    Proper Dih.  Improper Dih.          LJ-14
    3.06207e+03    6.06094e+04    1.08016e+05    1.22731e+03    1.44919e+04
     Coulomb-14        LJ (SR)   Coulomb (SR)      Potential Pressure (bar)
   -1.59639e+05   -5.45352e+04    8.33226e+04    5.65548e+04    1.58216e+03

           Step           Time
            658      658.00000

           Step           Time
            659      659.00000

   Energies (kJ/mol)
           Bond            U-B    Proper Dih.  Improper Dih.          LJ-14
    3.08801e+03    6.05552e+04    1.07977e+05    1.22659e+03    1.44862e+04
     Coulomb-14        LJ (SR)   Coulomb (SR)      Potential Pressure (bar)
   -1.59628e+05   -5.45562e+04    8.33042e+04    5.64534e+04    1.57852e+03

           Step           Time
            660      660.00000

   Energies (kJ/mol)
           Bond            U-B    Proper Dih.  Improper Dih.          LJ-14
    3.07372e+03    6.05380e+04    1.07950e+05    1.22570e+03    1.44774e+04
     Coulomb-14        LJ (SR)   Coulomb (SR)      Potential Pressure (bar)
   -1.59627e+05   -5.45677e+04    8.32871e+04    5.63570e+04    1.57282e+03

           Step           Time
            661      661.00000

   Energies (kJ/mol)
           Bond            U-B    Proper Dih.  Improper Dih.          LJ-14
    3.11621e+03    6.04859e+04    1.07918e+05    1.22467e+03    1.44734e+04
     Coulomb-14        LJ (SR)   Coulomb (SR)      Potential Pressure (bar)
   -1.59616e+05   -5.45871e+04    8.32751e+04    5.62903e+04    1.56923e+03

           Step           Time
            662      662.00000

   Energies (kJ/mol)
           Bond            U-B    Proper Dih.  Improper Dih.          LJ-14
    3.10608e+03    6.04728e+04    1.07887e+05    1.22360e+03    1.44631e+04
     Coulomb-14        LJ (SR)   Coulomb (SR)      Potential Pressure (bar)
   -1.59616e+05   -5.45992e+04    8.32525e+04    5.61897e+04    1.56887e+03

           Step           Time
            663      663.00000

   Energies (kJ/mol)
           Bond            U-B    Proper Dih.  Improper Dih.          LJ-14
    3.16630e+03    6.04204e+04    1.07861e+05    1.22302e+03    1.44610e+04
     Coulomb-14        LJ (SR)   Coulomb (SR)      Potential Pressure (bar)
   -1.59603e+05   -5.46177e+04    8.32461e+04    5.61574e+04    1.56142e+03

           Step           Time
            664      664.00000

   Energies (kJ/mol)
           Bond            U-B    Proper Dih.  Improper Dih.          LJ-14
    3.18551e+03    6.04155e+04    1.07827e+05    1.22154e+03    1.44492e+04
     Coulomb-14        LJ (SR)   Coulomb (SR)      Potential Pressure (bar)
   -1.59605e+05   -5.46307e+04    8.32212e+04    5.60842e+04    1.55915e+03

           Step           Time
            665      665.00000

           Step           Time
            666      666.00000

   Energies (kJ/mol)
           Bond            U-B    Proper Dih.  Improper Dih.          LJ-14
    3.04826e+03    6.03640e+04    1.07807e+05    1.22158e+03    1.44486e+04
     Coulomb-14        LJ (SR)   Coulomb (SR)      Potential Pressure (bar)
   -1.59598e+05   -5.46400e+04    8.32090e+04    5.58604e+04    1.56044e+03

           Step           Time
            667      667.00000

   Energies (kJ/mol)
           Bond            U-B    Proper Dih.  Improper Dih.          LJ-14
    3.26637e+03    6.02861e+04    1.07700e+05    1.21905e+03    1.44242e+04
     Coulomb-14        LJ (SR)   Coulomb (SR)      Potential Pressure (bar)
   -1.59579e+05   -5.46930e+04    8.31521e+04    5.57765e+04    1.55961e+03

           Step           Time
            668      668.00000

   Energies (kJ/mol)
           Bond            U-B    Proper Dih.  Improper Dih.          LJ-14
    3.08377e+03    6.02176e+04    1.07681e+05    1.21934e+03    1.44225e+04
     Coulomb-14        LJ (SR)   Coulomb (SR)      Potential Pressure (bar)
   -1.59571e+05   -5.47038e+04    8.31405e+04    5.54898e+04    1.55175e+03

           Step           Time
            669      669.00000

           Step           Time
            670      670.00000

   Energies (kJ/mol)
           Bond            U-B    Proper Dih.  Improper Dih.          LJ-14
    3.07627e+03    6.02019e+04    1.07651e+05    1.21775e+03    1.44140e+04
     Coulomb-14        LJ (SR)   Coulomb (SR)      Potential Pressure (bar)
   -1.59571e+05   -5.47163e+04    8.31229e+04    5.53972e+04    1.55378e+03

           Step           Time
            671      671.00000

   Energies (kJ/mol)
           Bond            U-B    Proper Dih.  Improper Dih.          LJ-14
    3.12393e+03    6.01525e+04    1.07625e+05    1.21729e+03    1.44102e+04
     Coulomb-14        LJ (SR)   Coulomb (SR)      Potential Pressure (bar)
   -1.59560e+05   -5.47336e+04    8.31141e+04    5.53494e+04    1.54214e+03

           Step           Time
            672      672.00000

   Energies (kJ/mol)
           Bond            U-B    Proper Dih.  Improper Dih.          LJ-14
    3.12496e+03    6.01411e+04    1.07592e+05    1.21525e+03    1.44005e+04
     Coulomb-14        LJ (SR)   Coulomb (SR)      Potential Pressure (bar)
   -1.59560e+05   -5.47463e+04    8.30920e+04    5.52592e+04    1.54960e+03

           Step           Time
            673      673.00000

   Energies (kJ/mol)
           Bond            U-B    Proper Dih.  Improper Dih.          LJ-14
    3.20407e+03    6.00902e+04    1.07571e+05    1.21571e+03    1.43983e+04
     Coulomb-14        LJ (SR)   Coulomb (SR)      Potential Pressure (bar)
   -1.59548e+05   -5.47633e+04    8.30887e+04    5.52568e+04    1.53842e+03

           Step           Time
            674      674.00000

   Energies (kJ/mol)
           Bond            U-B    Proper Dih.  Improper Dih.          LJ-14
    3.23970e+03    6.00894e+04    1.07534e+05    1.21327e+03    1.43866e+04
     Coulomb-14        LJ (SR)   Coulomb (SR)      Potential Pressure (bar)
   -1.59551e+05   -5.47763e+04    8.30619e+04    5.51975e+04    1.53889e+03

           Step           Time
            675      675.00000

           Step           Time
            676      676.00000

   Energies (kJ/mol)
           Bond            U-B    Proper Dih.  Improper Dih.          LJ-14
    3.03586e+03    6.00308e+04    1.07512e+05    1.21389e+03    1.43861e+04
     Coulomb-14        LJ (SR)   Coulomb (SR)      Potential Pressure (bar)
   -1.59543e+05   -5.47849e+04    8.30484e+04    5.48996e+04    1.53685e+03

           Step           Time
            677      677.00000

   Energies (kJ/mol)
           Bond            U-B    Proper Dih.  Improper Dih.          LJ-14
    3.23453e+03    5.99658e+04    1.07416e+05    1.21145e+03    1.43635e+04
     Coulomb-14        LJ (SR)   Coulomb (SR)      Potential Pressure (bar)
   -1.59529e+05   -5.48317e+04    8.29932e+04    5.48241e+04    1.53512e+03

           Step           Time
            678      678.00000

   Energies (kJ/mol)
           Bond            U-B    Proper Dih.  Improper Dih.          LJ-14
    3.07348e+03    5.99023e+04    1.07397e+05    1.21257e+03    1.43627e+04
     Coulomb-14        LJ (SR)   Coulomb (SR)      Potential Pressure (bar)
   -1.59521e+05   -5.48417e+04    8.29887e+04    5.45748e+04    1.53018e+03

           Step           Time
            679      679.00000

           Step           Time
            680      680.00000

   Energies (kJ/mol)
           Bond            U-B    Proper Dih.  Improper Dih.          LJ-14
    3.06480e+03    5.98829e+04    1.07372e+05    1.21062e+03    1.43542e+04
     Coulomb-14        LJ (SR)   Coulomb (SR)      Potential Pressure (bar)
   -1.59520e+05   -5.48538e+04    8.29694e+04    5.44794e+04    1.53048e+03

           Step           Time
            681      681.00000

   Energies (kJ/mol)
           Bond            U-B    Proper Dih.  Improper Dih.          LJ-14
    3.11148e+03    5.98418e+04    1.07340e+05    1.21064e+03    1.43500e+04
     Coulomb-14        LJ (SR)   Coulomb (SR)      Potential Pressure (bar)
   -1.59510e+05   -5.48700e+04    8.29574e+04    5.44314e+04    1.51516e+03

           Step           Time
            682      682.00000

   Energies (kJ/mol)
           Bond            U-B    Proper Dih.  Improper Dih.          LJ-14
    3.12482e+03    5.98225e+04    1.07312e+05    1.20797e+03    1.43404e+04
     Coulomb-14        LJ (SR)   Coulomb (SR)      Potential Pressure (bar)
   -1.59510e+05   -5.48833e+04    8.29381e+04    5.43526e+04    1.52112e+03

           Step           Time
            683      683.00000

   Energies (kJ/mol)
           Bond            U-B    Proper Dih.  Improper Dih.          LJ-14
    3.19395e+03    5.97813e+04    1.07283e+05    1.20939e+03    1.43390e+04
     Coulomb-14        LJ (SR)   Coulomb (SR)      Potential Pressure (bar)
   -1.59497e+05   -5.48978e+04    8.29308e+04    5.43424e+04    1.50802e+03

           Step           Time
            684      684.00000

   Energies (kJ/mol)
           Bond            U-B    Proper Dih.  Improper Dih.          LJ-14
    3.27287e+03    5.97744e+04    1.07254e+05    1.20561e+03    1.43267e+04
     Coulomb-14        LJ (SR)   Coulomb (SR)      Potential Pressure (bar)
   -1.59500e+05   -5.49129e+04    8.29103e+04    5.43311e+04    1.51385e+03

           Step           Time
            685      685.00000

           Step           Time
            686      686.00000

   Energies (kJ/mol)
           Bond            U-B    Proper Dih.  Improper Dih.          LJ-14
    3.02453e+03    5.97156e+04    1.07237e+05    1.20652e+03    1.43264e+04
     Coulomb-14        LJ (SR)   Coulomb (SR)      Potential Pressure (bar)
   -1.59492e+05   -5.49202e+04    8.28924e+04    5.39902e+04    1.50633e+03

           Step           Time
            687      687.00000

   Energies (kJ/mol)
           Bond            U-B    Proper Dih.  Improper Dih.          LJ-14
    3.27410e+03    5.96295e+04    1.07133e+05    1.20274e+03    1.43023e+04
     Coulomb-14        LJ (SR)   Coulomb (SR)      Potential Pressure (bar)
   -1.59472e+05   -5.49739e+04    8.28380e+04    5.39340e+04    1.49507e+03

           Step           Time
            688      688.00000

   Energies (kJ/mol)
           Bond            U-B    Proper Dih.  Improper Dih.          LJ-14
    3.18718e+03    5.95787e+04    1.07111e+05    1.20545e+03    1.43008e+04
     Coulomb-14        LJ (SR)   Coulomb (SR)      Potential Pressure (bar)
   -1.59462e+05   -5.49838e+04    8.28237e+04    5.37603e+04    1.49578e+03

           Step           Time
            689      689.00000

           Step           Time
            690      690.00000

   Energies (kJ/mol)
           Bond            U-B    Proper Dih.  Improper Dih.          LJ-14
    3.02849e+03    5.95454e+04    1.07093e+05    1.20211e+03    1.42940e+04
     Coulomb-14        LJ (SR)   Coulomb (SR)      Potential Pressure (bar)
   -1.59464e+05   -5.49931e+04    8.28058e+04    5.35114e+04    1.50340e+03

           Step           Time
            691      691.00000

           Step           Time
            692      692.00000

   Energies (kJ/mol)
           Bond            U-B    Proper Dih.  Improper Dih.          LJ-14
    3.05857e+03    5.95037e+04    1.07058e+05    1.20289e+03    1.42872e+04
     Coulomb-14        LJ (SR)   Coulomb (SR)      Potential Pressure (bar)
   -1.59455e+05   -5.50107e+04    8.27872e+04    5.34317e+04    1.48489e+03

           Step           Time
            693      693.00000

   Energies (kJ/mol)
           Bond            U-B    Proper Dih.  Improper Dih.          LJ-14
    3.03997e+03    5.94776e+04    1.07037e+05    1.20051e+03    1.42809e+04
     Coulomb-14        LJ (SR)   Coulomb (SR)      Potential Pressure (bar)
   -1.59454e+05   -5.50223e+04    8.27737e+04    5.33341e+04    1.49212e+03

           Step           Time
            694      694.00000

   Energies (kJ/mol)
           Bond            U-B    Proper Dih.  Improper Dih.          LJ-14
    3.08438e+03    5.94399e+04    1.07006e+05    1.20183e+03    1.42757e+04
     Coulomb-14        LJ (SR)   Coulomb (SR)      Potential Pressure (bar)
   -1.59443e+05   -5.50380e+04    8.27579e+04    5.32841e+04    1.48177e+03

           Step           Time
            695      695.00000

   Energies (kJ/mol)
           Bond            U-B    Proper Dih.  Improper Dih.          LJ-14
    3.07467e+03    5.94130e+04    1.06985e+05    1.19884e+03    1.42680e+04
     Coulomb-14        LJ (SR)   Coulomb (SR)      Potential Pressure (bar)
   -1.59443e+05   -5.50510e+04    8.27444e+04    5.31894e+04    1.48261e+03

           Step           Time
            696      696.00000

   Energies (kJ/mol)
           Bond            U-B    Proper Dih.  Improper Dih.          LJ-14
    3.13147e+03    5.93792e+04    1.06956e+05    1.20075e+03    1.42646e+04
     Coulomb-14        LJ (SR)   Coulomb (SR)      Potential Pressure (bar)
   -1.59432e+05   -5.50648e+04    8.27299e+04    5.31652e+04    1.47007e+03

           Step           Time
            697      697.00000

   Energies (kJ/mol)
           Bond            U-B    Proper Dih.  Improper Dih.          LJ-14
    3.15690e+03    5.93544e+04    1.06935e+05    1.19678e+03    1.42552e+04
     Coulomb-14        LJ (SR)   Coulomb (SR)      Potential Pressure (bar)
   -1.59433e+05   -5.50793e+04    8.27172e+04    5.31033e+04    1.47498e+03

           Step           Time
            698      698.00000

           Step           Time
            699      699.00000

   Energies (kJ/mol)
           Bond            U-B    Proper Dih.  Improper Dih.          LJ-14
    3.00994e+03    5.93156e+04    1.06912e+05    1.19822e+03    1.42538e+04
     Coulomb-14        LJ (SR)   Coulomb (SR)      Potential Pressure (bar)
   -1.59426e+05   -5.50863e+04    8.26983e+04    5.28752e+04    1.47207e+03

           Step           Time
            700      700.00000

   Energies (kJ/mol)
           Bond            U-B    Proper Dih.  Improper Dih.          LJ-14
    3.12948e+03    5.92387e+04    1.06842e+05    1.19411e+03    1.42344e+04
     Coulomb-14        LJ (SR)   Coulomb (SR)      Potential Pressure (bar)
   -1.59412e+05   -5.51264e+04    8.26582e+04    5.27582e+04    1.45992e+03

           Step           Time
            701      701.00000

   Energies (kJ/mol)
           Bond            U-B    Proper Dih.  Improper Dih.          LJ-14
    3.12673e+03    5.92010e+04    1.06818e+05    1.19685e+03    1.42328e+04
     Coulomb-14        LJ (SR)   Coulomb (SR)      Potential Pressure (bar)
   -1.59401e+05   -5.51382e+04    8.26448e+04    5.26805e+04    1.46805e+03

           Step           Time
            702      702.00000

           Step           Time
            703      703.00000

   Energies (kJ/mol)
           Bond            U-B    Proper Dih.  Improper Dih.          LJ-14
    3.00808e+03    5.91716e+04    1.06795e+05    1.19427e+03    1.42265e+04
     Coulomb-14        LJ (SR)   Coulomb (SR)      Potential Pressure (bar)
   -1.59403e+05   -5.51463e+04    8.26285e+04    5.24747e+04    1.46863e+03

           Step           Time
            704      704.00000

   Energies (kJ/mol)
           Bond            U-B    Proper Dih.  Improper Dih.          LJ-14
    3.11980e+03    5.91012e+04    1.06732e+05    1.19432e+03    1.42152e+04
     Coulomb-14        LJ (SR)   Coulomb (SR)      Potential Pressure (bar)
   -1.59385e+05   -5.51791e+04    8.25969e+04    5.23956e+04    1.45830e+03

           Step           Time
            705      705.00000

   Energies (kJ/mol)
           Bond            U-B    Proper Dih.  Improper Dih.          LJ-14
    3.03373e+03    5.90715e+04    1.06713e+05    1.19189e+03    1.42069e+04
     Coulomb-14        LJ (SR)   Coulomb (SR)      Potential Pressure (bar)
   -1.59388e+05   -5.51888e+04    8.25815e+04    5.22215e+04    1.45868e+03

           Step           Time
            706      706.00000

           Step           Time
            707      707.00000

   Energies (kJ/mol)
           Bond            U-B    Proper Dih.  Improper Dih.          LJ-14
    3.01792e+03    5.90413e+04    1.06691e+05    1.19313e+03    1.42039e+04
     Coulomb-14        LJ (SR)   Coulomb (SR)      Potential Pressure (bar)
   -1.59380e+05   -5.52001e+04    8.25666e+04    5.21335e+04    1.45110e+03

           Step           Time
            708      708.00000

   Energies (kJ/mol)
           Bond            U-B    Proper Dih.  Improper Dih.          LJ-14
    3.04662e+03    5.90114e+04    1.06663e+05    1.19082e+03    1.41952e+04
     Coulomb-14        LJ (SR)   Coulomb (SR)      Potential Pressure (bar)
   -1.59377e+05   -5.52150e+04    8.25534e+04    5.20681e+04    1.45617e+03

           Step           Time
            709      709.00000

   Energies (kJ/mol)
           Bond            U-B    Proper Dih.  Improper Dih.          LJ-14
    3.03590e+03    5.89773e+04    1.06639e+05    1.19178e+03    1.41922e+04
     Coulomb-14        LJ (SR)   Coulomb (SR)      Potential Pressure (bar)
   -1.59369e+05   -5.52264e+04    8.25391e+04    5.19802e+04    1.44890e+03

           Step           Time
            710      710.00000

   Energies (kJ/mol)
           Bond            U-B    Proper Dih.  Improper Dih.          LJ-14
    3.08117e+03    5.89524e+04    1.06613e+05    1.18929e+03    1.41825e+04
     Coulomb-14        LJ (SR)   Coulomb (SR)      Potential Pressure (bar)
   -1.59368e+05   -5.52413e+04    8.25278e+04    5.19370e+04    1.45148e+03

           Step           Time
            711      711.00000

   Energies (kJ/mol)
           Bond            U-B    Proper Dih.  Improper Dih.          LJ-14
    3.08266e+03    5.89157e+04    1.06589e+05    1.19079e+03    1.41809e+04
     Coulomb-14        LJ (SR)   Coulomb (SR)      Potential Pressure (bar)
   -1.59357e+05   -5.52532e+04    8.25115e+04    5.18595e+04    1.44208e+03

           Step           Time
            712      712.00000

           Step           Time
            713      713.00000

   Energies (kJ/mol)
           Bond            U-B    Proper Dih.  Improper Dih.          LJ-14
    2.99641e+03    5.88901e+04    1.06572e+05    1.18882e+03    1.41750e+04
     Coulomb-14        LJ (SR)   Coulomb (SR)      Potential Pressure (bar)
   -1.59358e+05   -5.52611e+04    8.24975e+04    5.17008e+04    1.45173e+03

           Step           Time
            714      714.00000

   Energies (kJ/mol)
           Bond            U-B    Proper Dih.  Improper Dih.          LJ-14
    3.09457e+03    5.88099e+04    1.06506e+05    1.18800e+03    1.41628e+04
     Coulomb-14        LJ (SR)   Coulomb (SR)      Potential Pressure (bar)
   -1.59338e+05   -5.52970e+04    8.24645e+04    5.15900e+04    1.44330e+03

           Step           Time
            715      715.00000

   Energies (kJ/mol)
           Bond            U-B    Proper Dih.  Improper Dih.          LJ-14
    3.01503e+03    5.87801e+04    1.06486e+05    1.18583e+03    1.41545e+04
     Coulomb-14        LJ (SR)   Coulomb (SR)      Potential Pressure (bar)
   -1.59340e+05   -5.53060e+04    8.24471e+04    5.14227e+04    1.43778e+03

           Step           Time
            716      716.00000

           Step           Time
            717      717.00000

   Energies (kJ/mol)
           Bond            U-B    Proper Dih.  Improper Dih.          LJ-14
    3.00958e+03    5.87508e+04    1.06463e+05    1.18626e+03    1.41510e+04
     Coulomb-14        LJ (SR)   Coulomb (SR)      Potential Pressure (bar)
   -1.59333e+05   -5.53178e+04    8.24316e+04    5.13413e+04    1.43969e+03

           Step           Time
            718      718.00000

   Energies (kJ/mol)
           Bond            U-B    Proper Dih.  Improper Dih.          LJ-14
    3.02743e+03    5.87218e+04    1.06440e+05    1.18456e+03    1.41433e+04
     Coulomb-14        LJ (SR)   Coulomb (SR)      Potential Pressure (bar)
   -1.59330e+05   -5.53311e+04    8.24185e+04    5.12737e+04    1.43248e+03

           Step           Time
            719      719.00000

   Energies (kJ/mol)
           Bond            U-B    Proper Dih.  Improper Dih.          LJ-14
    3.02953e+03    5.86906e+04    1.06415e+05    1.18492e+03    1.41391e+04
     Coulomb-14        LJ (SR)   Coulomb (SR)      Potential Pressure (bar)
   -1.59323e+05   -5.53434e+04    8.24032e+04    5.11966e+04    1.42817e+03

           Step           Time
            720      720.00000

   Energies (kJ/mol)
           Bond            U-B    Proper Dih.  Improper Dih.          LJ-14
    3.06120e+03    5.86619e+04    1.06394e+05    1.18309e+03    1.41321e+04
     Coulomb-14        LJ (SR)   Coulomb (SR)      Potential Pressure (bar)
   -1.59320e+05   -5.53568e+04    8.23922e+04    5.11473e+04    1.42000e+03

           Step           Time
            721      721.00000

   Energies (kJ/mol)
           Bond            U-B    Proper Dih.  Improper Dih.          LJ-14
    3.08452e+03    5.86329e+04    1.06368e+05    1.18411e+03    1.41270e+04
     Coulomb-14        LJ (SR)   Coulomb (SR)      Potential Pressure (bar)
   -1.59312e+05   -5.53700e+04    8.23773e+04    5.10916e+04    1.42592e+03

           Step           Time
            722      722.00000

   Energies (kJ/mol)
           Bond            U-B    Proper Dih.  Improper Dih.          LJ-14
    3.15146e+03    5.86080e+04    1.06348e+05    1.18101e+03    1.41203e+04
     Coulomb-14        LJ (SR)   Coulomb (SR)      Potential Pressure (bar)
   -1.59310e+05   -5.53834e+04    8.23675e+04    5.10825e+04    1.41637e+03

           Step           Time
            723      723.00000

   Energies (kJ/mol)
           Bond            U-B    Proper Dih.  Improper Dih.          LJ-14
    3.22249e+03    5.85835e+04    1.06319e+05    1.18367e+03    1.41154e+04
     Coulomb-14        LJ (SR)   Coulomb (SR)      Potential Pressure (bar)
   -1.59300e+05   -5.53968e+04    8.23526e+04    5.10799e+04    1.41719e+03

           Step           Time
            724      724.00000

           Step           Time
            725      725.00000

   Energies (kJ/mol)
           Bond            U-B    Proper Dih.  Improper Dih.          LJ-14
    2.98595e+03    5.85376e+04    1.06297e+05    1.18098e+03    1.41108e+04
     Coulomb-14        LJ (SR)   Coulomb (SR)      Potential Pressure (bar)
   -1.59300e+05   -5.54039e+04    8.23323e+04    5.07410e+04    1.41584e+03

           Step           Time
            726      726.00000

           Step           Time
            727      727.00000

   Energies (kJ/mol)
           Bond            U-B    Proper Dih.  Improper Dih.          LJ-14
    3.05988e+03    5.84761e+04    1.06247e+05    1.18037e+03    1.40990e+04
     Coulomb-14        LJ (SR)   Coulomb (SR)      Potential Pressure (bar)
   -1.59285e+05   -5.54320e+04    8.22976e+04    5.06426e+04    1.41330e+03

           Step           Time
            728      728.00000

   Energies (kJ/mol)
           Bond            U-B    Proper Dih.  Improper Dih.          LJ-14
    2.99886e+03    5.84490e+04    1.06228e+05    1.17886e+03    1.40939e+04
     Coulomb-14        LJ (SR)   Coulomb (SR)      Potential Pressure (bar)
   -1.59284e+05   -5.54399e+04    8.22879e+04    5.05125e+04    1.40889e+03

           Step           Time
            729      729.00000

           Step           Time
            730      730.00000

   Energies (kJ/mol)
           Bond            U-B    Proper Dih.  Improper Dih.          LJ-14
    2.99136e+03    5.84192e+04    1.06210e+05    1.17945e+03    1.40890e+04
     Coulomb-14        LJ (SR)   Coulomb (SR)      Potential Pressure (bar)
   -1.59280e+05   -5.54504e+04    8.22741e+04    5.04328e+04    1.40262e+03

           Step           Time
            731      731.00000

   Energies (kJ/mol)
           Bond            U-B    Proper Dih.  Improper Dih.          LJ-14
    3.00150e+03    5.83926e+04    1.06183e+05    1.17849e+03    1.40823e+04
     Coulomb-14        LJ (SR)   Coulomb (SR)      Potential Pressure (bar)
   -1.59275e+05   -5.54632e+04    8.22590e+04    5.03590e+04    1.39961e+03

           Step           Time
            732      732.00000

   Energies (kJ/mol)
           Bond            U-B    Proper Dih.  Improper Dih.          LJ-14
    3.00566e+03    5.83568e+04    1.06163e+05    1.17856e+03    1.40775e+04
     Coulomb-14        LJ (SR)   Coulomb (SR)      Potential Pressure (bar)
   -1.59269e+05   -5.54751e+04    8.22457e+04    5.02831e+04    1.39655e+03

           Step           Time
            733      733.00000

   Energies (kJ/mol)
           Bond            U-B    Proper Dih.  Improper Dih.          LJ-14
    3.01976e+03    5.83346e+04    1.06137e+05    1.17653e+03    1.40713e+04
     Coulomb-14        LJ (SR)   Coulomb (SR)      Potential Pressure (bar)
   -1.59265e+05   -5.54872e+04    8.22310e+04    5.02183e+04    1.39639e+03

           Step           Time
            734      734.00000

   Energies (kJ/mol)
           Bond            U-B    Proper Dih.  Improper Dih.          LJ-14
    3.03214e+03    5.82988e+04    1.06116e+05    1.17738e+03    1.40657e+04
     Coulomb-14        LJ (SR)   Coulomb (SR)      Potential Pressure (bar)
   -1.59259e+05   -5.54997e+04    8.22184e+04    5.01504e+04    1.39418e+03

           Step           Time
            735      735.00000

   Energies (kJ/mol)
           Bond            U-B    Proper Dih.  Improper Dih.          LJ-14
    3.06523e+03    5.82787e+04    1.06090e+05    1.17507e+03    1.40599e+04
     Coulomb-14        LJ (SR)   Coulomb (SR)      Potential Pressure (bar)
   -1.59256e+05   -5.55121e+04    8.22038e+04    5.01044e+04    1.38724e+03

           Step           Time
            736      736.00000

   Energies (kJ/mol)
           Bond            U-B    Proper Dih.  Improper Dih.          LJ-14
    3.09793e+03    5.82428e+04    1.06071e+05    1.17660e+03    1.40541e+04
     Coulomb-14        LJ (SR)   Coulomb (SR)      Potential Pressure (bar)
   -1.59248e+05   -5.55252e+04    8.21920e+04    5.00612e+04    1.39069e+03

           Step           Time
            737      737.00000

           Step           Time
            738      738.00000

   Energies (kJ/mol)
           Bond            U-B    Proper Dih.  Improper Dih.          LJ-14
    2.97404e+03    5.82149e+04    1.06052e+05    1.17467e+03    1.40509e+04
     Coulomb-14        LJ (SR)   Coulomb (SR)      Potential Pressure (bar)
   -1.59247e+05   -5.55316e+04    8.21751e+04    4.98631e+04    1.38166e+03

           Step           Time
            739      739.00000

   Energies (kJ/mol)
           Bond            U-B    Proper Dih.  Improper Dih.          LJ-14
    3.11691e+03    5.81272e+04    1.05977e+05    1.17271e+03    1.40297e+04
     Coulomb-14        LJ (SR)   Coulomb (SR)      Potential Pressure (bar)
   -1.59224e+05   -5.55760e+04    8.21227e+04    4.97454e+04    1.37986e+03

           Step           Time
            740      740.00000

   Energies (kJ/mol)
           Bond            U-B    Proper Dih.  Improper Dih.          LJ-14
    3.01269e+03    5.80865e+04    1.05951e+05    1.17070e+03    1.40275e+04
     Coulomb-14        LJ (SR)   Coulomb (SR)      Potential Pressure (bar)
   -1.59222e+05   -5.55839e+04    8.21077e+04    4.95503e+04    1.37693e+03

           Step           Time
            741      741.00000

           Step           Time
            742      742.00000

   Energies (kJ/mol)
           Bond            U-B    Proper Dih.  Improper Dih.          LJ-14
    2.98741e+03    5.80596e+04    1.05934e+05    1.17095e+03    1.40216e+04
     Coulomb-14        LJ (SR)   Coulomb (SR)      Potential Pressure (bar)
   -1.59219e+05   -5.55942e+04    8.20960e+04    4.94566e+04    1.37698e+03

           Step           Time
            743      743.00000

   Energies (kJ/mol)
           Bond            U-B    Proper Dih.  Improper Dih.          LJ-14
    3.02949e+03    5.80305e+04    1.05906e+05    1.16925e+03    1.40166e+04
     Coulomb-14        LJ (SR)   Coulomb (SR)      Potential Pressure (bar)
   -1.59213e+05   -5.56077e+04    8.20795e+04    4.94101e+04    1.37108e+03

           Step           Time
            744      744.00000

   Energies (kJ/mol)
           Bond            U-B    Proper Dih.  Improper Dih.          LJ-14
    3.01738e+03    5.80002e+04    1.05888e+05    1.16959e+03    1.40092e+04
     Coulomb-14        LJ (SR)   Coulomb (SR)      Potential Pressure (bar)
   -1.59210e+05   -5.56197e+04    8.20694e+04    4.93249e+04    1.37266e+03

           Step           Time
            745      745.00000

   Energies (kJ/mol)
           Bond            U-B    Proper Dih.  Improper Dih.          LJ-14
    3.08607e+03    5.79771e+04    1.05860e+05    1.16802e+03    1.40058e+04
     Coulomb-14        LJ (SR)   Coulomb (SR)      Potential Pressure (bar)
   -1.59204e+05   -5.56320e+04    8.20521e+04    4.93139e+04    1.36706e+03

           Step           Time
            746      746.00000

   Energies (kJ/mol)
           Bond            U-B    Proper Dih.  Improper Dih.          LJ-14
    3.09593e+03    5.79474e+04    1.05844e+05    1.16865e+03    1.39966e+04
     Coulomb-14        LJ (SR)   Coulomb (SR)      Potential Pressure (bar)
   -1.59200e+05   -5.56454e+04    8.20460e+04    4.92536e+04    1.36150e+03

           Step           Time
            747      747.00000

           Step           Time
            748      748.00000

   Energies (kJ/mol)
           Bond            U-B    Proper Dih.  Improper Dih.          LJ-14
    2.96767e+03    5.79151e+04    1.05822e+05    1.16686e+03    1.39957e+04
     Coulomb-14        LJ (SR)   Coulomb (SR)      Potential Pressure (bar)
   -1.59196e+05   -5.56512e+04    8.20243e+04    4.90440e+04    1.36227e+03

           Step           Time
            749      749.00000

           Step           Time
            750      750.00000

   Energies (kJ/mol)
           Bond            U-B    Proper Dih.  Improper Dih.          LJ-14
    2.99962e+03    5.78726e+04    1.05787e+05    1.16609e+03    1.39849e+04
     Coulomb-14        LJ (SR)   Coulomb (SR)      Potential Pressure (bar)
   -1.59188e+05   -5.56712e+04    8.20022e+04    4.89536e+04    1.36392e+03

           Step           Time
            751      751.00000

   Energies (kJ/mol)
           Bond            U-B    Proper Dih.  Improper Dih.          LJ-14
    2.97586e+03    5.78465e+04    1.05768e+05    1.16553e+03    1.39828e+04
     Coulomb-14        LJ (SR)   Coulomb (SR)      Potential Pressure (bar)
   -1.59184e+05   -5.56790e+04    8.19858e+04    4.88624e+04    1.35990e+03

           Step           Time
            752      752.00000

   Energies (kJ/mol)
           Bond            U-B    Proper Dih.  Improper Dih.          LJ-14
    3.02663e+03    5.78116e+04    1.05742e+05    1.16507e+03    1.39723e+04
     Coulomb-14        LJ (SR)   Coulomb (SR)      Potential Pressure (bar)
   -1.59178e+05   -5.56969e+04    8.19748e+04    4.88179e+04    1.35009e+03

           Step           Time
            753      753.00000

   Energies (kJ/mol)
           Bond            U-B    Proper Dih.  Improper Dih.          LJ-14
    2.99947e+03    5.77834e+04    1.05720e+05    1.16415e+03    1.39710e+04
     Coulomb-14        LJ (SR)   Coulomb (SR)      Potential Pressure (bar)
   -1.59172e+05   -5.57052e+04    8.19523e+04    4.87133e+04    1.35620e+03

           Step           Time
            754      754.00000

           Step           Time
            755      755.00000

   Energies (kJ/mol)
           Bond            U-B    Proper Dih.  Improper Dih.          LJ-14
    2.96199e+03    5.77610e+04    1.05707e+05    1.16401e+03    1.39654e+04
     Coulomb-14        LJ (SR)   Coulomb (SR)      Potential Pressure (bar)
   -1.59170e+05   -5.57136e+04    8.19430e+04    4.86189e+04    1.34329e+03

           Step           Time
            756      756.00000

   Energies (kJ/mol)
           Bond            U-B    Proper Dih.  Improper Dih.          LJ-14
    3.02883e+03    5.77119e+04    1.05664e+05    1.16202e+03    1.39579e+04
     Coulomb-14        LJ (SR)   Coulomb (SR)      Potential Pressure (bar)
   -1.59156e+05   -5.57365e+04    8.19105e+04    4.85420e+04    1.34969e+03

           Step           Time
            757      757.00000

   Energies (kJ/mol)
           Bond            U-B    Proper Dih.  Improper Dih.          LJ-14
    2.97357e+03    5.76835e+04    1.05649e+05    1.16199e+03    1.39502e+04
     Coulomb-14        LJ (SR)   Coulomb (SR)      Potential Pressure (bar)
   -1.59155e+05   -5.57469e+04    8.19028e+04    4.84194e+04    1.34628e+03

           Step           Time
            758      758.00000

   Energies (kJ/mol)
           Bond            U-B    Proper Dih.  Improper Dih.          LJ-14
    3.05256e+03    5.76544e+04    1.05619e+05    1.15993e+03    1.39451e+04
     Coulomb-14        LJ (SR)   Coulomb (SR)      Potential Pressure (bar)
   -1.59148e+05   -5.57615e+04    8.18838e+04    4.84053e+04    1.34358e+03

           Step           Time
            759      759.00000

   Energies (kJ/mol)
           Bond            U-B    Proper Dih.  Improper Dih.          LJ-14
    3.01032e+03    5.76235e+04    1.05604e+05    1.16027e+03    1.39373e+04
     Coulomb-14        LJ (SR)   Coulomb (SR)      Potential Pressure (bar)
   -1.59145e+05   -5.57740e+04    8.18763e+04    4.82926e+04    1.34246e+03

           Step           Time
            760      760.00000

           Step           Time
            761      761.00000

   Energies (kJ/mol)
           Bond            U-B    Proper Dih.  Improper Dih.          LJ-14
    2.96082e+03    5.75991e+04    1.05586e+05    1.15950e+03    1.39356e+04
     Coulomb-14        LJ (SR)   Coulomb (SR)      Potential Pressure (bar)
   -1.59141e+05   -5.57798e+04    8.18588e+04    4.81791e+04    1.33896e+03

           Step           Time
            762      762.00000

   Energies (kJ/mol)
           Bond            U-B    Proper Dih.  Improper Dih.          LJ-14
    3.04385e+03    5.75552e+04    1.05552e+05    1.15952e+03    1.39227e+04
     Coulomb-14        LJ (SR)   Coulomb (SR)      Potential Pressure (bar)
   -1.59132e+05   -5.58040e+04    8.18432e+04    4.81401e+04    1.33911e+03

           Step           Time
            763      763.00000

   Energies (kJ/mol)
           Bond            U-B    Proper Dih.  Improper Dih.          LJ-14
    2.98553e+03    5.75255e+04    1.05531e+05    1.15844e+03    1.39211e+04
     Coulomb-14        LJ (SR)   Coulomb (SR)      Potential Pressure (bar)
   -1.59128e+05   -5.58101e+04    8.18199e+04    4.80037e+04    1.33506e+03

           Step           Time
            764      764.00000

           Step           Time
            765      765.00000

   Energies (kJ/mol)
           Bond            U-B    Proper Dih.  Improper Dih.          LJ-14
    2.95879e+03    5.75021e+04    1.05518e+05    1.15788e+03    1.39155e+04
     Coulomb-14        LJ (SR)   Coulomb (SR)      Potential Pressure (bar)
   -1.59124e+05   -5.58199e+04    8.18108e+04    4.79187e+04    1.31940e+03

           Step           Time
            766      766.00000

   Energies (kJ/mol)
           Bond            U-B    Proper Dih.  Improper Dih.          LJ-14
    3.02396e+03    5.74656e+04    1.05486e+05    1.15660e+03    1.39098e+04
     Coulomb-14        LJ (SR)   Coulomb (SR)      Potential Pressure (bar)
   -1.59114e+05   -5.58372e+04    8.17865e+04    4.78769e+04    1.32680e+03

           Step           Time
            767      767.00000

   Energies (kJ/mol)
           Bond            U-B    Proper Dih.  Improper Dih.          LJ-14
    2.97862e+03    5.74375e+04    1.05473e+05    1.15605e+03    1.39025e+04
     Coulomb-14        LJ (SR)   Coulomb (SR)      Potential Pressure (bar)
   -1.59112e+05   -5.58482e+04    8.17797e+04    4.77667e+04    1.33574e+03

           Step           Time
            768      768.00000

           Step           Time
            769      769.00000

   Energies (kJ/mol)
           Bond            U-B    Proper Dih.  Improper Dih.          LJ-14
    2.95197e+03    5.74167e+04    1.05457e+05    1.15544e+03    1.39002e+04
     Coulomb-14        LJ (SR)   Coulomb (SR)      Potential Pressure (bar)
   -1.59109e+05   -5.58542e+04    8.17644e+04    4.76830e+04    1.32488e+03

           Step           Time
            770      770.00000

   Energies (kJ/mol)
           Bond            U-B    Proper Dih.  Improper Dih.          LJ-14
    2.99192e+03    5.73739e+04    1.05428e+05    1.15442e+03    1.38895e+04
     Coulomb-14        LJ (SR)   Coulomb (SR)      Potential Pressure (bar)
   -1.59100e+05   -5.58753e+04    8.17470e+04    4.76090e+04    1.32661e+03

           Step           Time
            771      771.00000

   Energies (kJ/mol)
           Bond            U-B    Proper Dih.  Improper Dih.          LJ-14
    2.96182e+03    5.73496e+04    1.05410e+05    1.15371e+03    1.38875e+04
     Coulomb-14        LJ (SR)   Coulomb (SR)      Potential Pressure (bar)
   -1.59096e+05   -5.58814e+04    8.17293e+04    4.75150e+04    1.31752e+03

           Step           Time
            772      772.00000

   Energies (kJ/mol)
           Bond            U-B    Proper Dih.  Improper Dih.          LJ-14
    3.03480e+03    5.73153e+04    1.05389e+05    1.15223e+03    1.38780e+04
     Coulomb-14        LJ (SR)   Coulomb (SR)      Potential Pressure (bar)
   -1.59089e+05   -5.58995e+04    8.17198e+04    4.75009e+04    1.31666e+03

           Step           Time
            773      773.00000

   Energies (kJ/mol)
           Bond            U-B    Proper Dih.  Improper Dih.          LJ-14
    2.99662e+03    5.72900e+04    1.05368e+05    1.15173e+03    1.38760e+04
     Coulomb-14        LJ (SR)   Coulomb (SR)      Potential Pressure (bar)
   -1.59083e+05   -5.59063e+04    8.16974e+04    4.73900e+04    1.31459e+03

           Step           Time
            774      774.00000

           Step           Time
            775      775.00000

   Energies (kJ/mol)
           Bond            U-B    Proper Dih.  Improper Dih.          LJ-14
    2.94827e+03    5.72643e+04    1.05356e+05    1.15107e+03    1.38713e+04
     Coulomb-14        LJ (SR)   Coulomb (SR)      Potential Pressure (bar)
   -1.59081e+05   -5.59153e+04    8.16875e+04    4.72824e+04    1.30212e+03

           Step           Time
            776      776.00000

   Energies (kJ/mol)
           Bond            U-B    Proper Dih.  Improper Dih.          LJ-14
    3.04241e+03    5.72199e+04    1.05317e+05    1.14983e+03    1.38644e+04
     Coulomb-14        LJ (SR)   Coulomb (SR)      Potential Pressure (bar)
   -1.59066e+05   -5.59373e+04    8.16551e+04    4.72458e+04    1.29468e+03

           Step           Time
            777      777.00000

   Energies (kJ/mol)
           Bond            U-B    Proper Dih.  Improper Dih.          LJ-14
    2.96829e+03    5.71882e+04    1.05305e+05    1.14930e+03    1.38576e+04
     Coulomb-14        LJ (SR)   Coulomb (SR)      Potential Pressure (bar)
   -1.59065e+05   -5.59482e+04    8.16469e+04    4.71021e+04    1.31058e+03

           Step           Time
            778      778.00000

           Step           Time
            779      779.00000

   Energies (kJ/mol)
           Bond            U-B    Proper Dih.  Improper Dih.          LJ-14
    2.95149e+03    5.71664e+04    1.05289e+05    1.14911e+03    1.38546e+04
     Coulomb-14        LJ (SR)   Coulomb (SR)      Potential Pressure (bar)
   -1.59061e+05   -5.59547e+04    8.16334e+04    4.70275e+04    1.29890e+03

           Step           Time
            780      780.00000

   Energies (kJ/mol)
           Bond            U-B    Proper Dih.  Improper Dih.          LJ-14
    2.98815e+03    5.71332e+04    1.05267e+05    1.14853e+03    1.38461e+04
     Coulomb-14        LJ (SR)   Coulomb (SR)      Potential Pressure (bar)
   -1.59055e+05   -5.59714e+04    8.16224e+04    4.69785e+04    1.30595e+03

           Step           Time
            781      781.00000

   Energies (kJ/mol)
           Bond            U-B    Proper Dih.  Improper Dih.          LJ-14
    2.96968e+03    5.71081e+04    1.05249e+05    1.14814e+03    1.38437e+04
     Coulomb-14        LJ (SR)   Coulomb (SR)      Potential Pressure (bar)
   -1.59050e+05   -5.59782e+04    8.16037e+04    4.68938e+04    1.29435e+03

           Step           Time
            782      782.00000

   Energies (kJ/mol)
           Bond            U-B    Proper Dih.  Improper Dih.          LJ-14
    3.02032e+03    5.70821e+04    1.05233e+05    1.14717e+03    1.38361e+04
     Coulomb-14        LJ (SR)   Coulomb (SR)      Potential Pressure (bar)
   -1.59045e+05   -5.59941e+04    8.15966e+04    4.68759e+04    1.30209e+03

           Step           Time
            783      783.00000

   Energies (kJ/mol)
           Bond            U-B    Proper Dih.  Improper Dih.          LJ-14
    3.01623e+03    5.70572e+04    1.05212e+05    1.14659e+03    1.38335e+04
     Coulomb-14        LJ (SR)   Coulomb (SR)      Potential Pressure (bar)
   -1.59040e+05   -5.60008e+04    8.15753e+04    4.68002e+04    1.29119e+03

           Step           Time
            784      784.00000

           Step           Time
            785      785.00000

   Energies (kJ/mol)
           Bond            U-B    Proper Dih.  Improper Dih.          LJ-14
    2.93811e+03    5.70309e+04    1.05201e+05    1.14611e+03    1.38291e+04
     Coulomb-14        LJ (SR)   Coulomb (SR)      Potential Pressure (bar)
   -1.59038e+05   -5.60092e+04    8.15653e+04    4.66641e+04    1.28669e+03

           Step           Time
            786      786.00000

   Energies (kJ/mol)
           Bond            U-B    Proper Dih.  Improper Dih.          LJ-14
    3.07288e+03    5.69763e+04    1.05152e+05    1.14420e+03    1.38169e+04
     Coulomb-14        LJ (SR)   Coulomb (SR)      Potential Pressure (bar)
   -1.59023e+05   -5.60378e+04    8.15250e+04    4.66271e+04    1.28182e+03

           Step           Time
            787      787.00000

   Energies (kJ/mol)
           Bond            U-B    Proper Dih.  Improper Dih.          LJ-14
    2.95798e+03    5.69393e+04    1.05141e+05    1.14330e+03    1.38119e+04
     Coulomb-14        LJ (SR)   Coulomb (SR)      Potential Pressure (bar)
   -1.59020e+05   -5.60483e+04    8.15176e+04    4.64436e+04    1.28564e+03

           Step           Time
            788      788.00000

           Step           Time
            789      789.00000

   Energies (kJ/mol)
           Bond            U-B    Proper Dih.  Improper Dih.          LJ-14
    2.96836e+03    5.69168e+04    1.05122e+05    1.14285e+03    1.38078e+04
     Coulomb-14        LJ (SR)   Coulomb (SR)      Potential Pressure (bar)
   -1.59015e+05   -5.60564e+04    8.14991e+04    4.63854e+04    1.28015e+03

           Step           Time
            790      790.00000

   Energies (kJ/mol)
           Bond            U-B    Proper Dih.  Improper Dih.          LJ-14
    2.98124e+03    5.68880e+04    1.05108e+05    1.14194e+03    1.38021e+04
     Coulomb-14        LJ (SR)   Coulomb (SR)      Potential Pressure (bar)
   -1.59010e+05   -5.60700e+04    8.14953e+04    4.63374e+04    1.27941e+03

           Step           Time
            791      791.00000

   Energies (kJ/mol)
           Bond            U-B    Proper Dih.  Improper Dih.          LJ-14
    2.99676e+03    5.68685e+04    1.05089e+05    1.14167e+03    1.37984e+04
     Coulomb-14        LJ (SR)   Coulomb (SR)      Potential Pressure (bar)
   -1.59006e+05   -5.60776e+04    8.14705e+04    4.62814e+04    1.27875e+03

           Step           Time
            792      792.00000

   Energies (kJ/mol)
           Bond            U-B    Proper Dih.  Improper Dih.          LJ-14
    3.02873e+03    5.68390e+04    1.05075e+05    1.14075e+03    1.37925e+04
     Coulomb-14        LJ (SR)   Coulomb (SR)      Potential Pressure (bar)
   -1.58999e+05   -5.60920e+04    8.14734e+04    4.62582e+04    1.27088e+03

           Step           Time
            793      793.00000

   Energies (kJ/mol)
           Bond            U-B    Proper Dih.  Improper Dih.          LJ-14
    3.07132e+03    5.68226e+04    1.05054e+05    1.14046e+03    1.37891e+04
     Coulomb-14        LJ (SR)   Coulomb (SR)      Potential Pressure (bar)
   -1.58995e+05   -5.60989e+04    8.14435e+04    4.62272e+04    1.27017e+03

           Step           Time
            794      794.00000

           Step           Time
            795      795.00000

   Energies (kJ/mol)
           Bond            U-B    Proper Dih.  Improper Dih.          LJ-14
    2.92846e+03    5.67881e+04    1.05044e+05    1.13941e+03    1.37855e+04
     Coulomb-14        LJ (SR)   Coulomb (SR)      Potential Pressure (bar)
   -1.58992e+05   -5.61071e+04    8.14360e+04    4.60225e+04    1.26836e+03

           Step           Time
            796      796.00000

   Energies (kJ/mol)
           Bond            U-B    Proper Dih.  Improper Dih.          LJ-14
    3.02173e+03    5.67291e+04    1.04994e+05    1.13756e+03    1.37720e+04
     Coulomb-14        LJ (SR)   Coulomb (SR)      Potential Pressure (bar)
   -1.58977e+05   -5.61367e+04    8.13866e+04    4.59264e+04    1.26298e+03

           Step           Time
            797      797.00000

   Energies (kJ/mol)
           Bond            U-B    Proper Dih.  Improper Dih.          LJ-14
    3.03163e+03    5.66951e+04    1.04980e+05    1.13720e+03    1.37677e+04
     Coulomb-14        LJ (SR)   Coulomb (SR)      Potential Pressure (bar)
   -1.58971e+05   -5.61505e+04    8.13947e+04    4.58852e+04    1.26474e+03

           Step           Time
            798      798.00000

           Step           Time
            799      799.00000

   Energies (kJ/mol)
           Bond            U-B    Proper Dih.  Improper Dih.          LJ-14
    2.92609e+03    5.66709e+04    1.04968e+05    1.13690e+03    1.37645e+04
     Coulomb-14        LJ (SR)   Coulomb (SR)      Potential Pressure (bar)
   -1.58970e+05   -5.61542e+04    8.13688e+04    4.57112e+04    1.25613e+03

           Step           Time
            800      800.00000

   Energies (kJ/mol)
           Bond            U-B    Proper Dih.  Improper Dih.          LJ-14
    2.97415e+03    5.66100e+04    1.04928e+05    1.13626e+03    1.37535e+04
     Coulomb-14        LJ (SR)   Coulomb (SR)      Potential Pressure (bar)
   -1.58956e+05   -5.61823e+04    8.13393e+04    4.56024e+04    1.26112e+03

           Step           Time
            801      801.00000

   Energies (kJ/mol)
           Bond            U-B    Proper Dih.  Improper Dih.          LJ-14
    2.99459e+03    5.65881e+04    1.04909e+05    1.13556e+03    1.37480e+04
     Coulomb-14        LJ (SR)   Coulomb (SR)      Potential Pressure (bar)
   -1.58954e+05   -5.61899e+04    8.13230e+04    4.55546e+04    1.25189e+03

           Step           Time
            802      802.00000

   Energies (kJ/mol)
           Bond            U-B    Proper Dih.  Improper Dih.          LJ-14
    3.02986e+03    5.65601e+04    1.04895e+05    1.13569e+03    1.37439e+04
     Coulomb-14        LJ (SR)   Coulomb (SR)      Potential Pressure (bar)
   -1.58947e+05   -5.62038e+04    8.13166e+04    4.55304e+04    1.25094e+03

           Step           Time
            803      803.00000

   Energies (kJ/mol)
           Bond            U-B    Proper Dih.  Improper Dih.          LJ-14
    3.06940e+03    5.65452e+04    1.04876e+05    1.13448e+03    1.37389e+04
     Coulomb-14        LJ (SR)   Coulomb (SR)      Potential Pressure (bar)
   -1.58944e+05   -5.62112e+04    8.12983e+04    4.55076e+04    1.25045e+03

           Step           Time
            804      804.00000

           Step           Time
            805      805.00000

   Energies (kJ/mol)
           Bond            U-B    Proper Dih.  Improper Dih.          LJ-14
    2.92244e+03    5.65083e+04    1.04867e+05    1.13417e+03    1.37361e+04
     Coulomb-14        LJ (SR)   Coulomb (SR)      Potential Pressure (bar)
   -1.58941e+05   -5.62189e+04    8.12844e+04    4.52931e+04    1.24234e+03

           Step           Time
            806      806.00000

   Energies (kJ/mol)
           Bond            U-B    Proper Dih.  Improper Dih.          LJ-14
    3.07369e+03    5.64542e+04    1.04813e+05    1.13352e+03    1.37215e+04
     Coulomb-14        LJ (SR)   Coulomb (SR)      Potential Pressure (bar)
   -1.58925e+05   -5.62523e+04    8.12395e+04    4.52577e+04    1.24073e+03

           Step           Time
            807      807.00000

   Energies (kJ/mol)
           Bond            U-B    Proper Dih.  Improper Dih.          LJ-14
    3.02741e+03    5.64118e+04    1.04802e+05    1.13274e+03    1.37163e+04
     Coulomb-14        LJ (SR)   Coulomb (SR)      Potential Pressure (bar)
   -1.58921e+05   -5.62636e+04    8.12386e+04    4.51444e+04    1.24436e+03

           Step           Time
            808      808.00000

           Step           Time
            809      809.00000

   Energies (kJ/mol)
           Bond            U-B    Proper Dih.  Improper Dih.          LJ-14
    2.92474e+03    5.63898e+04    1.04790e+05    1.13173e+03    1.37134e+04
     Coulomb-14        LJ (SR)   Coulomb (SR)      Potential Pressure (bar)
   -1.58920e+05   -5.62685e+04    8.12183e+04    4.49788e+04    1.23601e+03

           Step           Time
            810      810.00000

           Step           Time
            811      811.00000

   Energies (kJ/mol)
           Bond            U-B    Proper Dih.  Improper Dih.          LJ-14
    2.93662e+03    5.63607e+04    1.04773e+05    1.13067e+03    1.37082e+04
     Coulomb-14        LJ (SR)   Coulomb (SR)      Potential Pressure (bar)
   -1.58913e+05   -5.62809e+04    8.12033e+04    4.49183e+04    1.24320e+03

           Step           Time
            812      812.00000

   Energies (kJ/mol)
           Bond            U-B    Proper Dih.  Improper Dih.          LJ-14
    2.94243e+03    5.63406e+04    1.04756e+05    1.12999e+03    1.37040e+04
     Coulomb-14        LJ (SR)   Coulomb (SR)      Potential Pressure (bar)
   -1.58911e+05   -5.62903e+04    8.11916e+04    4.48629e+04    1.23875e+03

           Step           Time
            813      813.00000

   Energies (kJ/mol)
           Bond            U-B    Proper Dih.  Improper Dih.          LJ-14
    2.96368e+03    5.63131e+04    1.04742e+05    1.12938e+03    1.36982e+04
     Coulomb-14        LJ (SR)   Coulomb (SR)      Potential Pressure (bar)
   -1.58906e+05   -5.63017e+04    8.11827e+04    4.48217e+04    1.23942e+03

           Step           Time
            814      814.00000

   Energies (kJ/mol)
           Bond            U-B    Proper Dih.  Improper Dih.          LJ-14
    2.96242e+03    5.62966e+04    1.04725e+05    1.12863e+03    1.36939e+04
     Coulomb-14        LJ (SR)   Coulomb (SR)      Potential Pressure (bar)
   -1.58904e+05   -5.63102e+04    8.11654e+04    4.47573e+04    1.23639e+03

           Step           Time
            815      815.00000

   Energies (kJ/mol)
           Bond            U-B    Proper Dih.  Improper Dih.          LJ-14
    2.99330e+03    5.62671e+04    1.04712e+05    1.12849e+03    1.36899e+04
     Coulomb-14        LJ (SR)   Coulomb (SR)      Potential Pressure (bar)
   -1.58896e+05   -5.63220e+04    8.11590e+04    4.47323e+04    1.23547e+03

           Step           Time
            816      816.00000

   Energies (kJ/mol)
           Bond            U-B    Proper Dih.  Improper Dih.          LJ-14
    3.01043e+03    5.62545e+04    1.04694e+05    1.12767e+03    1.36841e+04
     Coulomb-14        LJ (SR)   Coulomb (SR)      Potential Pressure (bar)
   -1.58896e+05   -5.63304e+04    8.11398e+04    4.46833e+04    1.22907e+03

           Step           Time
            817      817.00000

           Step           Time
            818      818.00000

   Energies (kJ/mol)
           Bond            U-B    Proper Dih.  Improper Dih.          LJ-14
    2.91361e+03    5.62226e+04    1.04686e+05    1.12757e+03    1.36821e+04
     Coulomb-14        LJ (SR)   Coulomb (SR)      Potential Pressure (bar)
   -1.58891e+05   -5.63369e+04    8.11290e+04    4.45326e+04    1.22230e+03

           Step           Time
            819      819.00000

   Energies (kJ/mol)
           Bond            U-B    Proper Dih.  Improper Dih.          LJ-14
    3.00424e+03    5.61654e+04    1.04637e+05    1.12757e+03    1.36699e+04
     Coulomb-14        LJ (SR)   Coulomb (SR)      Potential Pressure (bar)
   -1.58876e+05   -5.63677e+04    8.10869e+04    4.44476e+04    1.22971e+03

           Step           Time
            820      820.00000

   Energies (kJ/mol)
           Bond            U-B    Proper Dih.  Improper Dih.          LJ-14
    2.96442e+03    5.61307e+04    1.04627e+05    1.12723e+03    1.36652e+04
     Coulomb-14        LJ (SR)   Coulomb (SR)      Potential Pressure (bar)
   -1.58870e+05   -5.63770e+04    8.10820e+04    4.43501e+04    1.21889e+03

           Step           Time
            821      821.00000

           Step           Time
            822      822.00000

   Energies (kJ/mol)
           Bond            U-B    Proper Dih.  Improper Dih.          LJ-14
    2.91452e+03    5.61129e+04    1.04616e+05    1.12610e+03    1.36625e+04
     Coulomb-14        LJ (SR)   Coulomb (SR)      Potential Pressure (bar)
   -1.58870e+05   -5.63820e+04    8.10654e+04    4.42458e+04    1.21532e+03

           Step           Time
            823      823.00000

   Energies (kJ/mol)
           Bond            U-B    Proper Dih.  Improper Dih.          LJ-14
    2.96457e+03    5.60722e+04    1.04589e+05    1.12467e+03    1.36524e+04
     Coulomb-14        LJ (SR)   Coulomb (SR)      Potential Pressure (bar)
   -1.58859e+05   -5.64027e+04    8.10445e+04    4.41853e+04    1.21768e+03

           Step           Time
            824      824.00000

   Energies (kJ/mol)
           Bond            U-B    Proper Dih.  Improper Dih.          LJ-14
    2.92629e+03    5.60493e+04    1.04575e+05    1.12348e+03    1.36506e+04
     Coulomb-14        LJ (SR)   Coulomb (SR)      Potential Pressure (bar)
   -1.58857e+05   -5.64092e+04    8.10283e+04    4.40862e+04    1.21167e+03

           Step           Time
            825      825.00000

           Step           Time
            826      826.00000

   Energies (kJ/mol)
           Bond            U-B    Proper Dih.  Improper Dih.          LJ-14
    2.91599e+03    5.60290e+04    1.04564e+05    1.12323e+03    1.36459e+04
     Coulomb-14        LJ (SR)   Coulomb (SR)      Potential Pressure (bar)
   -1.58853e+05   -5.64176e+04    8.10190e+04    4.40266e+04    1.20667e+03

           Step           Time
            827      827.00000

   Energies (kJ/mol)
           Bond            U-B    Proper Dih.  Improper Dih.          LJ-14
    2.95021e+03    5.60006e+04    1.04542e+05    1.12236e+03    1.36424e+04
     Coulomb-14        LJ (SR)   Coulomb (SR)      Potential Pressure (bar)
   -1.58847e+05   -5.64304e+04    8.10014e+04    4.39812e+04    1.20827e+03

           Step           Time
            828      828.00000

   Energies (kJ/mol)
           Bond            U-B    Proper Dih.  Improper Dih.          LJ-14
    2.92746e+03    5.59782e+04    1.04532e+05    1.12217e+03    1.36361e+04
     Coulomb-14        LJ (SR)   Coulomb (SR)      Potential Pressure (bar)
   -1.58843e+05   -5.64392e+04    8.09925e+04    4.39055e+04    1.20955e+03

           Step           Time
            829      829.00000

   Energies (kJ/mol)
           Bond            U-B    Proper Dih.  Improper Dih.          LJ-14
    2.99819e+03    5.59553e+04    1.04510e+05    1.12181e+03    1.36335e+04
     Coulomb-14        LJ (SR)   Coulomb (SR)      Potential Pressure (bar)
   -1.58838e+05   -5.64505e+04    8.09740e+04    4.39040e+04    1.20563e+03

           Step           Time
            830      830.00000

   Energies (kJ/mol)
           Bond            U-B    Proper Dih.  Improper Dih.          LJ-14
    2.96527e+03    5.59290e+04    1.04499e+05    1.12162e+03    1.36257e+04
     Coulomb-14        LJ (SR)   Coulomb (SR)      Potential Pressure (bar)
   -1.58834e+05   -5.64606e+04    8.09689e+04    4.38148e+04    1.20914e+03

           Step           Time
            831      831.00000

           Step           Time
            832      832.00000

   Energies (kJ/mol)
           Bond            U-B    Proper Dih.  Improper Dih.          LJ-14
    2.90898e+03    5.59079e+04    1.04487e+05    1.12079e+03    1.36252e+04
     Coulomb-14        LJ (SR)   Coulomb (SR)      Potential Pressure (bar)
   -1.58832e+05   -5.64655e+04    8.09498e+04    4.37028e+04    1.19970e+03

           Step           Time
            833      833.00000

   Energies (kJ/mol)
           Bond            U-B    Proper Dih.  Improper Dih.          LJ-14
    2.96824e+03    5.58692e+04    1.04458e+05    1.12024e+03    1.36132e+04
     Coulomb-14        LJ (SR)   Coulomb (SR)      Potential Pressure (bar)
   -1.58822e+05   -5.64876e+04    8.09272e+04    4.36461e+04    1.20671e+03

           Step           Time
            834      834.00000

   Energies (kJ/mol)
           Bond            U-B    Proper Dih.  Improper Dih.          LJ-14
    2.92284e+03    5.58421e+04    1.04444e+05    1.11929e+03    1.36129e+04
     Coulomb-14        LJ (SR)   Coulomb (SR)      Potential Pressure (bar)
   -1.58819e+05   -5.64932e+04    8.09121e+04    4.35404e+04    1.19064e+03

           Step           Time
            835      835.00000

           Step           Time
            836      836.00000

   Energies (kJ/mol)
           Bond            U-B    Proper Dih.  Improper Dih.          LJ-14
    2.90967e+03    5.58246e+04    1.04434e+05    1.11885e+03    1.36082e+04
     Coulomb-14        LJ (SR)   Coulomb (SR)      Potential Pressure (bar)
   -1.58815e+05   -5.65011e+04    8.09018e+04    4.34803e+04    1.19959e+03

           Step           Time
            837      837.00000

   Energies (kJ/mol)
           Bond            U-B    Proper Dih.  Improper Dih.          LJ-14
    2.94265e+03    5.57923e+04    1.04411e+05    1.11837e+03    1.36047e+04
     Coulomb-14        LJ (SR)   Coulomb (SR)      Potential Pressure (bar)
   -1.58809e+05   -5.65142e+04    8.08870e+04    4.34323e+04    1.18434e+03

           Step           Time
            838      838.00000

   Energies (kJ/mol)
           Bond            U-B    Proper Dih.  Improper Dih.          LJ-14
    2.92284e+03    5.57747e+04    1.04400e+05    1.11766e+03    1.35980e+04
     Coulomb-14        LJ (SR)   Coulomb (SR)      Potential Pressure (bar)
   -1.58806e+05   -5.65226e+04    8.08735e+04    4.33584e+04    1.19628e+03

           Step           Time
            839      839.00000

   Energies (kJ/mol)
           Bond            U-B    Proper Dih.  Improper Dih.          LJ-14
    2.95930e+03    5.57481e+04    1.04381e+05    1.11746e+03    1.35968e+04
     Coulomb-14        LJ (SR)   Coulomb (SR)      Potential Pressure (bar)
   -1.58801e+05   -5.65328e+04    8.08602e+04    4.33292e+04    1.18863e+03

           Step           Time
            840      840.00000

   Energies (kJ/mol)
           Bond            U-B    Proper Dih.  Improper Dih.          LJ-14
    2.95213e+03    5.57303e+04    1.04370e+05    1.11660e+03    1.35885e+04
     Coulomb-14        LJ (SR)   Coulomb (SR)      Potential Pressure (bar)
   -1.58798e+05   -5.65425e+04    8.08505e+04    4.32674e+04    1.19418e+03

           Step           Time
            841      841.00000

   Energies (kJ/mol)
           Bond            U-B    Proper Dih.  Improper Dih.          LJ-14
    3.01206e+03    5.57067e+04    1.04350e+05    1.11582e+03    1.35890e+04
     Coulomb-14        LJ (SR)   Coulomb (SR)      Potential Pressure (bar)
   -1.58792e+05   -5.65519e+04    8.08364e+04    4.32664e+04    1.18376e+03

           Step           Time
            842      842.00000

   Energies (kJ/mol)
           Bond            U-B    Proper Dih.  Improper Dih.          LJ-14
    3.02632e+03    5.56916e+04    1.04339e+05    1.11567e+03    1.35788e+04
     Coulomb-14        LJ (SR)   Coulomb (SR)      Potential Pressure (bar)
   -1.58789e+05   -5.65625e+04    8.08296e+04    4.32291e+04    1.18781e+03

           Step           Time
            843      843.00000

           Step           Time
            844      844.00000

   Energies (kJ/mol)
           Bond            U-B    Proper Dih.  Improper Dih.          LJ-14
    2.90313e+03    5.56594e+04    1.04326e+05    1.11468e+03    1.35792e+04
     Coulomb-14        LJ (SR)   Coulomb (SR)      Potential Pressure (bar)
   -1.58787e+05   -5.65669e+04    8.08082e+04    4.30375e+04    1.18795e+03

           Step           Time
            845      845.00000

           Step           Time
            846      846.00000

   Energies (kJ/mol)
           Bond            U-B    Proper Dih.  Improper Dih.          LJ-14
    2.93179e+03    5.56217e+04    1.04301e+05    1.11431e+03    1.35713e+04
     Coulomb-14        LJ (SR)   Coulomb (SR)      Potential Pressure (bar)
   -1.58777e+05   -5.65842e+04    8.07869e+04    4.29657e+04    1.18842e+03

           Step           Time
            847      847.00000

   Energies (kJ/mol)
           Bond            U-B    Proper Dih.  Improper Dih.          LJ-14
    2.91029e+03    5.56033e+04    1.04288e+05    1.11352e+03    1.35692e+04
     Coulomb-14        LJ (SR)   Coulomb (SR)      Potential Pressure (bar)
   -1.58775e+05   -5.65900e+04    8.07737e+04    4.28925e+04    1.17990e+03

           Step           Time
            848      848.00000

   Energies (kJ/mol)
           Bond            U-B    Proper Dih.  Improper Dih.          LJ-14
    2.95898e+03    5.55772e+04    1.04269e+05    1.11245e+03    1.35613e+04
     Coulomb-14        LJ (SR)   Coulomb (SR)      Potential Pressure (bar)
   -1.58768e+05   -5.66052e+04    8.07616e+04    4.28667e+04    1.18397e+03

           Step           Time
            849      849.00000

   Energies (kJ/mol)
           Bond            U-B    Proper Dih.  Improper Dih.          LJ-14
    2.93262e+03    5.55544e+04    1.04253e+05    1.11145e+03    1.35595e+04
     Coulomb-14        LJ (SR)   Coulomb (SR)      Potential Pressure (bar)
   -1.58766e+05   -5.66117e+04    8.07464e+04    4.27790e+04    1.17739e+03

           Step           Time
            850      850.00000

           Step           Time
            851      851.00000

   Energies (kJ/mol)
           Bond            U-B    Proper Dih.  Improper Dih.          LJ-14
    2.89990e+03    5.55363e+04    1.04243e+05    1.11158e+03    1.35556e+04
     Coulomb-14        LJ (SR)   Coulomb (SR)      Potential Pressure (bar)
   -1.58763e+05   -5.66183e+04    8.07364e+04    4.27017e+04    1.18083e+03

           Step           Time
            852      852.00000

   Energies (kJ/mol)
           Bond            U-B    Proper Dih.  Improper Dih.          LJ-14
    2.96416e+03    5.54927e+04    1.04210e+05    1.11200e+03    1.35505e+04
     Coulomb-14        LJ (SR)   Coulomb (SR)      Potential Pressure (bar)
   -1.58754e+05   -5.66363e+04    8.07166e+04    4.26557e+04    1.16860e+03

           Step           Time
            853      853.00000

   Energies (kJ/mol)
           Bond            U-B    Proper Dih.  Improper Dih.          LJ-14
    2.91171e+03    5.54734e+04    1.04200e+05    1.11135e+03    1.35447e+04
     Coulomb-14        LJ (SR)   Coulomb (SR)      Potential Pressure (bar)
   -1.58751e+05   -5.66437e+04    8.07026e+04    4.25494e+04    1.18518e+03

           Step           Time
            854      854.00000

           Step           Time
            855      855.00000

   Energies (kJ/mol)
           Bond            U-B    Proper Dih.  Improper Dih.          LJ-14
    2.91077e+03    5.54527e+04    1.04185e+05    1.11103e+03    1.35420e+04
     Coulomb-14        LJ (SR)   Coulomb (SR)      Potential Pressure (bar)
   -1.58748e+05   -5.66507e+04    8.06891e+04    4.24918e+04    1.16293e+03

           Step           Time
            856      856.00000

   Energies (kJ/mol)
           Bond            U-B    Proper Dih.  Improper Dih.          LJ-14
    2.92659e+03    5.54321e+04    1.04169e+05    1.11014e+03    1.35357e+04
     Coulomb-14        LJ (SR)   Coulomb (SR)      Potential Pressure (bar)
   -1.58743e+05   -5.66619e+04    8.06793e+04    4.24481e+04    1.17398e+03

           Step           Time
            857      857.00000

   Energies (kJ/mol)
           Bond            U-B    Proper Dih.  Improper Dih.          LJ-14
    2.93242e+03    5.54077e+04    1.04153e+05    1.10952e+03    1.35336e+04
     Coulomb-14        LJ (SR)   Coulomb (SR)      Potential Pressure (bar)
   -1.58740e+05   -5.66694e+04    8.06640e+04    4.23900e+04    1.16690e+03

           Step           Time
            858      858.00000

   Energies (kJ/mol)
           Bond            U-B    Proper Dih.  Improper Dih.          LJ-14
    2.95521e+03    5.53890e+04    1.04138e+05    1.10855e+03    1.35271e+04
     Coulomb-14        LJ (SR)   Coulomb (SR)      Potential Pressure (bar)
   -1.58735e+05   -5.66803e+04    8.06599e+04    4.23623e+04    1.17201e+03

           Step           Time
            859      859.00000

   Energies (kJ/mol)
           Bond            U-B    Proper Dih.  Improper Dih.          LJ-14
    2.97667e+03    5.53657e+04    1.04120e+05    1.10806e+03    1.35255e+04
     Coulomb-14        LJ (SR)   Coulomb (SR)      Potential Pressure (bar)
   -1.58733e+05   -5.66873e+04    8.06397e+04    4.23150e+04    1.16043e+03

           Step           Time
            860      860.00000

   Energies (kJ/mol)
           Bond            U-B    Proper Dih.  Improper Dih.          LJ-14
    3.01301e+03    5.53495e+04    1.04106e+05    1.10716e+03    1.35187e+04
     Coulomb-14        LJ (SR)   Coulomb (SR)      Potential Pressure (bar)
   -1.58728e+05   -5.66991e+04    8.06390e+04    4.23072e+04    1.16890e+03

           Step           Time
            861      861.00000

   Energies (kJ/mol)
           Bond            U-B    Proper Dih.  Improper Dih.          LJ-14
    3.06097e+03    5.53278e+04    1.04087e+05    1.10629e+03    1.35172e+04
     Coulomb-14        LJ (SR)   Coulomb (SR)      Potential Pressure (bar)
   -1.58726e+05   -5.67051e+04    8.06173e+04    4.22854e+04    1.15450e+03

           Step           Time
            862      862.00000

           Step           Time
            863      863.00000

   Energies (kJ/mol)
           Bond            U-B    Proper Dih.  Improper Dih.          LJ-14
    2.89249e+03    5.52959e+04    1.04078e+05    1.10577e+03    1.35130e+04
     Coulomb-14        LJ (SR)   Coulomb (SR)      Potential Pressure (bar)
   -1.58723e+05   -5.67116e+04    8.06054e+04    4.20564e+04    1.16458e+03

           Step           Time
            864      864.00000

   Energies (kJ/mol)
           Bond            U-B    Proper Dih.  Improper Dih.          LJ-14
    3.06104e+03    5.52182e+04    1.04004e+05    1.10665e+03    1.34967e+04
     Coulomb-14        LJ (SR)   Coulomb (SR)      Potential Pressure (bar)
   -1.58705e+05   -5.67488e+04    8.05522e+04    4.19855e+04    1.14468e+03

           Step           Time
            865      865.00000

   Energies (kJ/mol)
           Bond            U-B    Proper Dih.  Improper Dih.          LJ-14
    2.93259e+03    5.51827e+04    1.03994e+05    1.10544e+03    1.34928e+04
     Coulomb-14        LJ (SR)   Coulomb (SR)      Potential Pressure (bar)
   -1.58701e+05   -5.67572e+04    8.05465e+04    4.17952e+04    1.15867e+03

           Step           Time
            866      866.00000

           Step           Time
            867      867.00000

   Energies (kJ/mol)
           Bond            U-B    Proper Dih.  Improper Dih.          LJ-14
    2.91148e+03    5.51645e+04    1.03980e+05    1.10478e+03    1.34892e+04
     Coulomb-14        LJ (SR)   Coulomb (SR)      Potential Pressure (bar)
   -1.58701e+05   -5.67627e+04    8.05279e+04    4.17137e+04    1.15105e+03

           Step           Time
            868      868.00000

   Energies (kJ/mol)
           Bond            U-B    Proper Dih.  Improper Dih.          LJ-14
    2.95719e+03    5.51371e+04    1.03960e+05    1.10291e+03    1.34830e+04
     Coulomb-14        LJ (SR)   Coulomb (SR)      Potential Pressure (bar)
   -1.58697e+05   -5.67748e+04    8.05266e+04    4.16950e+04    1.15177e+03

           Step           Time
            869      869.00000

   Energies (kJ/mol)
           Bond            U-B    Proper Dih.  Improper Dih.          LJ-14
    2.94841e+03    5.51155e+04    1.03943e+05    1.10231e+03    1.34804e+04
     Coulomb-14        LJ (SR)   Coulomb (SR)      Potential Pressure (bar)
   -1.58695e+05   -5.67810e+04    8.05005e+04    4.16143e+04    1.14352e+03

           Step           Time
            870      870.00000

           Step           Time
            871      871.00000

   Energies (kJ/mol)
           Bond            U-B    Proper Dih.  Improper Dih.          LJ-14
    2.89020e+03    5.50928e+04    1.03933e+05    1.10169e+03    1.34769e+04
     Coulomb-14        LJ (SR)   Coulomb (SR)      Potential Pressure (bar)
   -1.58692e+05   -5.67871e+04    8.04969e+04    4.15121e+04    1.15111e+03

           Step           Time
            872      872.00000

   Energies (kJ/mol)
           Bond            U-B    Proper Dih.  Improper Dih.          LJ-14
    2.94285e+03    5.50531e+04    1.03899e+05    1.10158e+03    1.34708e+04
     Coulomb-14        LJ (SR)   Coulomb (SR)      Potential Pressure (bar)
   -1.58686e+05   -5.68031e+04    8.04681e+04    4.14462e+04    1.14003e+03

           Step           Time
            873      873.00000

   Energies (kJ/mol)
           Bond            U-B    Proper Dih.  Improper Dih.          LJ-14
    2.94011e+03    5.50267e+04    1.03883e+05    1.10021e+03    1.34642e+04
     Coulomb-14        LJ (SR)   Coulomb (SR)      Potential Pressure (bar)
   -1.58683e+05   -5.68118e+04    8.04703e+04    4.13900e+04    1.15063e+03

           Step           Time
            874      874.00000

   Energies (kJ/mol)
           Bond            U-B    Proper Dih.  Improper Dih.          LJ-14
    2.99195e+03    5.50023e+04    1.03862e+05    1.10100e+03    1.34621e+04
     Coulomb-14        LJ (SR)   Coulomb (SR)      Potential Pressure (bar)
   -1.58680e+05   -5.68197e+04    8.04447e+04    4.13648e+04    1.13707e+03

           Step           Time
            875      875.00000

   Energies (kJ/mol)
           Bond            U-B    Proper Dih.  Improper Dih.          LJ-14
    2.99855e+03    5.49786e+04    1.03847e+05    1.09944e+03    1.34548e+04
     Coulomb-14        LJ (SR)   Coulomb (SR)      Potential Pressure (bar)
   -1.58677e+05   -5.68295e+04    8.04509e+04    4.13227e+04    1.14268e+03

           Step           Time
            876      876.00000

           Step           Time
            877      877.00000

   Energies (kJ/mol)
           Bond            U-B    Proper Dih.  Improper Dih.          LJ-14
    2.88506e+03    5.49474e+04    1.03835e+05    1.09936e+03    1.34536e+04
     Coulomb-14        LJ (SR)   Coulomb (SR)      Potential Pressure (bar)
   -1.58675e+05   -5.68331e+04    8.04244e+04    4.11364e+04    1.14085e+03

           Step           Time
            878      878.00000

   Energies (kJ/mol)
           Bond            U-B    Proper Dih.  Improper Dih.          LJ-14
    2.89759e+03    5.49003e+04    1.03804e+05    1.09804e+03    1.34458e+04
     Coulomb-14        LJ (SR)   Coulomb (SR)      Potential Pressure (bar)
   -1.58668e+05   -5.68483e+04    8.04055e+04    4.10342e+04    1.13767e+03

           Step           Time
            879      879.00000

           Step           Time
            880      880.00000

   Energies (kJ/mol)
           Bond            U-B    Proper Dih.  Improper Dih.          LJ-14
    2.90372e+03    5.48715e+04    1.03786e+05    1.09779e+03    1.34429e+04
     Coulomb-14        LJ (SR)   Coulomb (SR)      Potential Pressure (bar)
   -1.58666e+05   -5.68558e+04    8.03894e+04    4.09689e+04    1.13130e+03

           Step           Time
            881      881.00000

   Energies (kJ/mol)
           Bond            U-B    Proper Dih.  Improper Dih.          LJ-14
    2.91622e+03    5.48428e+04    1.03766e+05    1.09628e+03    1.34366e+04
     Coulomb-14        LJ (SR)   Coulomb (SR)      Potential Pressure (bar)
   -1.58662e+05   -5.68661e+04    8.03837e+04    4.09135e+04    1.13490e+03

           Step           Time
            882      882.00000

   Energies (kJ/mol)
           Bond            U-B    Proper Dih.  Improper Dih.          LJ-14
    2.94371e+03    5.48106e+04    1.03746e+05    1.09671e+03    1.34342e+04
     Coulomb-14        LJ (SR)   Coulomb (SR)      Potential Pressure (bar)
   -1.58660e+05   -5.68734e+04    8.03639e+04    4.08614e+04    1.12800e+03

           Step           Time
            883      883.00000

   Energies (kJ/mol)
           Bond            U-B    Proper Dih.  Improper Dih.          LJ-14
    2.95354e+03    5.47841e+04    1.03728e+05    1.09546e+03    1.34271e+04
     Coulomb-14        LJ (SR)   Coulomb (SR)      Potential Pressure (bar)
   -1.58656e+05   -5.68831e+04    8.03640e+04    4.08131e+04    1.12721e+03

           Step           Time
            884      884.00000

   Energies (kJ/mol)
           Bond            U-B    Proper Dih.  Improper Dih.          LJ-14
    3.00673e+03    5.47534e+04    1.03707e+05    1.09561e+03    1.34260e+04
     Coulomb-14        LJ (SR)   Coulomb (SR)      Potential Pressure (bar)
   -1.58654e+05   -5.68905e+04    8.03377e+04    4.07821e+04    1.12435e+03

           Step           Time
            885      885.00000

   Energies (kJ/mol)
           Bond            U-B    Proper Dih.  Improper Dih.          LJ-14
    3.02981e+03    5.47296e+04    1.03690e+05    1.09356e+03    1.34181e+04
     Coulomb-14        LJ (SR)   Coulomb (SR)      Potential Pressure (bar)
   -1.58649e+05   -5.69008e+04    8.03437e+04    4.07554e+04    1.11614e+03

           Step           Time
            886      886.00000

           Step           Time
            887      887.00000

   Energies (kJ/mol)
           Bond            U-B    Proper Dih.  Improper Dih.          LJ-14
    2.87554e+03    5.46896e+04    1.03677e+05    1.09374e+03    1.34173e+04
     Coulomb-14        LJ (SR)   Coulomb (SR)      Potential Pressure (bar)
   -1.58648e+05   -5.69046e+04    8.03154e+04    4.05163e+04    1.11795e+03

           Step           Time
            888      888.00000

   Energies (kJ/mol)
           Bond            U-B    Proper Dih.  Improper Dih.          LJ-14
    2.88458e+03    5.46419e+04    1.03646e+05    1.09281e+03    1.34104e+04
     Coulomb-14        LJ (SR)   Coulomb (SR)      Potential Pressure (bar)
   -1.58641e+05   -5.69190e+04    8.02946e+04    4.04105e+04    1.11841e+03

           Step           Time
            889      889.00000

           Step           Time
            890      890.00000

   Energies (kJ/mol)
           Bond            U-B    Proper Dih.  Improper Dih.          LJ-14
    2.88902e+03    5.46114e+04    1.03626e+05    1.09325e+03    1.34074e+04
     Coulomb-14        LJ (SR)   Coulomb (SR)      Potential Pressure (bar)
   -1.58638e+05   -5.69266e+04    8.02819e+04    4.03441e+04    1.10830e+03

           Step           Time
            891      891.00000

   Energies (kJ/mol)
           Bond            U-B    Proper Dih.  Improper Dih.          LJ-14
    2.91046e+03    5.45824e+04    1.03603e+05    1.09135e+03    1.34001e+04
     Coulomb-14        LJ (SR)   Coulomb (SR)      Potential Pressure (bar)
   -1.58633e+05   -5.69378e+04    8.02704e+04    4.02860e+04    1.11613e+03

           Step           Time
            892      892.00000

   Energies (kJ/mol)
           Bond            U-B    Proper Dih.  Improper Dih.          LJ-14
    2.96172e+03    5.45481e+04    1.03579e+05    1.09266e+03    1.33996e+04
     Coulomb-14        LJ (SR)   Coulomb (SR)      Potential Pressure (bar)
   -1.58629e+05   -5.69468e+04    8.02555e+04    4.02602e+04    1.10825e+03

           Step           Time
            893      893.00000

   Energies (kJ/mol)
           Bond            U-B    Proper Dih.  Improper Dih.          LJ-14
    2.95588e+03    5.45324e+04    1.03560e+05    1.08996e+03    1.33901e+04
     Coulomb-14        LJ (SR)   Coulomb (SR)      Potential Pressure (bar)
   -1.58627e+05   -5.69565e+04    8.02487e+04    4.01937e+04    1.10552e+03

           Step           Time
            894      894.00000

           Step           Time
            895      895.00000

   Energies (kJ/mol)
           Bond            U-B    Proper Dih.  Improper Dih.          LJ-14
    2.87340e+03    5.44972e+04    1.03547e+05    1.09059e+03    1.33909e+04
     Coulomb-14        LJ (SR)   Coulomb (SR)      Potential Pressure (bar)
   -1.58624e+05   -5.69610e+04    8.02305e+04    4.00448e+04    1.10549e+03

           Step           Time
            896      896.00000

   Energies (kJ/mol)
           Bond            U-B    Proper Dih.  Improper Dih.          LJ-14
    2.88435e+03    5.44615e+04    1.03517e+05    1.08953e+03    1.33840e+04
     Coulomb-14        LJ (SR)   Coulomb (SR)      Potential Pressure (bar)
   -1.58618e+05   -5.69742e+04    8.02124e+04    3.99564e+04    1.10230e+03

           Step           Time
            897      897.00000

           Step           Time
            898      898.00000

   Energies (kJ/mol)
           Bond            U-B    Proper Dih.  Improper Dih.          LJ-14
    2.88691e+03    5.44320e+04    1.03497e+05    1.08990e+03    1.33822e+04
     Coulomb-14        LJ (SR)   Coulomb (SR)      Potential Pressure (bar)
   -1.58614e+05   -5.69817e+04    8.02000e+04    3.98921e+04    1.09890e+03

           Step           Time
            899      899.00000

   Energies (kJ/mol)
           Bond            U-B    Proper Dih.  Improper Dih.          LJ-14
    2.90020e+03    5.44116e+04    1.03473e+05    1.08799e+03    1.33752e+04
     Coulomb-14        LJ (SR)   Coulomb (SR)      Potential Pressure (bar)
   -1.58611e+05   -5.69927e+04    8.01894e+04    3.98340e+04    1.09804e+03

           Step           Time
            900      900.00000

   Energies (kJ/mol)
           Bond            U-B    Proper Dih.  Improper Dih.          LJ-14
    2.90495e+03    5.43797e+04    1.03452e+05    1.08895e+03    1.33742e+04
     Coulomb-14        LJ (SR)   Coulomb (SR)      Potential Pressure (bar)
   -1.58607e+05   -5.69997e+04    8.01743e+04    3.97681e+04    1.09709e+03

           Step           Time
            901      901.00000

   Energies (kJ/mol)
           Bond            U-B    Proper Dih.  Improper Dih.          LJ-14
    2.91981e+03    5.43620e+04    1.03430e+05    1.08691e+03    1.33676e+04
     Coulomb-14        LJ (SR)   Coulomb (SR)      Potential Pressure (bar)
   -1.58604e+05   -5.70105e+04    8.01665e+04    3.97188e+04    1.09481e+03

           Step           Time
            902      902.00000

   Energies (kJ/mol)
           Bond            U-B    Proper Dih.  Improper Dih.          LJ-14
    2.93822e+03    5.43307e+04    1.03407e+05    1.08800e+03    1.33665e+04
     Coulomb-14        LJ (SR)   Coulomb (SR)      Potential Pressure (bar)
   -1.58599e+05   -5.70174e+04    8.01502e+04    3.96643e+04    1.09738e+03

           Step           Time
            903      903.00000

   Energies (kJ/mol)
           Bond            U-B    Proper Dih.  Improper Dih.          LJ-14
    2.97331e+03    5.43188e+04    1.03384e+05    1.08499e+03    1.33592e+04
     Coulomb-14        LJ (SR)   Coulomb (SR)      Potential Pressure (bar)
   -1.58596e+05   -5.70291e+04    8.01454e+04    3.96406e+04    1.08809e+03

           Step           Time
            904      904.00000

   Energies (kJ/mol)
           Bond            U-B    Proper Dih.  Improper Dih.          LJ-14
    3.02212e+03    5.42873e+04    1.03360e+05    1.08744e+03    1.33592e+04
     Coulomb-14        LJ (SR)   Coulomb (SR)      Potential Pressure (bar)
   -1.58591e+05   -5.70360e+04    8.01260e+04    3.96143e+04    1.08938e+03

           Step           Time
            905      905.00000

           Step           Time
            906      906.00000

   Energies (kJ/mol)
           Bond            U-B    Proper Dih.  Improper Dih.          LJ-14
    2.86497e+03    5.42602e+04    1.03347e+05    1.08517e+03    1.33539e+04
     Coulomb-14        LJ (SR)   Coulomb (SR)      Potential Pressure (bar)
   -1.58590e+05   -5.70426e+04    8.01136e+04    3.93918e+04    1.09053e+03

           Step           Time
            907      907.00000

   Energies (kJ/mol)
           Bond            U-B    Proper Dih.  Improper Dih.          LJ-14
    2.91207e+03    5.42136e+04    1.03295e+05    1.08596e+03    1.33473e+04
     Coulomb-14        LJ (SR)   Coulomb (SR)      Potential Pressure (bar)
   -1.58582e+05   -5.70607e+04    8.00810e+04    3.92929e+04    1.08864e+03

           Step           Time
            908      908.00000

           Step           Time
            909      909.00000

   Energies (kJ/mol)
           Bond            U-B    Proper Dih.  Improper Dih.          LJ-14
    2.86697e+03    5.41941e+04    1.03281e+05    1.08358e+03    1.33436e+04
     Coulomb-14        LJ (SR)   Coulomb (SR)      Potential Pressure (bar)
   -1.58579e+05   -5.70673e+04    8.00762e+04    3.91993e+04    1.08235e+03

           Step           Time
            910      910.00000

   Energies (kJ/mol)
           Bond            U-B    Proper Dih.  Improper Dih.          LJ-14
    2.91979e+03    5.41594e+04    1.03243e+05    1.08412e+03    1.33385e+04
     Coulomb-14        LJ (SR)   Coulomb (SR)      Potential Pressure (bar)
   -1.58573e+05   -5.70814e+04    8.00551e+04    3.91455e+04    1.08537e+03

           Step           Time
            911      911.00000

   Energies (kJ/mol)
           Bond            U-B    Proper Dih.  Improper Dih.          LJ-14
    2.90433e+03    5.41427e+04    1.03222e+05    1.08135e+03    1.33335e+04
     Coulomb-14        LJ (SR)   Coulomb (SR)      Potential Pressure (bar)
   -1.58569e+05   -5.70898e+04    8.00511e+04    3.90758e+04    1.07714e+03

           Step           Time
            912      912.00000

   Energies (kJ/mol)
           Bond            U-B    Proper Dih.  Improper Dih.          LJ-14
    2.98414e+03    5.41206e+04    1.03192e+05    1.08273e+03    1.33306e+04
     Coulomb-14        LJ (SR)   Coulomb (SR)      Potential Pressure (bar)
   -1.58566e+05   -5.71003e+04    8.00295e+04    3.90736e+04    1.08182e+03

           Step           Time
            913      913.00000

   Energies (kJ/mol)
           Bond            U-B    Proper Dih.  Improper Dih.          LJ-14
    2.96068e+03    5.41033e+04    1.03171e+05    1.07931e+03    1.33256e+04
     Coulomb-14        LJ (SR)   Coulomb (SR)      Potential Pressure (bar)
   -1.58560e+05   -5.71089e+04    8.00301e+04    3.90007e+04    1.07356e+03

           Step           Time
            914      914.00000

           Step           Time
            915      915.00000

   Energies (kJ/mol)
           Bond            U-B    Proper Dih.  Improper Dih.          LJ-14
    2.86328e+03    5.40739e+04    1.03155e+05    1.08042e+03    1.33241e+04
     Coulomb-14        LJ (SR)   Coulomb (SR)      Potential Pressure (bar)
   -1.58559e+05   -5.71140e+04    8.00062e+04    3.88301e+04    1.07497e+03

           Step           Time
            916      916.00000

   Energies (kJ/mol)
           Bond            U-B    Proper Dih.  Improper Dih.          LJ-14
    2.92447e+03    5.40444e+04    1.03102e+05    1.07877e+03    1.33153e+04
     Coulomb-14        LJ (SR)   Coulomb (SR)      Potential Pressure (bar)
   -1.58551e+05   -5.71338e+04    7.99852e+04    3.87658e+04    1.06571e+03

           Step           Time
            917      917.00000

   Energies (kJ/mol)
           Bond            U-B    Proper Dih.  Improper Dih.          LJ-14
    2.94709e+03    5.40142e+04    1.03077e+05    1.08012e+03    1.33134e+04
     Coulomb-14        LJ (SR)   Coulomb (SR)      Potential Pressure (bar)
   -1.58547e+05   -5.71417e+04    7.99695e+04    3.87129e+04    1.07315e+03

           Step           Time
            918      918.00000

           Step           Time
            919      919.00000

   Energies (kJ/mol)
           Bond            U-B    Proper Dih.  Improper Dih.          LJ-14
    2.85450e+03    5.39964e+04    1.03064e+05    1.07803e+03    1.33096e+04
     Coulomb-14        LJ (SR)   Coulomb (SR)      Potential Pressure (bar)
   -1.58545e+05   -5.71472e+04    7.99600e+04    3.85701e+04    1.06479e+03

           Step           Time
            920      920.00000

   Energies (kJ/mol)
           Bond            U-B    Proper Dih.  Improper Dih.          LJ-14
    2.88955e+03    5.39527e+04    1.03012e+05    1.07807e+03    1.33044e+04
     Coulomb-14        LJ (SR)   Coulomb (SR)      Potential Pressure (bar)
   -1.58536e+05   -5.71650e+04    7.99340e+04    3.84698e+04    1.06825e+03

           Step           Time
            921      921.00000

   Energies (kJ/mol)
           Bond            U-B    Proper Dih.  Improper Dih.          LJ-14
    2.94039e+03    5.39454e+04    1.02983e+05    1.07453e+03    1.32957e+04
     Coulomb-14        LJ (SR)   Coulomb (SR)      Potential Pressure (bar)
   -1.58534e+05   -5.71759e+04    7.99311e+04    3.84598e+04    1.06778e+03

           Step           Time
            922      922.00000

   Energies (kJ/mol)
           Bond            U-B    Proper Dih.  Improper Dih.          LJ-14
    2.94507e+03    5.39172e+04    1.02959e+05    1.07621e+03    1.32970e+04
     Coulomb-14        LJ (SR)   Coulomb (SR)      Potential Pressure (bar)
   -1.58529e+05   -5.71839e+04    7.99058e+04    3.83872e+04    1.06239e+03

           Step           Time
            923      923.00000

           Step           Time
            924      924.00000

   Energies (kJ/mol)
           Bond            U-B    Proper Dih.  Improper Dih.          LJ-14
    2.85229e+03    5.38992e+04    1.02945e+05    1.07452e+03    1.32919e+04
     Coulomb-14        LJ (SR)   Coulomb (SR)      Potential Pressure (bar)
   -1.58528e+05   -5.71894e+04    7.98983e+04    3.82438e+04    1.06138e+03

           Step           Time
            925      925.00000

   Energies (kJ/mol)
           Bond            U-B    Proper Dih.  Improper Dih.          LJ-14
    2.94263e+03    5.38590e+04    1.02882e+05    1.07449e+03    1.32867e+04
     Coulomb-14        LJ (SR)   Coulomb (SR)      Potential Pressure (bar)
   -1.58517e+05   -5.72110e+04    7.98634e+04    3.81797e+04    1.05997e+03

           Step           Time
            926      926.00000

   Energies (kJ/mol)
           Bond            U-B    Proper Dih.  Improper Dih.          LJ-14
    2.89216e+03    5.38419e+04    1.02861e+05    1.07176e+03    1.32788e+04
     Coulomb-14        LJ (SR)   Coulomb (SR)      Potential Pressure (bar)
   -1.58516e+05   -5.72188e+04    7.98640e+04    3.80748e+04    1.05579e+03

           Step           Time
            927      927.00000

           Step           Time
            928      928.00000

   Energies (kJ/mol)
           Bond            U-B    Proper Dih.  Improper Dih.          LJ-14
    2.85718e+03    5.38229e+04    1.02845e+05    1.07247e+03    1.32785e+04
     Coulomb-14        LJ (SR)   Coulomb (SR)      Potential Pressure (bar)
   -1.58513e+05   -5.72240e+04    7.98423e+04    3.79808e+04    1.05692e+03

           Step           Time
            929      929.00000

   Energies (kJ/mol)
           Bond            U-B    Proper Dih.  Improper Dih.          LJ-14
    2.92009e+03    5.38014e+04    1.02802e+05    1.06976e+03    1.32709e+04
     Coulomb-14        LJ (SR)   Coulomb (SR)      Potential Pressure (bar)
   -1.58506e+05   -5.72404e+04    7.98356e+04    3.79525e+04    1.04874e+03

           Step           Time
            930      930.00000

   Energies (kJ/mol)
           Bond            U-B    Proper Dih.  Improper Dih.          LJ-14
    2.88101e+03    5.37785e+04    1.02782e+05    1.07061e+03    1.32706e+04
     Coulomb-14        LJ (SR)   Coulomb (SR)      Potential Pressure (bar)
   -1.58503e+05   -5.72456e+04    7.98092e+04    3.78434e+04    1.04709e+03

           Step           Time
            931      931.00000

           Step           Time
            932      932.00000

   Energies (kJ/mol)
           Bond            U-B    Proper Dih.  Improper Dih.          LJ-14
    2.85069e+03    5.37645e+04    1.02765e+05    1.06946e+03    1.32663e+04
     Coulomb-14        LJ (SR)   Coulomb (SR)      Potential Pressure (bar)
   -1.58501e+05   -5.72524e+04    7.98054e+04    3.77680e+04    1.04737e+03

           Step           Time
            933      933.00000

   Energies (kJ/mol)
           Bond            U-B    Proper Dih.  Improper Dih.          LJ-14
    2.91669e+03    5.37405e+04    1.02720e+05    1.07027e+03    1.32621e+04
     Coulomb-14        LJ (SR)   Coulomb (SR)      Potential Pressure (bar)
   -1.58495e+05   -5.72662e+04    7.97814e+04    3.77300e+04    1.04560e+03

           Step           Time
            934      934.00000

   Energies (kJ/mol)
           Bond            U-B    Proper Dih.  Improper Dih.          LJ-14
    2.86433e+03    5.37222e+04    1.02702e+05    1.06828e+03    1.32569e+04
     Coulomb-14        LJ (SR)   Coulomb (SR)      Potential Pressure (bar)
   -1.58492e+05   -5.72736e+04    7.97780e+04    3.76253e+04    1.04812e+03

           Step           Time
            935      935.00000

           Step           Time
            936      936.00000

   Energies (kJ/mol)
           Bond            U-B    Proper Dih.  Improper Dih.          LJ-14
    2.84982e+03    5.37080e+04    1.02685e+05    1.06871e+03    1.32559e+04
     Coulomb-14        LJ (SR)   Coulomb (SR)      Potential Pressure (bar)
   -1.58489e+05   -5.72789e+04    7.97595e+04    3.75582e+04    1.04777e+03

           Step           Time
            937      937.00000

   Energies (kJ/mol)
           Bond            U-B    Proper Dih.  Improper Dih.          LJ-14
    2.87177e+03    5.36865e+04    1.02647e+05    1.06681e+03    1.32496e+04
     Coulomb-14        LJ (SR)   Coulomb (SR)      Potential Pressure (bar)
   -1.58484e+05   -5.72921e+04    7.97502e+04    3.74961e+04    1.04509e+03

           Step           Time
            938      938.00000

   Energies (kJ/mol)
           Bond            U-B    Proper Dih.  Improper Dih.          LJ-14
    2.85723e+03    5.36698e+04    1.02628e+05    1.06738e+03    1.32484e+04
     Coulomb-14        LJ (SR)   Coulomb (SR)      Potential Pressure (bar)
   -1.58481e+05   -5.72977e+04    7.97315e+04    3.74233e+04    1.03430e+03

           Step           Time
            939      939.00000

   Energies (kJ/mol)
           Bond            U-B    Proper Dih.  Improper Dih.          LJ-14
    2.88758e+03    5.36523e+04    1.02596e+05    1.06597e+03    1.32434e+04
     Coulomb-14        LJ (SR)   Coulomb (SR)      Potential Pressure (bar)
   -1.58475e+05   -5.73096e+04    7.97276e+04    3.73888e+04    1.04705e+03

           Step           Time
            940      940.00000

   Energies (kJ/mol)
           Bond            U-B    Proper Dih.  Improper Dih.          LJ-14
    2.88038e+03    5.36352e+04    1.02574e+05    1.06641e+03    1.32418e+04
     Coulomb-14        LJ (SR)   Coulomb (SR)      Potential Pressure (bar)
   -1.58472e+05   -5.73151e+04    7.97051e+04    3.73160e+04    1.03609e+03

           Step           Time
            941      941.00000

   Energies (kJ/mol)
           Bond            U-B    Proper Dih.  Improper Dih.          LJ-14
    2.93053e+03    5.36239e+04    1.02545e+05    1.06420e+03    1.32360e+04
     Coulomb-14        LJ (SR)   Coulomb (SR)      Potential Pressure (bar)
   -1.58468e+05   -5.73269e+04    7.97082e+04    3.73130e+04    1.04727e+03

           Step           Time
            942      942.00000

   Energies (kJ/mol)
           Bond            U-B    Proper Dih.  Improper Dih.          LJ-14
    2.93838e+03    5.36069e+04    1.02520e+05    1.06539e+03    1.32354e+04
     Coulomb-14        LJ (SR)   Coulomb (SR)      Potential Pressure (bar)
   -1.58465e+05   -5.73325e+04    7.96804e+04    3.72499e+04    1.02908e+03

           Step           Time
            943      943.00000

           Step           Time
            944      944.00000

   Energies (kJ/mol)
           Bond            U-B    Proper Dih.  Improper Dih.          LJ-14
    2.84264e+03    5.35863e+04    1.02506e+05    1.06401e+03    1.32315e+04
     Coulomb-14        LJ (SR)   Coulomb (SR)      Potential Pressure (bar)
   -1.58462e+05   -5.73388e+04    7.96721e+04    3.71017e+04    1.03569e+03

           Step           Time
            945      945.00000

           Step           Time
            946      946.00000

   Energies (kJ/mol)
           Bond            U-B    Proper Dih.  Improper Dih.          LJ-14
    2.87423e+03    5.35613e+04    1.02467e+05    1.06390e+03    1.32282e+04
     Coulomb-14        LJ (SR)   Coulomb (SR)      Potential Pressure (bar)
   -1.58455e+05   -5.73507e+04    7.96497e+04    3.70385e+04    1.02599e+03

           Step           Time
            947      947.00000

   Energies (kJ/mol)
           Bond            U-B    Proper Dih.  Improper Dih.          LJ-14
    2.84988e+03    5.35487e+04    1.02448e+05    1.06275e+03    1.32237e+04
     Coulomb-14        LJ (SR)   Coulomb (SR)      Potential Pressure (bar)
   -1.58452e+05   -5.73577e+04    7.96448e+04    3.69673e+04    1.03271e+03

           Step           Time
            948      948.00000

   Energies (kJ/mol)
           Bond            U-B    Proper Dih.  Improper Dih.          LJ-14
    2.88334e+03    5.35313e+04    1.02417e+05    1.06346e+03    1.32216e+04
     Coulomb-14        LJ (SR)   Coulomb (SR)      Potential Pressure (bar)
   -1.58448e+05   -5.73662e+04    7.96241e+04    3.69270e+04    1.02287e+03

           Step           Time
            949      949.00000

   Energies (kJ/mol)
           Bond            U-B    Proper Dih.  Improper Dih.          LJ-14
    2.86779e+03    5.35175e+04    1.02395e+05    1.06185e+03    1.32164e+04
     Coulomb-14        LJ (SR)   Coulomb (SR)      Potential Pressure (bar)
   -1.58445e+05   -5.73744e+04    7.96231e+04    3.68626e+04    1.03666e+03

           Step           Time
            950      950.00000

   Energies (kJ/mol)
           Bond            U-B    Proper Dih.  Improper Dih.          LJ-14
    2.91783e+03    5.35048e+04    1.02366e+05    1.06273e+03    1.32155e+04
     Coulomb-14        LJ (SR)   Coulomb (SR)      Potential Pressure (bar)
   -1.58440e+05   -5.73822e+04    7.95991e+04    3.68433e+04    1.02321e+03

           Step           Time
            951      951.00000

   Energies (kJ/mol)
           Bond            U-B    Proper Dih.  Improper Dih.          LJ-14
    2.91388e+03    5.34913e+04    1.02342e+05    1.06054e+03    1.32089e+04
     Coulomb-14        LJ (SR)   Coulomb (SR)      Potential Pressure (bar)
   -1.58437e+05   -5.73914e+04    7.96039e+04    3.67922e+04    1.03354e+03

           Step           Time
            952      952.00000

           Step           Time
            953      953.00000

   Energies (kJ/mol)
           Bond            U-B    Proper Dih.  Improper Dih.          LJ-14
    2.83864e+03    5.34707e+04    1.02328e+05    1.06119e+03    1.32083e+04
     Coulomb-14        LJ (SR)   Coulomb (SR)      Potential Pressure (bar)
   -1.58435e+05   -5.73951e+04    7.95798e+04    3.66561e+04    1.02384e+03

           Step           Time
            954      954.00000

   Energies (kJ/mol)
           Bond            U-B    Proper Dih.  Improper Dih.          LJ-14
    2.94108e+03    5.34461e+04    1.02252e+05    1.05807e+03    1.31973e+04
     Coulomb-14        LJ (SR)   Coulomb (SR)      Potential Pressure (bar)
   -1.58422e+05   -5.74191e+04    7.95528e+04    3.66064e+04    1.02941e+03

           Step           Time
            955      955.00000

   Energies (kJ/mol)
           Bond            U-B    Proper Dih.  Improper Dih.          LJ-14
    2.86005e+03    5.34154e+04    1.02234e+05    1.05891e+03    1.31963e+04
     Coulomb-14        LJ (SR)   Coulomb (SR)      Potential Pressure (bar)
   -1.58420e+05   -5.74237e+04    7.95329e+04    3.64542e+04    1.02226e+03

           Step           Time
            956      956.00000

           Step           Time
            957      957.00000

   Energies (kJ/mol)
           Bond            U-B    Proper Dih.  Improper Dih.          LJ-14
    2.84876e+03    5.34044e+04    1.02213e+05    1.05820e+03    1.31921e+04
     Coulomb-14        LJ (SR)   Coulomb (SR)      Potential Pressure (bar)
   -1.58417e+05   -5.74308e+04    7.95244e+04    3.63928e+04    1.02298e+03

           Step           Time
            958      958.00000

   Energies (kJ/mol)
           Bond            U-B    Proper Dih.  Improper Dih.          LJ-14
    2.87267e+03    5.33873e+04    1.02186e+05    1.05823e+03    1.31899e+04
     Coulomb-14        LJ (SR)   Coulomb (SR)      Potential Pressure (bar)
   -1.58413e+05   -5.74384e+04    7.95104e+04    3.63527e+04    1.01955e+03

           Step           Time
            959      959.00000

   Energies (kJ/mol)
           Bond            U-B    Proper Dih.  Improper Dih.          LJ-14
    2.87084e+03    5.33764e+04    1.02162e+05    1.05682e+03    1.31849e+04
     Coulomb-14        LJ (SR)   Coulomb (SR)      Potential Pressure (bar)
   -1.58410e+05   -5.74468e+04    7.95024e+04    3.62974e+04    1.01818e+03

           Step           Time
            960      960.00000

   Energies (kJ/mol)
           Bond            U-B    Proper Dih.  Improper Dih.          LJ-14
    2.91021e+03    5.33597e+04    1.02135e+05    1.05745e+03    1.31835e+04
     Coulomb-14        LJ (SR)   Coulomb (SR)      Potential Pressure (bar)
   -1.58406e+05   -5.74540e+04    7.94903e+04    3.62769e+04    1.01334e+03

           Step           Time
            961      961.00000

   Energies (kJ/mol)
           Bond            U-B    Proper Dih.  Improper Dih.          LJ-14
    2.92839e+03    5.33528e+04    1.02111e+05    1.05567e+03    1.31774e+04
     Coulomb-14        LJ (SR)   Coulomb (SR)      Potential Pressure (bar)
   -1.58402e+05   -5.74628e+04    7.94825e+04    3.62428e+04    1.02688e+03

           Step           Time
            962      962.00000

           Step           Time
            963      963.00000

   Energies (kJ/mol)
           Bond            U-B    Proper Dih.  Improper Dih.          LJ-14
    2.83205e+03    5.33263e+04    1.02097e+05    1.05599e+03    1.31771e+04
     Coulomb-14        LJ (SR)   Coulomb (SR)      Potential Pressure (bar)
   -1.58399e+05   -5.74662e+04    7.94653e+04    3.60887e+04    1.01712e+03

           Step           Time
            964      964.00000

   Energies (kJ/mol)
           Bond            U-B    Proper Dih.  Improper Dih.          LJ-14
    2.93974e+03    5.32975e+04    1.02017e+05    1.05391e+03    1.31651e+04
     Coulomb-14        LJ (SR)   Coulomb (SR)      Potential Pressure (bar)
   -1.58386e+05   -5.74911e+04    7.94328e+04    3.60284e+04    1.01900e+03

           Step           Time
            965      965.00000

   Energies (kJ/mol)
           Bond            U-B    Proper Dih.  Improper Dih.          LJ-14
    2.95138e+03    5.32711e+04    1.01993e+05    1.05462e+03    1.31645e+04
     Coulomb-14        LJ (SR)   Coulomb (SR)      Potential Pressure (bar)
   -1.58383e+05   -5.74971e+04    7.94235e+04    3.59777e+04    1.00663e+03

           Step           Time
            966      966.00000

           Step           Time
            967      967.00000

   Energies (kJ/mol)
           Bond            U-B    Proper Dih.  Improper Dih.          LJ-14
    2.83005e+03    5.32519e+04    1.01980e+05    1.05366e+03    1.31604e+04
     Coulomb-14        LJ (SR)   Coulomb (SR)      Potential Pressure (bar)
   -1.58381e+05   -5.75025e+04    7.94057e+04    3.57986e+04    1.00493e+03

           Step           Time
            968      968.00000

   Energies (kJ/mol)
           Bond            U-B    Proper Dih.  Improper Dih.          LJ-14
    2.92276e+03    5.32144e+04    1.01910e+05    1.05291e+03    1.31531e+04
     Coulomb-14        LJ (SR)   Coulomb (SR)      Potential Pressure (bar)
   -1.58369e+05   -5.75234e+04    7.93807e+04    3.57416e+04    1.00361e+03

           Step           Time
            969      969.00000

   Energies (kJ/mol)
           Bond            U-B    Proper Dih.  Improper Dih.          LJ-14
    2.86199e+03    5.31979e+04    1.01892e+05    1.05177e+03    1.31481e+04
     Coulomb-14        LJ (SR)   Coulomb (SR)      Potential Pressure (bar)
   -1.58366e+05   -5.75300e+04    7.93665e+04    3.56228e+04    1.00775e+03

           Step           Time
            970      970.00000

           Step           Time
            971      971.00000

   Energies (kJ/mol)
           Bond            U-B    Proper Dih.  Improper Dih.          LJ-14
    2.83917e+03    5.31836e+04    1.01875e+05    1.05186e+03    1.31472e+04
     Coulomb-14        LJ (SR)   Coulomb (SR)      Potential Pressure (bar)
   -1.58364e+05   -5.75349e+04    7.93518e+04    3.55498e+04    1.01414e+03

           Step           Time
            972      972.00000

   Energies (kJ/mol)
           Bond            U-B    Proper Dih.  Improper Dih.          LJ-14
    2.87575e+03    5.31678e+04    1.01844e+05    1.05051e+03    1.31418e+04
     Coulomb-14        LJ (SR)   Coulomb (SR)      Potential Pressure (bar)
   -1.58358e+05   -5.75456e+04    7.93438e+04    3.55200e+04    1.00821e+03

           Step           Time
            973      973.00000

   Energies (kJ/mol)
           Bond            U-B    Proper Dih.  Improper Dih.          LJ-14
    2.85905e+03    5.31544e+04    1.01824e+05    1.05086e+03    1.31403e+04
     Coulomb-14        LJ (SR)   Coulomb (SR)      Potential Pressure (bar)
   -1.58356e+05   -5.75502e+04    7.93238e+04    3.54462e+04    1.00824e+03

           Step           Time
            974      974.00000

           Step           Time
            975      975.00000

   Energies (kJ/mol)
           Bond            U-B    Proper Dih.  Improper Dih.          LJ-14
    2.82710e+03    5.31394e+04    1.01810e+05    1.04980e+03    1.31375e+04
     Coulomb-14        LJ (SR)   Coulomb (SR)      Potential Pressure (bar)
   -1.58353e+05   -5.75557e+04    7.93175e+04    3.53729e+04    9.95741e+02

           Step           Time
            976      976.00000

   Energies (kJ/mol)
           Bond            U-B    Proper Dih.  Improper Dih.          LJ-14
    2.88321e+03    5.31168e+04    1.01760e+05    1.04837e+03    1.31309e+04
     Coulomb-14        LJ (SR)   Coulomb (SR)      Potential Pressure (bar)
   -1.58346e+05   -5.75702e+04    7.92904e+04    3.53138e+04    1.00550e+03

           Step           Time
            977      977.00000

   Energies (kJ/mol)
           Bond            U-B    Proper Dih.  Improper Dih.          LJ-14
    2.83633e+03    5.30963e+04    1.01744e+05    1.04766e+03    1.31276e+04
     Coulomb-14        LJ (SR)   Coulomb (SR)      Potential Pressure (bar)
   -1.58341e+05   -5.75765e+04    7.92838e+04    3.52177e+04    9.98758e+02

           Step           Time
            978      978.00000

           Step           Time
            979      979.00000

   Energies (kJ/mol)
           Bond            U-B    Proper Dih.  Improper Dih.          LJ-14
    2.83733e+03    5.30858e+04    1.01723e+05    1.04752e+03    1.31261e+04
     Coulomb-14        LJ (SR)   Coulomb (SR)      Potential Pressure (bar)
   -1.58339e+05   -5.75824e+04    7.92669e+04    3.51654e+04    1.00288e+03

           Step           Time
            980      980.00000

   Energies (kJ/mol)
           Bond            U-B    Proper Dih.  Improper Dih.          LJ-14
    2.84581e+03    5.30691e+04    1.01699e+05    1.04682e+03    1.31213e+04
     Coulomb-14        LJ (SR)   Coulomb (SR)      Potential Pressure (bar)
   -1.58334e+05   -5.75907e+04    7.92619e+04    3.51193e+04    9.96274e+02

           Step           Time
            981      981.00000

   Energies (kJ/mol)
           Bond            U-B    Proper Dih.  Improper Dih.          LJ-14
    2.84493e+03    5.30570e+04    1.01678e+05    1.04667e+03    1.31205e+04
     Coulomb-14        LJ (SR)   Coulomb (SR)      Potential Pressure (bar)
   -1.58330e+05   -5.75961e+04    7.92422e+04    3.50631e+04    1.00315e+03

           Step           Time
            982      982.00000

   Energies (kJ/mol)
           Bond            U-B    Proper Dih.  Improper Dih.          LJ-14
    2.86010e+03    5.30429e+04    1.01654e+05    1.04565e+03    1.31145e+04
     Coulomb-14        LJ (SR)   Coulomb (SR)      Potential Pressure (bar)
   -1.58326e+05   -5.76053e+04    7.92406e+04    3.50268e+04    1.00179e+03

           Step           Time
            983      983.00000

   Energies (kJ/mol)
           Bond            U-B    Proper Dih.  Improper Dih.          LJ-14
    2.86753e+03    5.30295e+04    1.01632e+05    1.04553e+03    1.31150e+04
     Coulomb-14        LJ (SR)   Coulomb (SR)      Potential Pressure (bar)
   -1.58322e+05   -5.76106e+04    7.92177e+04    3.49742e+04    1.00174e+03

           Step           Time
            984      984.00000

   Energies (kJ/mol)
           Bond            U-B    Proper Dih.  Improper Dih.          LJ-14
    2.89979e+03    5.30162e+04    1.01607e+05    1.04462e+03    1.31076e+04
     Coulomb-14        LJ (SR)   Coulomb (SR)      Potential Pressure (bar)
   -1.58317e+05   -5.76205e+04    7.92233e+04    3.49604e+04    1.00218e+03

           Step           Time
            985      985.00000

   Energies (kJ/mol)
           Bond            U-B    Proper Dih.  Improper Dih.          LJ-14
    2.92557e+03    5.30053e+04    1.01584e+05    1.04444e+03    1.31098e+04
     Coulomb-14        LJ (SR)   Coulomb (SR)      Potential Pressure (bar)
   -1.58313e+05   -5.76256e+04    7.91925e+04    3.49224e+04    9.99083e+02

           Step           Time
            986      986.00000

           Step           Time
            987      987.00000

   Energies (kJ/mol)
           Bond            U-B    Proper Dih.  Improper Dih.          LJ-14
    2.82199e+03    5.29832e+04    1.01571e+05    1.04362e+03    1.31042e+04
     Coulomb-14        LJ (SR)   Coulomb (SR)      Potential Pressure (bar)
   -1.58311e+05   -5.76310e+04    7.91887e+04    3.47707e+04    9.96212e+02

           Step           Time
            988      988.00000

   Energies (kJ/mol)
           Bond            U-B    Proper Dih.  Improper Dih.          LJ-14
    2.98865e+03    5.29628e+04    1.01490e+05    1.04147e+03    1.30943e+04
     Coulomb-14        LJ (SR)   Coulomb (SR)      Potential Pressure (bar)
   -1.58303e+05   -5.76551e+04    7.91460e+04    3.47647e+04    9.86888e+02

           Step           Time
            989      989.00000

   Energies (kJ/mol)
           Bond            U-B    Proper Dih.  Improper Dih.          LJ-14
    2.86120e+03    5.29266e+04    1.01473e+05    1.04075e+03    1.30890e+04
     Coulomb-14        LJ (SR)   Coulomb (SR)      Potential Pressure (bar)
   -1.58296e+05   -5.76617e+04    7.91442e+04    3.45770e+04    9.87572e+02

           Step           Time
            990      990.00000

           Step           Time
            991      991.00000

   Energies (kJ/mol)
           Bond            U-B    Proper Dih.  Improper Dih.          LJ-14
    2.84362e+03    5.29141e+04    1.01454e+05    1.04051e+03    1.30887e+04
     Coulomb-14        LJ (SR)   Coulomb (SR)      Potential Pressure (bar)
   -1.58294e+05   -5.76670e+04    7.91218e+04    3.45018e+04    9.85810e+02

           Step           Time
            992      992.00000

   Energies (kJ/mol)
           Bond            U-B    Proper Dih.  Improper Dih.          LJ-14
    2.87956e+03    5.29002e+04    1.01426e+05    1.03991e+03    1.30826e+04
     Coulomb-14        LJ (SR)   Coulomb (SR)      Potential Pressure (bar)
   -1.58287e+05   -5.76763e+04    7.91213e+04    3.44859e+04    9.89703e+02

           Step           Time
            993      993.00000

   Energies (kJ/mol)
           Bond            U-B    Proper Dih.  Improper Dih.          LJ-14
    2.87544e+03    5.28851e+04    1.01405e+05    1.03977e+03    1.30833e+04
     Coulomb-14        LJ (SR)   Coulomb (SR)      Potential Pressure (bar)
   -1.58285e+05   -5.76824e+04    7.90967e+04    3.44171e+04    9.84323e+02

           Step           Time
            994      994.00000

           Step           Time
            995      995.00000

   Energies (kJ/mol)
           Bond            U-B    Proper Dih.  Improper Dih.          LJ-14
    2.81931e+03    5.28699e+04    1.01391e+05    1.03949e+03    1.30789e+04
     Coulomb-14        LJ (SR)   Coulomb (SR)      Potential Pressure (bar)
   -1.58282e+05   -5.76872e+04    7.90924e+04    3.43216e+04    9.74912e+02

           Step           Time
            996      996.00000

   Energies (kJ/mol)
           Bond            U-B    Proper Dih.  Improper Dih.          LJ-14
    2.89802e+03    5.28478e+04    1.01336e+05    1.03799e+03    1.30739e+04
     Coulomb-14        LJ (SR)   Coulomb (SR)      Potential Pressure (bar)
   -1.58274e+05   -5.77038e+04    7.90594e+04    3.42758e+04    9.86182e+02

           Step           Time
            997      997.00000

   Energies (kJ/mol)
           Bond            U-B    Proper Dih.  Improper Dih.          LJ-14
    2.84420e+03    5.28257e+04    1.01318e+05    1.03817e+03    1.30682e+04
     Coulomb-14        LJ (SR)   Coulomb (SR)      Potential Pressure (bar)
   -1.58270e+05   -5.77098e+04    7.90616e+04    3.41764e+04    9.79499e+02

           Step           Time
            998      998.00000

           Step           Time
            999      999.00000

   Energies (kJ/mol)
           Bond            U-B    Proper Dih.  Improper Dih.          LJ-14
    2.82336e+03    5.28146e+04    1.01302e+05    1.03747e+03    1.30680e+04
     Coulomb-14        LJ (SR)   Coulomb (SR)      Potential Pressure (bar)
   -1.58268e+05   -5.77143e+04    7.90412e+04    3.41050e+04    9.84402e+02

           Step           Time
           1000     1000.00000

   Energies (kJ/mol)
           Bond            U-B    Proper Dih.  Improper Dih.          LJ-14
    2.84112e+03    5.27987e+04    1.01269e+05    1.03747e+03    1.30614e+04
     Coulomb-14        LJ (SR)   Coulomb (SR)      Potential Pressure (bar)
   -1.58262e+05   -5.77245e+04    7.90318e+04    3.40524e+04    9.74069e+02

           Step           Time
           1001     1001.00000

   Energies (kJ/mol)
           Bond            U-B    Proper Dih.  Improper Dih.          LJ-14
    2.83365e+03    5.27835e+04    1.01249e+05    1.03686e+03    1.30619e+04
     Coulomb-14        LJ (SR)   Coulomb (SR)      Potential Pressure (bar)
   -1.58259e+05   -5.77304e+04    7.90132e+04    3.39893e+04    9.77766e+02

           Step           Time
           1002     1002.00000

   Energies (kJ/mol)
           Bond            U-B    Proper Dih.  Improper Dih.          LJ-14
    2.85990e+03    5.27704e+04    1.01221e+05    1.03603e+03    1.30545e+04
     Coulomb-14        LJ (SR)   Coulomb (SR)      Potential Pressure (bar)
   -1.58254e+05   -5.77394e+04    7.90114e+04    3.39600e+04    9.71013e+02

           Step           Time
           1003     1003.00000

   Energies (kJ/mol)
           Bond            U-B    Proper Dih.  Improper Dih.          LJ-14
    2.85758e+03    5.27548e+04    1.01199e+05    1.03563e+03    1.30564e+04
     Coulomb-14        LJ (SR)   Coulomb (SR)      Potential Pressure (bar)
   -1.58250e+05   -5.77455e+04    7.89885e+04    3.38970e+04    9.76659e+02

           Step           Time
           1004     1004.00000

           Step           Time
           1005     1005.00000

   Energies (kJ/mol)
           Bond            U-B    Proper Dih.  Improper Dih.          LJ-14
    2.81651e+03    5.27418e+04    1.01185e+05    1.03565e+03    1.30513e+04
     Coulomb-14        LJ (SR)   Coulomb (SR)      Potential Pressure (bar)
   -1.58248e+05   -5.77499e+04    7.89844e+04    3.38168e+04    9.67785e+02

           Step           Time
           1006     1006.00000

   Energies (kJ/mol)
           Bond            U-B    Proper Dih.  Improper Dih.          LJ-14
    2.88311e+03    5.27202e+04    1.01130e+05    1.03404e+03    1.30459e+04
     Coulomb-14        LJ (SR)   Coulomb (SR)      Potential Pressure (bar)
   -1.58241e+05   -5.77649e+04    7.89572e+04    3.37649e+04    9.72792e+02

           Step           Time
           1007     1007.00000

   Energies (kJ/mol)
           Bond            U-B    Proper Dih.  Improper Dih.          LJ-14
    2.83687e+03    5.27001e+04    1.01111e+05    1.03489e+03    1.30400e+04
     Coulomb-14        LJ (SR)   Coulomb (SR)      Potential Pressure (bar)
   -1.58237e+05   -5.77708e+04    7.89538e+04    3.36691e+04    9.68363e+02

           Step           Time
           1008     1008.00000

           Step           Time
           1009     1009.00000

   Energies (kJ/mol)
           Bond            U-B    Proper Dih.  Improper Dih.          LJ-14
    2.82002e+03    5.26876e+04    1.01095e+05    1.03375e+03    1.30401e+04
     Coulomb-14        LJ (SR)   Coulomb (SR)      Potential Pressure (bar)
   -1.58234e+05   -5.77751e+04    7.89371e+04    3.36041e+04    9.71827e+02

           Step           Time
           1010     1010.00000

   Energies (kJ/mol)
           Bond            U-B    Proper Dih.  Improper Dih.          LJ-14
    2.84085e+03    5.26708e+04    1.01060e+05    1.03370e+03    1.30338e+04
     Coulomb-14        LJ (SR)   Coulomb (SR)      Potential Pressure (bar)
   -1.58228e+05   -5.77854e+04    7.89295e+04    3.35555e+04    9.63899e+02

           Step           Time
           1011     1011.00000

   Energies (kJ/mol)
           Bond            U-B    Proper Dih.  Improper Dih.          LJ-14
    2.83314e+03    5.26577e+04    1.01041e+05    1.03258e+03    1.30338e+04
     Coulomb-14        LJ (SR)   Coulomb (SR)      Potential Pressure (bar)
   -1.58226e+05   -5.77908e+04    7.89098e+04    3.34914e+04    9.64071e+02

           Step           Time
           1012     1012.00000

   Energies (kJ/mol)
           Bond            U-B    Proper Dih.  Improper Dih.          LJ-14
    2.86537e+03    5.26415e+04    1.01011e+05    1.03306e+03    1.30271e+04
     Coulomb-14        LJ (SR)   Coulomb (SR)      Potential Pressure (bar)
   -1.58219e+05   -5.77997e+04    7.89116e+04    3.34713e+04    9.65515e+02

           Step           Time
           1013     1013.00000

   Energies (kJ/mol)
           Bond            U-B    Proper Dih.  Improper Dih.          LJ-14
    2.86193e+03    5.26300e+04    1.00990e+05    1.03191e+03    1.30284e+04
     Coulomb-14        LJ (SR)   Coulomb (SR)      Potential Pressure (bar)
   -1.58216e+05   -5.78049e+04    7.88835e+04    3.34046e+04    9.59199e+02

           Step           Time
           1014     1014.00000

           Step           Time
           1015     1015.00000

   Energies (kJ/mol)
           Bond            U-B    Proper Dih.  Improper Dih.          LJ-14
    2.81403e+03    5.26155e+04    1.00976e+05    1.03192e+03    1.30231e+04
     Coulomb-14        LJ (SR)   Coulomb (SR)      Potential Pressure (bar)
   -1.58214e+05   -5.78097e+04    7.88808e+04    3.33172e+04    9.52256e+02

           Step           Time
           1016     1016.00000

   Energies (kJ/mol)
           Bond            U-B    Proper Dih.  Improper Dih.          LJ-14
    2.91038e+03    5.25942e+04    1.00918e+05    1.03067e+03    1.30189e+04
     Coulomb-14        LJ (SR)   Coulomb (SR)      Potential Pressure (bar)
   -1.58206e+05   -5.78253e+04    7.88522e+04    3.32923e+04    9.58179e+02

           Step           Time
           1017     1017.00000

   Energies (kJ/mol)
           Bond            U-B    Proper Dih.  Improper Dih.          LJ-14
    2.83524e+03    5.25746e+04    1.00900e+05    1.03077e+03    1.30109e+04
     Coulomb-14        LJ (SR)   Coulomb (SR)      Potential Pressure (bar)
   -1.58203e+05   -5.78311e+04    7.88498e+04    3.31670e+04    9.51116e+02

           Step           Time
           1018     1018.00000

           Step           Time
           1019     1019.00000

   Energies (kJ/mol)
           Bond            U-B    Proper Dih.  Improper Dih.          LJ-14
    2.82419e+03    5.25608e+04    1.00882e+05    1.02989e+03    1.30123e+04
     Coulomb-14        LJ (SR)   Coulomb (SR)      Potential Pressure (bar)
   -1.58200e+05   -5.78359e+04    7.88300e+04    3.31036e+04    9.49529e+02

           Step           Time
           1020     1020.00000

   Energies (kJ/mol)
           Bond            U-B    Proper Dih.  Improper Dih.          LJ-14
    2.84427e+03    5.25486e+04    1.00853e+05    1.03017e+03    1.30051e+04
     Coulomb-14        LJ (SR)   Coulomb (SR)      Potential Pressure (bar)
   -1.58195e+05   -5.78452e+04    7.88264e+04    3.30677e+04    9.49891e+02

           Step           Time
           1021     1021.00000

   Energies (kJ/mol)
           Bond            U-B    Proper Dih.  Improper Dih.          LJ-14
    2.84020e+03    5.25328e+04    1.00833e+05    1.02886e+03    1.30066e+04
     Coulomb-14        LJ (SR)   Coulomb (SR)      Potential Pressure (bar)
   -1.58191e+05   -5.78500e+04    7.88049e+04    3.30051e+04    9.49314e+02

           Step           Time
           1022     1022.00000

   Energies (kJ/mol)
           Bond            U-B    Proper Dih.  Improper Dih.          LJ-14
    2.87588e+03    5.25218e+04    1.00806e+05    1.02901e+03    1.29982e+04
     Coulomb-14        LJ (SR)   Coulomb (SR)      Potential Pressure (bar)
   -1.58186e+05   -5.78592e+04    7.88104e+04    3.29960e+04    9.43959e+02

           Step           Time
           1023     1023.00000

   Energies (kJ/mol)
           Bond            U-B    Proper Dih.  Improper Dih.          LJ-14
    2.88099e+03    5.25068e+04    1.00785e+05    1.02711e+03    1.30016e+04
     Coulomb-14        LJ (SR)   Coulomb (SR)      Potential Pressure (bar)
   -1.58182e+05   -5.78640e+04    7.87805e+04    3.29363e+04    9.43833e+02

           Step           Time
           1024     1024.00000

           Step           Time
           1025     1025.00000

   Energies (kJ/mol)
           Bond            U-B    Proper Dih.  Improper Dih.          LJ-14
    2.81231e+03    5.24907e+04    1.00772e+05    1.02741e+03    1.29951e+04
     Coulomb-14        LJ (SR)   Coulomb (SR)      Potential Pressure (bar)
   -1.58180e+05   -5.78691e+04    7.87781e+04    3.28262e+04    9.36699e+02

           Step           Time
           1026     1026.00000

           Step           Time
           1027     1027.00000

   Energies (kJ/mol)
           Bond            U-B    Proper Dih.  Improper Dih.          LJ-14
    2.83680e+03    5.24737e+04    1.00742e+05    1.02570e+03    1.29942e+04
     Coulomb-14        LJ (SR)   Coulomb (SR)      Potential Pressure (bar)
   -1.58175e+05   -5.78775e+04    7.87562e+04    3.27765e+04    9.43578e+02

           Step           Time
           1028     1028.00000

   Energies (kJ/mol)
           Bond            U-B    Proper Dih.  Improper Dih.          LJ-14
    2.81926e+03    5.24599e+04    1.00725e+05    1.02620e+03    1.29882e+04
     Coulomb-14        LJ (SR)   Coulomb (SR)      Potential Pressure (bar)
   -1.58171e+05   -5.78833e+04    7.87555e+04    3.27190e+04    9.36243e+02

           Step           Time
           1029     1029.00000

   Energies (kJ/mol)
           Bond            U-B    Proper Dih.  Improper Dih.          LJ-14
    2.84067e+03    5.24476e+04    1.00701e+05    1.02494e+03    1.29883e+04
     Coulomb-14        LJ (SR)   Coulomb (SR)      Potential Pressure (bar)
   -1.58166e+05   -5.78898e+04    7.87334e+04    3.26793e+04    9.42836e+02

           Step           Time
           1030     1030.00000

   Energies (kJ/mol)
           Bond            U-B    Proper Dih.  Improper Dih.          LJ-14
    2.83303e+03    5.24321e+04    1.00681e+05    1.02546e+03    1.29818e+04
     Coulomb-14        LJ (SR)   Coulomb (SR)      Potential Pressure (bar)
   -1.58163e+05   -5.78966e+04    7.87366e+04    3.26304e+04    9.36997e+02

           Step           Time
           1031     1031.00000

   Energies (kJ/mol)
           Bond            U-B    Proper Dih.  Improper Dih.          LJ-14
    2.86369e+03    5.24218e+04    1.00658e+05    1.02387e+03    1.29826e+04
     Coulomb-14        LJ (SR)   Coulomb (SR)      Potential Pressure (bar)
   -1.58159e+05   -5.79027e+04    7.87122e+04    3.26010e+04    9.41493e+02

           Step           Time
           1032     1032.00000

   Energies (kJ/mol)
           Bond            U-B    Proper Dih.  Improper Dih.          LJ-14
    2.88012e+03    5.24104e+04    1.00637e+05    1.02433e+03    1.29740e+04
     Coulomb-14        LJ (SR)   Coulomb (SR)      Potential Pressure (bar)
   -1.58155e+05   -5.79105e+04    7.87188e+04    3.25790e+04    9.37402e+02

           Step           Time
           1033     1033.00000

   Energies (kJ/mol)
           Bond            U-B    Proper Dih.  Improper Dih.          LJ-14
    2.93007e+03    5.24005e+04    1.00615e+05    1.02222e+03    1.29778e+04
     Coulomb-14        LJ (SR)   Coulomb (SR)      Potential Pressure (bar)
   -1.58150e+05   -5.79158e+04    7.86885e+04    3.25682e+04    9.35883e+02

           Step           Time
           1034     1034.00000

           Step           Time
           1035     1035.00000

   Energies (kJ/mol)
           Bond            U-B    Proper Dih.  Improper Dih.          LJ-14
    2.80702e+03    5.23781e+04    1.00604e+05    1.02292e+03    1.29710e+04
     Coulomb-14        LJ (SR)   Coulomb (SR)      Potential Pressure (bar)
   -1.58149e+05   -5.79204e+04    7.86840e+04    3.23976e+04    9.35629e+02

           Step           Time
           1036     1036.00000

   Energies (kJ/mol)
           Bond            U-B    Proper Dih.  Improper Dih.          LJ-14
    2.92589e+03    5.23520e+04    1.00536e+05    1.01988e+03    1.29647e+04
     Coulomb-14        LJ (SR)   Coulomb (SR)      Potential Pressure (bar)
   -1.58136e+05   -5.79409e+04    7.86439e+04    3.23652e+04    9.33139e+02

           Step           Time
           1037     1037.00000

   Energies (kJ/mol)
           Bond            U-B    Proper Dih.  Improper Dih.          LJ-14
    2.87498e+03    5.23310e+04    1.00519e+05    1.02077e+03    1.29552e+04
     Coulomb-14        LJ (SR)   Coulomb (SR)      Potential Pressure (bar)
   -1.58134e+05   -5.79479e+04    7.86465e+04    3.22655e+04    9.28686e+02

           Step           Time
           1038     1038.00000

           Step           Time
           1039     1039.00000

   Energies (kJ/mol)
           Bond            U-B    Proper Dih.  Improper Dih.          LJ-14
    2.81548e+03    5.23128e+04    1.00506e+05    1.01938e+03    1.29568e+04
     Coulomb-14        LJ (SR)   Coulomb (SR)      Potential Pressure (bar)
   -1.58131e+05   -5.79513e+04    7.86225e+04    3.21510e+04    9.28946e+02

           Step           Time
           1040     1040.00000

           Step           Time
           1041     1041.00000

   Energies (kJ/mol)
           Bond            U-B    Proper Dih.  Improper Dih.          LJ-14
    2.81342e+03    5.23007e+04    1.00489e+05    1.01959e+03    1.29526e+04
     Coulomb-14        LJ (SR)   Coulomb (SR)      Potential Pressure (bar)
   -1.58128e+05   -5.79579e+04    7.86157e+04    3.21053e+04    9.26469e+02

           Step           Time
           1042     1042.00000

   Energies (kJ/mol)
           Bond            U-B    Proper Dih.  Improper Dih.          LJ-14
    2.83368e+03    5.22869e+04    1.00467e+05    1.01799e+03    1.29506e+04
     Coulomb-14        LJ (SR)   Coulomb (SR)      Potential Pressure (bar)
   -1.58124e+05   -5.79648e+04    7.86016e+04    3.20693e+04    9.26233e+02

           Step           Time
           1043     1043.00000

   Energies (kJ/mol)
           Bond            U-B    Proper Dih.  Improper Dih.          LJ-14
    2.82668e+03    5.22742e+04    1.00450e+05    1.01864e+03    1.29458e+04
     Coulomb-14        LJ (SR)   Coulomb (SR)      Potential Pressure (bar)
   -1.58120e+05   -5.79715e+04    7.85955e+04    3.20194e+04    9.27007e+02

           Step           Time
           1044     1044.00000

   Energies (kJ/mol)
           Bond            U-B    Proper Dih.  Improper Dih.          LJ-14
    2.84456e+03    5.22613e+04    1.00430e+05    1.01691e+03    1.29450e+04
     Coulomb-14        LJ (SR)   Coulomb (SR)      Potential Pressure (bar)
   -1.58117e+05   -5.79774e+04    7.85814e+04    3.19851e+04    9.33711e+02

           Step           Time
           1045     1045.00000

   Energies (kJ/mol)
           Bond            U-B    Proper Dih.  Improper Dih.          LJ-14
    2.85051e+03    5.22490e+04    1.00412e+05    1.01755e+03    1.29395e+04
     Coulomb-14        LJ (SR)   Coulomb (SR)      Potential Pressure (bar)
   -1.58112e+05   -5.79846e+04    7.85768e+04    3.19489e+04    9.26718e+02

           Step           Time
           1046     1046.00000

   Energies (kJ/mol)
           Bond            U-B    Proper Dih.  Improper Dih.          LJ-14
    2.87849e+03    5.22378e+04    1.00393e+05    1.01516e+03    1.29395e+04
     Coulomb-14        LJ (SR)   Coulomb (SR)      Potential Pressure (bar)
   -1.58109e+05   -5.79904e+04    7.85601e+04    3.19241e+04    9.23893e+02

           Step           Time
           1047     1047.00000

           Step           Time
           1048     1048.00000

   Energies (kJ/mol)
           Bond            U-B    Proper Dih.  Improper Dih.          LJ-14
    2.80362e+03    5.22205e+04    1.00383e+05    1.01575e+03    1.29355e+04
     Coulomb-14        LJ (SR)   Coulomb (SR)      Potential Pressure (bar)
   -1.58106e+05   -5.79947e+04    7.85507e+04    3.18083e+04    9.16555e+02

           Step           Time
           1049     1049.00000

   Energies (kJ/mol)
           Bond            U-B    Proper Dih.  Improper Dih.          LJ-14
    2.86016e+03    5.21913e+04    1.00333e+05    1.01165e+03    1.29303e+04
     Coulomb-14        LJ (SR)   Coulomb (SR)      Potential Pressure (bar)
   -1.58096e+05   -5.80116e+04    7.85178e+04    3.17366e+04    9.29043e+02

           Step           Time
           1050     1050.00000

   Energies (kJ/mol)
           Bond            U-B    Proper Dih.  Improper Dih.          LJ-14
    2.85838e+03    5.21775e+04    1.00316e+05    1.01242e+03    1.29218e+04
     Coulomb-14        LJ (SR)   Coulomb (SR)      Potential Pressure (bar)
   -1.58094e+05   -5.80193e+04    7.85226e+04    3.16953e+04    9.22475e+02

           Step           Time
           1051     1051.00000

           Step           Time
           1052     1052.00000

   Energies (kJ/mol)
           Bond            U-B    Proper Dih.  Improper Dih.          LJ-14
    2.80429e+03    5.21606e+04    1.00305e+05    1.01111e+03    1.29235e+04
     Coulomb-14        LJ (SR)   Coulomb (SR)      Potential Pressure (bar)
   -1.58090e+05   -5.80222e+04    7.84992e+04    3.15913e+04    9.20802e+02

           Step           Time
           1053     1053.00000

   Energies (kJ/mol)
           Bond            U-B    Proper Dih.  Improper Dih.          LJ-14
    2.83919e+03    5.21357e+04    1.00264e+05    1.01120e+03    1.29145e+04
     Coulomb-14        LJ (SR)   Coulomb (SR)      Potential Pressure (bar)
   -1.58084e+05   -5.80384e+04    7.84876e+04    3.15302e+04    9.18993e+02

           Step           Time
           1054     1054.00000

   Energies (kJ/mol)
           Bond            U-B    Proper Dih.  Improper Dih.          LJ-14
    2.82858e+03    5.21196e+04    1.00249e+05    1.00927e+03    1.29148e+04
     Coulomb-14        LJ (SR)   Coulomb (SR)      Potential Pressure (bar)
   -1.58080e+05   -5.80426e+04    7.84644e+04    3.14634e+04    9.20760e+02

           Step           Time
           1055     1055.00000

   Energies (kJ/mol)
           Bond            U-B    Proper Dih.  Improper Dih.          LJ-14
    2.86426e+03    5.21124e+04    1.00228e+05    1.00981e+03    1.29082e+04
     Coulomb-14        LJ (SR)   Coulomb (SR)      Potential Pressure (bar)
   -1.58075e+05   -5.80513e+04    7.84664e+04    3.14628e+04    9.06475e+02

           Step           Time
           1056     1056.00000

   Energies (kJ/mol)
           Bond            U-B    Proper Dih.  Improper Dih.          LJ-14
    2.86280e+03    5.20931e+04    1.00211e+05    1.00757e+03    1.29093e+04
     Coulomb-14        LJ (SR)   Coulomb (SR)      Potential Pressure (bar)
   -1.58072e+05   -5.80562e+04    7.84423e+04    3.13987e+04    9.14069e+02

           Step           Time
           1057     1057.00000

           Step           Time
           1058     1058.00000

   Energies (kJ/mol)
           Bond            U-B    Proper Dih.  Improper Dih.          LJ-14
    2.80517e+03    5.20795e+04    1.00201e+05    1.00836e+03    1.29048e+04
     Coulomb-14        LJ (SR)   Coulomb (SR)      Potential Pressure (bar)
   -1.58069e+05   -5.80609e+04    7.84371e+04    3.13062e+04    9.10096e+02

           Step           Time
           1059     1059.00000

           Step           Time
           1060     1060.00000

   Energies (kJ/mol)
           Bond            U-B    Proper Dih.  Improper Dih.          LJ-14
    2.82325e+03    5.20640e+04    1.00181e+05    1.00717e+03    1.29039e+04
     Coulomb-14        LJ (SR)   Coulomb (SR)      Potential Pressure (bar)
   -1.58064e+05   -5.80678e+04    7.84187e+04    3.12663e+04    9.14606e+02

           Step           Time
           1061     1061.00000

   Energies (kJ/mol)
           Bond            U-B    Proper Dih.  Improper Dih.          LJ-14
    2.81161e+03    5.20542e+04    1.00167e+05    1.00782e+03    1.28976e+04
     Coulomb-14        LJ (SR)   Coulomb (SR)      Potential Pressure (bar)
   -1.58062e+05   -5.80743e+04    7.84182e+04    3.12195e+04    9.05971e+02

           Step           Time
           1062     1062.00000

   Energies (kJ/mol)
           Bond            U-B    Proper Dih.  Improper Dih.          LJ-14
    2.82592e+03    5.20395e+04    1.00150e+05    1.00583e+03    1.28987e+04
     Coulomb-14        LJ (SR)   Coulomb (SR)      Potential Pressure (bar)
   -1.58057e+05   -5.80797e+04    7.83975e+04    3.11803e+04    9.07822e+02

           Step           Time
           1063     1063.00000

   Energies (kJ/mol)
           Bond            U-B    Proper Dih.  Improper Dih.          LJ-14
    2.83068e+03    5.20288e+04    1.00132e+05    1.00695e+03    1.28913e+04
     Coulomb-14        LJ (SR)   Coulomb (SR)      Potential Pressure (bar)
   -1.58055e+05   -5.80873e+04    7.84015e+04    3.11493e+04    8.99513e+02

           Step           Time
           1064     1064.00000

   Energies (kJ/mol)
           Bond            U-B    Proper Dih.  Improper Dih.          LJ-14
    2.84754e+03    5.20137e+04    1.00115e+05    1.00483e+03    1.28937e+04
     Coulomb-14        LJ (SR)   Coulomb (SR)      Potential Pressure (bar)
   -1.58050e+05   -5.80920e+04    7.83754e+04    3.11082e+04    9.15615e+02

           Step           Time
           1065     1065.00000

           Step           Time
           1066     1066.00000

   Energies (kJ/mol)
           Bond            U-B    Proper Dih.  Improper Dih.          LJ-14
    2.79921e+03    5.20013e+04    1.00107e+05    1.00537e+03    1.28887e+04
     Coulomb-14        LJ (SR)   Coulomb (SR)      Potential Pressure (bar)
   -1.58049e+05   -5.80964e+04    7.83739e+04    3.10294e+04    9.04083e+02

           Step           Time
           1067     1067.00000

   Energies (kJ/mol)
           Bond            U-B    Proper Dih.  Improper Dih.          LJ-14
    2.84074e+03    5.19770e+04    1.00069e+05    1.00279e+03    1.28845e+04
     Coulomb-14        LJ (SR)   Coulomb (SR)      Potential Pressure (bar)
   -1.58041e+05   -5.81096e+04    7.83449e+04    3.09677e+04    9.12250e+02

           Step           Time
           1068     1068.00000

   Energies (kJ/mol)
           Bond            U-B    Proper Dih.  Improper Dih.          LJ-14
    2.83619e+03    5.19621e+04    1.00053e+05    1.00375e+03    1.28776e+04
     Coulomb-14        LJ (SR)   Coulomb (SR)      Potential Pressure (bar)
   -1.58038e+05   -5.81174e+04    7.83518e+04    3.09294e+04    8.98826e+02

           Step           Time
           1069     1069.00000

   Energies (kJ/mol)
           Bond            U-B    Proper Dih.  Improper Dih.          LJ-14
    2.87622e+03    5.19511e+04    1.00035e+05    1.00119e+03    1.28799e+04
     Coulomb-14        LJ (SR)   Coulomb (SR)      Potential Pressure (bar)
   -1.58034e+05   -5.81223e+04    7.83198e+04    3.09073e+04    9.09781e+02

           Step           Time
           1070     1070.00000

   Energies (kJ/mol)
           Bond            U-B    Proper Dih.  Improper Dih.          LJ-14
    2.89437e+03    5.19402e+04    1.00019e+05    1.00362e+03    1.28709e+04
     Coulomb-14        LJ (SR)   Coulomb (SR)      Potential Pressure (bar)
   -1.58030e+05   -5.81310e+04    7.83378e+04    3.09048e+04    8.82476e+02

           Step           Time
           1071     1071.00000

   Energies (kJ/mol)
           Bond            U-B    Proper Dih.  Improper Dih.          LJ-14
    2.95614e+03    5.19311e+04    1.00001e+05    9.99780e+02    1.28756e+04
     Coulomb-14        LJ (SR)   Coulomb (SR)      Potential Pressure (bar)
   -1.58026e+05   -5.81352e+04    7.82961e+04    3.08984e+04    9.14749e+02

           Step           Time
           1072     1072.00000

           Step           Time
           1073     1073.00000

   Energies (kJ/mol)
           Bond            U-B    Proper Dih.  Improper Dih.          LJ-14
    2.79945e+03    5.19048e+04    9.99927e+04    1.00137e+03    1.28686e+04
     Coulomb-14        LJ (SR)   Coulomb (SR)      Potential Pressure (bar)
   -1.58024e+05   -5.81404e+04    7.82977e+04    3.07000e+04    8.96719e+02


Steepest Descents converged to Fmax < 750 in 1074 steps
Potential Energy  =  3.0700031e+04
Maximum force     =  7.4386536e+02 on atom 24821
Norm of force     =  3.5785485e+01
Finished mdrun on rank 0 Tue Jul 14 10:18:20 2026

