                      :-) GROMACS - gmx mdrun, 2023.5 (-:

Copyright 1991-2023 The GROMACS Authors.
GROMACS is free software; you can redistribute it and/or modify it
under the terms of the GNU Lesser General Public License
as published by the Free Software Foundation; either version 2.1
of the License, or (at your option) any later version.

                         Current GROMACS contributors:
       Mark Abraham           Andrey Alekseenko           Cathrine Bergh      
      Christian Blau            Eliane Briand             Mahesh Doijade      
    Stefan Fleischmann           Vytas Gapsys              Gaurav Garg        
      Sergey Gorelov         Gilles Gouaillardet            Alan Gray         
     M. Eric Irrgang         Farzaneh Jalalypour            Joe Jordan        
    Christoph Junghans        Prashanth Kanduri          Sebastian Keller     
     Carsten Kutzner           Justin A. Lemkul          Magnus Lundborg      
       Pascal Merz              Vedran Miletic            Dmitry Morozov      
       Szilard Pall             Roland Schulz             Michael Shirts      
     Alexey Shvetsov            Balint Soproni         David van der Spoel    
      Philip Turner             Carsten Uphoff           Alessandra Villa     
 Sebastian Wingbermuehle        Artem Zhmurov       

                         Previous GROMACS contributors:
        Emile Apol             Rossen Apostolov           James Barnett       
  Herman J.C. Berendsen          Par Bjelkmar           Viacheslav Bolnykh    
        Kevin Boyd            Aldert van Buuren          Carlo Camilloni      
     Rudi van Drunen            Anton Feenstra           Oliver Fleetwood     
     Gerrit Groenhof            Bert de Groot             Anca Hamuraru       
    Vincent Hindriksen          Victor Holanda           Aleksei Iupinov      
   Dimitrios Karkoulis           Peter Kasson             Sebastian Kehl      
        Jiri Kraus               Per Larsson              Viveca Lindahl      
      Erik Marklund           Pieter Meulenhoff           Teemu Murtola       
       Sander Pronk             Alfons Sijbers            Peter Tieleman      
       Jon Vincent             Teemu Virolainen         Christian Wennberg    
       Maarten Wolf       

                  Coordinated by the GROMACS project leaders:
                    Paul Bauer, Berk Hess, and Erik Lindahl

GROMACS:      gmx mdrun, version 2023.5
Executable:   /storage/chem/lfsmgr/SRG/GROMACS2/2023.5/bin/gmx
Data prefix:  /storage/chem/lfsmgr/SRG/GROMACS2/2023.5
Working dir:  /storage/lfsmgr_grp/mzsrjr/cg2at-lite/example/4QWP_oldM3/CG2AT_2026-07-15_11-12-45/PROTEIN/MIN
Process ID:   572667
Command line:
  gmx mdrun -ntmpi 1 -v -deffnm PROTEIN_de_novo_0 -c PROTEIN_de_novo_0.pdb

GROMACS version:    2023.5
Precision:          mixed
Memory model:       64 bit
MPI library:        thread_mpi
OpenMP support:     enabled (GMX_OPENMP_MAX_THREADS = 128)
GPU support:        CUDA
NB cluster size:    8
SIMD instructions:  AVX2_256
CPU FFT library:    fftw-3.3.8-sse2-avx-avx2-avx2_128
GPU FFT library:    cuFFT
Multi-GPU FFT:      none
RDTSCP usage:       enabled
TNG support:        enabled
Hwloc support:      disabled
Tracing support:    disabled
C compiler:         /usr/bin/cc GNU 11.4.1
C compiler flags:   -fexcess-precision=fast -funroll-all-loops -mavx2 -mfma -Wno-missing-field-initializers -O3 -DNDEBUG
C++ compiler:       /usr/bin/c++ GNU 11.4.1
C++ compiler flags: -fexcess-precision=fast -funroll-all-loops -mavx2 -mfma -Wno-missing-field-initializers -Wno-cast-function-type-strict -fopenmp -O3 -DNDEBUG
BLAS library:       External - detected on the system
LAPACK library:     External - detected on the system
CUDA compiler:      /software/easybuild/software/CUDA/12.5.0/bin/nvcc nvcc: NVIDIA (R) Cuda compiler driver;Copyright (c) 2005-2024 NVIDIA Corporation;Built on Wed_Apr_17_19:19:55_PDT_2024;Cuda compilation tools, release 12.5, V12.5.40;Build cuda_12.5.r12.5/compiler.34177558_0
CUDA compiler flags:-std=c++17;--generate-code=arch=compute_50,code=sm_50;--generate-code=arch=compute_52,code=sm_52;--generate-code=arch=compute_60,code=sm_60;--generate-code=arch=compute_61,code=sm_61;--generate-code=arch=compute_70,code=sm_70;--generate-code=arch=compute_75,code=sm_75;--generate-code=arch=compute_80,code=sm_80;--generate-code=arch=compute_86,code=sm_86;--generate-code=arch=compute_89,code=sm_89;--generate-code=arch=compute_90,code=sm_90;-Wno-deprecated-gpu-targets;--generate-code=arch=compute_53,code=sm_53;--generate-code=arch=compute_80,code=sm_80;-use_fast_math;-Xptxas;-warn-double-usage;-Xptxas;-Werror;-D_FORCE_INLINES;-fexcess-precision=fast -funroll-all-loops -mavx2 -mfma -Wno-missing-field-initializers -Wno-cast-function-type-strict -fopenmp -O3 -DNDEBUG
CUDA driver:        13.0
CUDA runtime:       12.50


Running on 1 node with total 24 cores, 24 processing units, 0 compatible GPUs
Hardware detected on host srgist2.scrtp.warwick.ac.uk:
  CPU info:
    Vendor: Intel
    Brand:  Intel(R) Core(TM) Ultra 9 285
    Family: 6   Model: 198   Stepping: 2
    Features: aes apic avx avx2 clfsh cmov cx8 cx16 f16c fma htt intel lahf mmx msr nonstop_tsc pcid pclmuldq pdcm pdpe1gb popcnt pse rdrnd rdtscp sha sse2 sse3 sse4.1 sse4.2 ssse3 tdt x2apic
  Hardware topology: Basic
    Packages, cores, and logical processors:
    [indices refer to OS logical processors]
      Package  0: [   0] [   1] [   2] [   3] [   4] [   5] [   6] [   7] [   8] [   9] [  10] [  11] [  12] [  13] [  14] [  15] [  16] [  17] [  18] [  19] [  20] [  21] [  22] [  23]
    CPU limit set by OS: -1   Recommended max number of threads: 24
  GPU info:
    Number of GPUs detected: 1
    #0: N/A, stat: non-functional


++++ PLEASE READ AND CITE THE FOLLOWING REFERENCE ++++
M. J. Abraham, T. Murtola, R. Schulz, S. Páll, J. C. Smith, B. Hess, E.
Lindahl
GROMACS: High performance molecular simulations through multi-level
parallelism from laptops to supercomputers
SoftwareX 1 (2015) pp. 19-25
-------- -------- --- Thank You --- -------- --------


++++ PLEASE READ AND CITE THE FOLLOWING REFERENCE ++++
S. Páll, M. J. Abraham, C. Kutzner, B. Hess, E. Lindahl
Tackling Exascale Software Challenges in Molecular Dynamics Simulations with
GROMACS
In S. Markidis & E. Laure (Eds.), Solving Software Challenges for Exascale 8759 (2015) pp. 3-27
-------- -------- --- Thank You --- -------- --------


++++ PLEASE READ AND CITE THE FOLLOWING REFERENCE ++++
S. Pronk, S. Páll, R. Schulz, P. Larsson, P. Bjelkmar, R. Apostolov, M. R.
Shirts, J. C. Smith, P. M. Kasson, D. van der Spoel, B. Hess, and E. Lindahl
GROMACS 4.5: a high-throughput and highly parallel open source molecular
simulation toolkit
Bioinformatics 29 (2013) pp. 845-54
-------- -------- --- Thank You --- -------- --------


++++ PLEASE READ AND CITE THE FOLLOWING REFERENCE ++++
B. Hess and C. Kutzner and D. van der Spoel and E. Lindahl
GROMACS 4: Algorithms for highly efficient, load-balanced, and scalable
molecular simulation
J. Chem. Theory Comput. 4 (2008) pp. 435-447
-------- -------- --- Thank You --- -------- --------


++++ PLEASE READ AND CITE THE FOLLOWING REFERENCE ++++
D. van der Spoel, E. Lindahl, B. Hess, G. Groenhof, A. E. Mark and H. J. C.
Berendsen
GROMACS: Fast, Flexible and Free
J. Comp. Chem. 26 (2005) pp. 1701-1719
-------- -------- --- Thank You --- -------- --------


++++ PLEASE READ AND CITE THE FOLLOWING REFERENCE ++++
E. Lindahl and B. Hess and D. van der Spoel
GROMACS 3.0: A package for molecular simulation and trajectory analysis
J. Mol. Mod. 7 (2001) pp. 306-317
-------- -------- --- Thank You --- -------- --------


++++ PLEASE READ AND CITE THE FOLLOWING REFERENCE ++++
H. J. C. Berendsen, D. van der Spoel and R. van Drunen
GROMACS: A message-passing parallel molecular dynamics implementation
Comp. Phys. Comm. 91 (1995) pp. 43-56
-------- -------- --- Thank You --- -------- --------


++++ PLEASE CITE THE DOI FOR THIS VERSION OF GROMACS ++++
https://doi.org/10.5281/zenodo.11104849
-------- -------- --- Thank You --- -------- --------

Input Parameters:
   integrator                     = steep
   tinit                          = 0
   dt                             = 0.001
   nsteps                         = 20000
   init-step                      = 0
   simulation-part                = 1
   mts                            = false
   comm-mode                      = Linear
   nstcomm                        = 100
   bd-fric                        = 0
   ld-seed                        = -9021953
   emtol                          = 750
   emstep                         = 0.001
   niter                          = 20
   fcstep                         = 0
   nstcgsteep                     = 1000
   nbfgscorr                      = 10
   rtpi                           = 0.05
   nstxout                        = 0
   nstvout                        = 0
   nstfout                        = 0
   nstlog                         = 1000
   nstcalcenergy                  = 100
   nstenergy                      = 1000
   nstxout-compressed             = 0
   compressed-x-precision         = 1000
   cutoff-scheme                  = Verlet
   nstlist                        = 10
   pbc                            = xyz
   periodic-molecules             = false
   verlet-buffer-tolerance        = 0.005
   rlist                          = 1.05
   coulombtype                    = Cut-off
   coulomb-modifier               = Potential-shift
   rcoulomb-switch                = 0
   rcoulomb                       = 1
   epsilon-r                      = 1
   epsilon-rf                     = inf
   vdw-type                       = Cut-off
   vdw-modifier                   = Potential-shift
   rvdw-switch                    = 0
   rvdw                           = 1
   DispCorr                       = No
   table-extension                = 1
   fourierspacing                 = 0.12
   fourier-nx                     = 0
   fourier-ny                     = 0
   fourier-nz                     = 0
   pme-order                      = 4
   ewald-rtol                     = 1e-05
   ewald-rtol-lj                  = 0.001
   lj-pme-comb-rule               = Geometric
   ewald-geometry                 = 3d
   epsilon-surface                = 0
   ensemble-temperature-setting   = not available
   ensemble-temperature           = -1
   tcoupl                         = No
   nsttcouple                     = -1
   nh-chain-length                = 0
   print-nose-hoover-chain-variables = false
   pcoupl                         = No
   pcoupltype                     = Isotropic
   nstpcouple                     = -1
   tau-p                          = 1
   compressibility (3x3):
      compressibility[    0]={ 0.00000e+00,  0.00000e+00,  0.00000e+00}
      compressibility[    1]={ 0.00000e+00,  0.00000e+00,  0.00000e+00}
      compressibility[    2]={ 0.00000e+00,  0.00000e+00,  0.00000e+00}
   ref-p (3x3):
      ref-p[    0]={ 0.00000e+00,  0.00000e+00,  0.00000e+00}
      ref-p[    1]={ 0.00000e+00,  0.00000e+00,  0.00000e+00}
      ref-p[    2]={ 0.00000e+00,  0.00000e+00,  0.00000e+00}
   refcoord-scaling               = No
   posres-com (3):
      posres-com[0]= 0.00000e+00
      posres-com[1]= 0.00000e+00
      posres-com[2]= 0.00000e+00
   posres-comB (3):
      posres-comB[0]= 0.00000e+00
      posres-comB[1]= 0.00000e+00
      posres-comB[2]= 0.00000e+00
   QMMM                           = false
qm-opts:
   ngQM                           = 0
   constraint-algorithm           = Lincs
   continuation                   = false
   Shake-SOR                      = false
   shake-tol                      = 0.0001
   lincs-order                    = 4
   lincs-iter                     = 1
   lincs-warnangle                = 30
   nwall                          = 0
   wall-type                      = 9-3
   wall-r-linpot                  = -1
   wall-atomtype[0]               = -1
   wall-atomtype[1]               = -1
   wall-density[0]                = 0
   wall-density[1]                = 0
   wall-ewald-zfac                = 3
   pull                           = false
   awh                            = false
   rotation                       = false
   interactiveMD                  = false
   disre                          = No
   disre-weighting                = Conservative
   disre-mixed                    = false
   dr-fc                          = 1000
   dr-tau                         = 0
   nstdisreout                    = 100
   orire-fc                       = 0
   orire-tau                      = 0
   nstorireout                    = 100
   free-energy                    = no
   cos-acceleration               = 0
   deform (3x3):
      deform[    0]={ 0.00000e+00,  0.00000e+00,  0.00000e+00}
      deform[    1]={ 0.00000e+00,  0.00000e+00,  0.00000e+00}
      deform[    2]={ 0.00000e+00,  0.00000e+00,  0.00000e+00}
   simulated-tempering            = false
   swapcoords                     = no
   userint1                       = 0
   userint2                       = 0
   userint3                       = 0
   userint4                       = 0
   userreal1                      = 0
   userreal2                      = 0
   userreal3                      = 0
   userreal4                      = 0
   applied-forces:
     electric-field:
       x:
         E0                       = 0
         omega                    = 0
         t0                       = 0
         sigma                    = 0
       y:
         E0                       = 0
         omega                    = 0
         t0                       = 0
         sigma                    = 0
       z:
         E0                       = 0
         omega                    = 0
         t0                       = 0
         sigma                    = 0
     density-guided-simulation:
       active                     = false
       group                      = protein
       similarity-measure         = inner-product
       atom-spreading-weight      = unity
       force-constant             = 1e+09
       gaussian-transform-spreading-width = 0.2
       gaussian-transform-spreading-range-in-multiples-of-width = 4
       reference-density-filename = reference.mrc
       nst                        = 1
       normalize-densities        = true
       adaptive-force-scaling     = false
       adaptive-force-scaling-time-constant = 4
       shift-vector               = 
       transformation-matrix      = 
     qmmm-cp2k:
       active                     = false
       qmgroup                    = System
       qmmethod                   = PBE
       qmfilenames                = 
       qmcharge                   = 0
       qmmultiplicity             = 1
grpopts:
   nrdf:       10386
   ref-t:           0
   tau-t:           0
annealing:          No
annealing-npoints:           0
   acc:	           0           0           0
   nfreeze:           N           N           N
   energygrp-flags[  0]: 0

When checking whether update groups are usable:
  Domain decomposition is not active, so there is no need for update groups
  No constraints or virtual sites are in use, so it is best not to use update groups
Using 1 MPI thread
Using 24 OpenMP threads 

System total charge: -22.000
Potential shift: LJ r^-12: -1.000e+00 r^-6: -1.000e+00, Coulomb -1e+00
Generated table with 1025 data points for 1-4 COUL.
Tabscale = 500 points/nm
Generated table with 1025 data points for 1-4 LJ6.
Tabscale = 500 points/nm
Generated table with 1025 data points for 1-4 LJ12.
Tabscale = 500 points/nm


Using SIMD 4x8 nonbonded short-range kernels

Using a 4x8 pair-list setup:
  updated every 10 steps, buffer 0.050 nm, rlist 1.050 nm

Using full Lennard-Jones parameter combination matrix
Removing pbc first time

Pinning threads with an auto-selected logical cpu stride of 1

Note that activating steepest-descent energy minimization via the integrator .mdp option and the command gmx mdrun may be available in a different form in a future version of GROMACS, e.g. gmx minimize and an .mdp option.
Initiating Steepest Descents
Started Steepest Descents on rank 0 Wed Jul 15 12:12:51 2026


Steepest Descents:
   Tolerance (Fmax)   =  7.50000e+02
   Number of steps    =        20000
           Step           Time
              0        0.00000

   Energies (kJ/mol)
           Bond            U-B    Proper Dih.  Improper Dih.      CMAP Dih.
    3.28600e+05    2.53651e+05    2.12242e+04    7.00931e+04    5.77485e+02
          LJ-14     Coulomb-14        LJ (SR)   Coulomb (SR)      Potential
    3.89435e+10    3.65638e+04    6.64028e+07   -5.44811e+04    3.90106e+10
 Pressure (bar)
    3.35858e+09

           Step           Time
              1        1.00000

   Energies (kJ/mol)
           Bond            U-B    Proper Dih.  Improper Dih.      CMAP Dih.
    3.28596e+05    2.53652e+05    2.12240e+04    7.00931e+04    5.77485e+02
          LJ-14     Coulomb-14        LJ (SR)   Coulomb (SR)      Potential
    2.26584e+10    3.65595e+04    6.63803e+07   -5.44816e+04    2.27254e+10
 Pressure (bar)
    1.95865e+09

           Step           Time
              2        2.00000

   Energies (kJ/mol)
           Bond            U-B    Proper Dih.  Improper Dih.      CMAP Dih.
    3.28591e+05    2.53651e+05    2.12238e+04    7.00931e+04    5.77485e+02
          LJ-14     Coulomb-14        LJ (SR)   Coulomb (SR)      Potential
    1.25818e+10    3.65538e+04    6.63175e+07   -5.44822e+04    1.26488e+10
 Pressure (bar)
    1.09388e+09

           Step           Time
              3        3.00000

   Energies (kJ/mol)
           Bond            U-B    Proper Dih.  Improper Dih.      CMAP Dih.
    3.28585e+05    2.53647e+05    2.12235e+04    7.00931e+04    5.77485e+02
          LJ-14     Coulomb-14        LJ (SR)   Coulomb (SR)      Potential
    6.17272e+09    3.65461e+04    6.61361e+07   -5.44828e+04    6.23951e+09
 Pressure (bar)
    5.39659e+08

           Step           Time
              4        4.00000

   Energies (kJ/mol)
           Bond            U-B    Proper Dih.  Improper Dih.      CMAP Dih.
    3.28576e+05    2.53640e+05    2.12229e+04    7.00931e+04    5.77484e+02
          LJ-14     Coulomb-14        LJ (SR)   Coulomb (SR)      Potential
    2.59677e+09    3.65362e+04    6.55470e+07   -5.44835e+04    2.66298e+09
 Pressure (bar)
    2.30658e+08

           Step           Time
              5        5.00000

   Energies (kJ/mol)
           Bond            U-B    Proper Dih.  Improper Dih.      CMAP Dih.
    3.28563e+05    2.53632e+05    2.12222e+04    7.00932e+04    5.77482e+02
          LJ-14     Coulomb-14        LJ (SR)   Coulomb (SR)      Potential
    1.08777e+09    3.65245e+04    6.35183e+07   -5.44841e+04    1.15194e+09
 Pressure (bar)
    9.97087e+07

           Step           Time
              6        6.00000

   Energies (kJ/mol)
           Bond            U-B    Proper Dih.  Improper Dih.      CMAP Dih.
    3.28531e+05    2.53630e+05    2.12212e+04    7.00934e+04    5.77477e+02
          LJ-14     Coulomb-14        LJ (SR)   Coulomb (SR)      Potential
    4.90824e+08    3.65083e+04    5.63880e+07   -5.44844e+04    5.47868e+08
 Pressure (bar)
    4.73257e+07

           Step           Time
              7        7.00000

   Energies (kJ/mol)
           Bond            U-B    Proper Dih.  Improper Dih.      CMAP Dih.
    3.28475e+05    2.53639e+05    2.12198e+04    7.00941e+04    5.77471e+02
          LJ-14     Coulomb-14        LJ (SR)   Coulomb (SR)      Potential
    2.37443e+08    3.64860e+04    4.06416e+07   -5.44836e+04    2.78740e+08
 Pressure (bar)
    2.40654e+07

           Step           Time
              8        8.00000

   Energies (kJ/mol)
           Bond            U-B    Proper Dih.  Improper Dih.      CMAP Dih.
    3.28430e+05    2.53648e+05    2.12179e+04    7.00954e+04    5.77474e+02
          LJ-14     Coulomb-14        LJ (SR)   Coulomb (SR)      Potential
    1.21526e+08    3.64621e+04    2.49816e+07   -5.44843e+04    1.47163e+08
 Pressure (bar)
    1.26822e+07

           Step           Time
              9        9.00000

   Energies (kJ/mol)
           Bond            U-B    Proper Dih.  Improper Dih.      CMAP Dih.
    3.28412e+05    2.53653e+05    2.12153e+04    7.00966e+04    5.77500e+02
          LJ-14     Coulomb-14        LJ (SR)   Coulomb (SR)      Potential
    6.04590e+07    3.64338e+04    1.34012e+07   -5.44894e+04    7.45161e+07
 Pressure (bar)
    6.39515e+06

           Step           Time
             10       10.00000

   Energies (kJ/mol)
           Bond            U-B    Proper Dih.  Improper Dih.      CMAP Dih.
    3.28444e+05    2.53646e+05    2.12115e+04    7.00962e+04    5.77596e+02
          LJ-14     Coulomb-14        LJ (SR)   Coulomb (SR)      Potential
    2.88076e+07    3.63984e+04    6.32693e+06   -5.44981e+04    3.57904e+07
 Pressure (bar)
    3.04458e+06

           Step           Time
             11       11.00000

   Energies (kJ/mol)
           Bond            U-B    Proper Dih.  Improper Dih.      CMAP Dih.
    3.28560e+05    2.53617e+05    2.12066e+04    7.00916e+04    5.78034e+02
          LJ-14     Coulomb-14        LJ (SR)   Coulomb (SR)      Potential
    1.34592e+07    3.63579e+04    2.89442e+06   -5.45067e+04    1.70095e+07
 Pressure (bar)
    1.41880e+06

           Step           Time
             12       12.00000

   Energies (kJ/mol)
           Bond            U-B    Proper Dih.  Improper Dih.      CMAP Dih.
    3.28834e+05    2.53535e+05    2.12045e+04    7.00656e+04    5.79241e+02
          LJ-14     Coulomb-14        LJ (SR)   Coulomb (SR)      Potential
    6.25256e+06    3.63253e+04    1.34061e+06   -5.45151e+04    8.24919e+06
 Pressure (bar)
    6.60754e+05

           Step           Time
             13       13.00000

   Energies (kJ/mol)
           Bond            U-B    Proper Dih.  Improper Dih.      CMAP Dih.
    3.29337e+05    2.53275e+05    2.12207e+04    6.98621e+04    5.77971e+02
          LJ-14     Coulomb-14        LJ (SR)   Coulomb (SR)      Potential
    2.83113e+06    3.62987e+04    6.31490e+05   -5.45247e+04    4.11866e+06
 Pressure (bar)
    3.03103e+05

           Step           Time
             14       14.00000

   Energies (kJ/mol)
           Bond            U-B    Proper Dih.  Improper Dih.      CMAP Dih.
    3.29951e+05    2.52495e+05    2.12396e+04    6.89629e+04    5.74143e+02
          LJ-14     Coulomb-14        LJ (SR)   Coulomb (SR)      Potential
    1.18066e+06    3.62089e+04    2.69855e+05   -5.45089e+04    2.10543e+06
 Pressure (bar)
    1.28691e+05

           Step           Time
             15       15.00000

   Energies (kJ/mol)
           Bond            U-B    Proper Dih.  Improper Dih.      CMAP Dih.
    3.28416e+05    2.50823e+05    2.12721e+04    6.66699e+04    5.75323e+02
          LJ-14     Coulomb-14        LJ (SR)   Coulomb (SR)      Potential
    5.78772e+05    3.61074e+04    1.44275e+05   -5.44721e+04    1.37244e+06
 Pressure (bar)
    6.55230e+04

           Step           Time
             16       16.00000

   Energies (kJ/mol)
           Bond            U-B    Proper Dih.  Improper Dih.      CMAP Dih.
    3.19375e+05    2.47041e+05    2.13088e+04    6.05522e+04    5.83125e+02
          LJ-14     Coulomb-14        LJ (SR)   Coulomb (SR)      Potential
    2.62624e+05    3.60188e+04    7.92559e+04   -5.44389e+04    9.72320e+05
 Pressure (bar)
    3.23468e+04

           Step           Time
             17       17.00000

   Energies (kJ/mol)
           Bond            U-B    Proper Dih.  Improper Dih.      CMAP Dih.
    2.89811e+05    2.39141e+05    2.13512e+04    5.04741e+04    5.78556e+02
          LJ-14     Coulomb-14        LJ (SR)   Coulomb (SR)      Potential
    1.30898e+05    3.60761e+04    4.58326e+04   -5.44081e+04    7.59754e+05
 Pressure (bar)
    1.80559e+04

           Step           Time
             18       18.00000

   Energies (kJ/mol)
           Bond            U-B    Proper Dih.  Improper Dih.      CMAP Dih.
    2.61251e+05    2.32658e+05    2.12785e+04    4.53977e+04    6.00464e+02
          LJ-14     Coulomb-14        LJ (SR)   Coulomb (SR)      Potential
    9.88569e+04    3.62239e+04    3.74938e+04   -5.44265e+04    6.79334e+05
 Pressure (bar)
    1.46716e+04

           Step           Time
             19       19.00000

   Energies (kJ/mol)
           Bond            U-B    Proper Dih.  Improper Dih.      CMAP Dih.
    1.73735e+05    2.11690e+05    2.09124e+04    3.48630e+04    6.36859e+02
          LJ-14     Coulomb-14        LJ (SR)   Coulomb (SR)      Potential
    5.30037e+04    3.68860e+04    2.17771e+04   -5.45330e+04    4.98971e+05
 Pressure (bar)
    9.48686e+03

           Step           Time
             20       20.00000

   Energies (kJ/mol)
           Bond            U-B    Proper Dih.  Improper Dih.      CMAP Dih.
    1.36717e+05    2.01396e+05    2.05724e+04    3.17902e+04    6.67905e+02
          LJ-14     Coulomb-14        LJ (SR)   Coulomb (SR)      Potential
    4.50492e+04    3.72743e+04    1.87303e+04   -5.46625e+04    4.37536e+05
 Pressure (bar)
    8.52970e+03

           Step           Time
             21       21.00000

   Energies (kJ/mol)
           Bond            U-B    Proper Dih.  Improper Dih.      CMAP Dih.
    5.74448e+04    1.69237e+05    1.90769e+04    2.05624e+04    7.23454e+02
          LJ-14     Coulomb-14        LJ (SR)   Coulomb (SR)      Potential
    2.68731e+04    3.89838e+04    1.01613e+04   -5.53817e+04    2.87681e+05
 Pressure (bar)
    4.40769e+03

           Step           Time
             22       22.00000

   Energies (kJ/mol)
           Bond            U-B    Proper Dih.  Improper Dih.      CMAP Dih.
    5.38793e+04    1.65815e+05    1.89921e+04    1.83517e+04    7.13662e+02
          LJ-14     Coulomb-14        LJ (SR)   Coulomb (SR)      Potential
    2.56078e+04    3.89675e+04    9.52502e+03   -5.54281e+04    2.76424e+05
 Pressure (bar)
    4.40386e+03

           Step           Time
             23       23.00000

   Energies (kJ/mol)
           Bond            U-B    Proper Dih.  Improper Dih.      CMAP Dih.
    5.47916e+04    1.33670e+05    1.79088e+04    1.33756e+04    5.46545e+02
          LJ-14     Coulomb-14        LJ (SR)   Coulomb (SR)      Potential
    1.95759e+04    3.89051e+04    5.09426e+03   -5.57907e+04    2.28077e+05
 Pressure (bar)
    3.76780e+03

           Step           Time
             24       24.00000

   Energies (kJ/mol)
           Bond            U-B    Proper Dih.  Improper Dih.      CMAP Dih.
    4.13290e+04    1.31395e+05    1.78934e+04    9.00027e+03    5.51838e+02
          LJ-14     Coulomb-14        LJ (SR)   Coulomb (SR)      Potential
    1.87624e+04    3.92169e+04    5.11551e+03   -5.58932e+04    2.07371e+05
 Pressure (bar)
    3.48185e+03

           Step           Time
             25       25.00000

   Energies (kJ/mol)
           Bond            U-B    Proper Dih.  Improper Dih.      CMAP Dih.
    2.97194e+04    1.23641e+05    1.78791e+04    7.13188e+03    5.58804e+02
          LJ-14     Coulomb-14        LJ (SR)   Coulomb (SR)      Potential
    1.65939e+04    4.02998e+04    5.08814e+03   -5.64475e+04    1.84464e+05
 Pressure (bar)
    1.97344e+03

           Step           Time
             26       26.00000

           Step           Time
             27       27.00000

   Energies (kJ/mol)
           Bond            U-B    Proper Dih.  Improper Dih.      CMAP Dih.
    2.46782e+04    1.13655e+05    1.75983e+04    5.05244e+03    4.87781e+02
          LJ-14     Coulomb-14        LJ (SR)   Coulomb (SR)      Potential
    1.54015e+04    3.97710e+04    3.57957e+03   -5.64148e+04    1.63809e+05
 Pressure (bar)
    2.59450e+03

           Step           Time
             28       28.00000

           Step           Time
             29       29.00000

   Energies (kJ/mol)
           Bond            U-B    Proper Dih.  Improper Dih.      CMAP Dih.
    1.98811e+04    1.06448e+05    1.75724e+04    4.93928e+03    4.72121e+02
          LJ-14     Coulomb-14        LJ (SR)   Coulomb (SR)      Potential
    1.40106e+04    4.04126e+04    3.53693e+03   -5.68631e+04    1.50410e+05
 Pressure (bar)
    1.69798e+03

           Step           Time
             30       30.00000

   Energies (kJ/mol)
           Bond            U-B    Proper Dih.  Improper Dih.      CMAP Dih.
    2.47180e+04    9.77757e+04    1.73417e+04    3.39217e+03    4.39742e+02
          LJ-14     Coulomb-14        LJ (SR)   Coulomb (SR)      Potential
    1.32064e+04    3.98327e+04    2.12940e+03   -5.68503e+04    1.41985e+05
 Pressure (bar)
    2.20189e+03

           Step           Time
             31       31.00000

   Energies (kJ/mol)
           Bond            U-B    Proper Dih.  Improper Dih.      CMAP Dih.
    1.82602e+04    9.55047e+04    1.73858e+04    3.90373e+03    4.29571e+02
          LJ-14     Coulomb-14        LJ (SR)   Coulomb (SR)      Potential
    1.30404e+04    4.05798e+04    2.62612e+03   -5.72701e+04    1.34460e+05
 Pressure (bar)
    1.30608e+03

           Step           Time
             32       32.00000

   Energies (kJ/mol)
           Bond            U-B    Proper Dih.  Improper Dih.      CMAP Dih.
    1.49525e+04    9.15103e+04    1.72471e+04    3.08660e+03    4.03219e+02
          LJ-14     Coulomb-14        LJ (SR)   Coulomb (SR)      Potential
    1.18238e+04    4.02773e+04    2.01682e+03   -5.72454e+04    1.24072e+05
 Pressure (bar)
    1.60531e+03

           Step           Time
             33       33.00000

   Energies (kJ/mol)
           Bond            U-B    Proper Dih.  Improper Dih.      CMAP Dih.
    1.31873e+04    8.32021e+04    1.71543e+04    2.95552e+03    3.76520e+02
          LJ-14     Coulomb-14        LJ (SR)   Coulomb (SR)      Potential
    1.12709e+04    4.01931e+04    1.20558e+03   -5.75279e+04    1.12017e+05
 Pressure (bar)
    1.58229e+03

           Step           Time
             34       34.00000

   Energies (kJ/mol)
           Bond            U-B    Proper Dih.  Improper Dih.      CMAP Dih.
    1.56763e+04    7.91054e+04    1.71906e+04    3.02952e+03    3.90358e+02
          LJ-14     Coulomb-14        LJ (SR)   Coulomb (SR)      Potential
    1.02213e+04    4.05584e+04    1.07108e+03   -5.79210e+04    1.09322e+05
 Pressure (bar)
    9.23042e+02

           Step           Time
             35       35.00000

           Step           Time
             36       36.00000

   Energies (kJ/mol)
           Bond            U-B    Proper Dih.  Improper Dih.      CMAP Dih.
    1.29298e+04    7.53125e+04    1.70831e+04    2.61576e+03    3.43580e+02
          LJ-14     Coulomb-14        LJ (SR)   Coulomb (SR)      Potential
    9.91286e+03    4.01424e+04    5.47411e+02   -5.78310e+04    1.01056e+05
 Pressure (bar)
    1.41388e+03

           Step           Time
             37       37.00000

   Energies (kJ/mol)
           Bond            U-B    Proper Dih.  Improper Dih.      CMAP Dih.
    1.22002e+04    7.32691e+04    1.70984e+04    2.56559e+03    3.82741e+02
          LJ-14     Coulomb-14        LJ (SR)   Coulomb (SR)      Potential
    9.71667e+03    4.05784e+04    6.05354e+02   -5.81876e+04    9.82289e+04
 Pressure (bar)
    8.57662e+02

           Step           Time
             38       38.00000

           Step           Time
             39       39.00000

   Energies (kJ/mol)
           Bond            U-B    Proper Dih.  Improper Dih.      CMAP Dih.
    1.03228e+04    7.04038e+04    1.69987e+04    2.18125e+03    3.29025e+02
          LJ-14     Coulomb-14        LJ (SR)   Coulomb (SR)      Potential
    9.45700e+03    4.02252e+04    2.16829e+02   -5.81062e+04    9.20284e+04
 Pressure (bar)
    1.27734e+03

           Step           Time
             40       40.00000

           Step           Time
             41       41.00000

   Energies (kJ/mol)
           Bond            U-B    Proper Dih.  Improper Dih.      CMAP Dih.
    9.47581e+03    6.82205e+04    1.69763e+04    2.28713e+03    3.39219e+02
          LJ-14     Coulomb-14        LJ (SR)   Coulomb (SR)      Potential
    9.21251e+03    4.05038e+04    1.76417e+02   -5.83758e+04    8.88159e+04
 Pressure (bar)
    9.04084e+02

           Step           Time
             42       42.00000

   Energies (kJ/mol)
           Bond            U-B    Proper Dih.  Improper Dih.      CMAP Dih.
    1.15919e+04    6.54029e+04    1.68608e+04    1.92381e+03    3.00212e+02
          LJ-14     Coulomb-14        LJ (SR)   Coulomb (SR)      Potential
    8.92755e+03    4.01176e+04   -2.48555e+02   -5.83089e+04    8.65673e+04
 Pressure (bar)
    1.29628e+03

           Step           Time
             43       43.00000

   Energies (kJ/mol)
           Bond            U-B    Proper Dih.  Improper Dih.      CMAP Dih.
    1.02506e+04    6.46603e+04    1.69089e+04    2.23612e+03    3.50385e+02
          LJ-14     Coulomb-14        LJ (SR)   Coulomb (SR)      Potential
    8.83302e+03    4.06029e+04   -7.45091e+01   -5.86419e+04    8.51258e+04
 Pressure (bar)
    6.94590e+02

           Step           Time
             44       44.00000

           Step           Time
             45       45.00000

   Energies (kJ/mol)
           Bond            U-B    Proper Dih.  Improper Dih.      CMAP Dih.
    8.09302e+03    6.25677e+04    1.68123e+04    1.91932e+03    3.01789e+02
          LJ-14     Coulomb-14        LJ (SR)   Coulomb (SR)      Potential
    8.66469e+03    4.03026e+04   -3.75262e+02   -5.85475e+04    7.97386e+04
 Pressure (bar)
    1.08066e+03

           Step           Time
             46       46.00000

   Energies (kJ/mol)
           Bond            U-B    Proper Dih.  Improper Dih.      CMAP Dih.
    8.88199e+03    5.83625e+04    1.67584e+04    2.29927e+03    3.41765e+02
          LJ-14     Coulomb-14        LJ (SR)   Coulomb (SR)      Potential
    8.23314e+03    4.05916e+04   -5.62179e+02   -5.90053e+04    7.59012e+04
 Pressure (bar)
    6.10646e+02

           Step           Time
             47       47.00000

   Energies (kJ/mol)
           Bond            U-B    Proper Dih.  Improper Dih.      CMAP Dih.
    7.91401e+03    5.65512e+04    1.66454e+04    1.68086e+03    2.84125e+02
          LJ-14     Coulomb-14        LJ (SR)   Coulomb (SR)      Potential
    8.07865e+03    4.02648e+04   -8.88541e+02   -5.88862e+04    7.16444e+04
 Pressure (bar)
    1.04284e+03

           Step           Time
             48       48.00000

           Step           Time
             49       49.00000

   Energies (kJ/mol)
           Bond            U-B    Proper Dih.  Improper Dih.      CMAP Dih.
    6.62102e+03    5.58664e+04    1.66404e+04    1.76402e+03    2.98264e+02
          LJ-14     Coulomb-14        LJ (SR)   Coulomb (SR)      Potential
    8.02647e+03    4.04337e+04   -8.52973e+02   -5.90283e+04    6.97690e+04
 Pressure (bar)
    8.30354e+02

           Step           Time
             50       50.00000

   Energies (kJ/mol)
           Bond            U-B    Proper Dih.  Improper Dih.      CMAP Dih.
    8.36149e+03    5.38670e+04    1.65186e+04    1.57649e+03    2.69030e+02
          LJ-14     Coulomb-14        LJ (SR)   Coulomb (SR)      Potential
    7.82535e+03    4.02343e+04   -1.14744e+03   -5.90429e+04    6.84619e+04
 Pressure (bar)
    1.05209e+03

           Step           Time
             51       51.00000

   Energies (kJ/mol)
           Bond            U-B    Proper Dih.  Improper Dih.      CMAP Dih.
    7.51219e+03    5.34633e+04    1.65732e+04    1.80173e+03    3.25733e+02
          LJ-14     Coulomb-14        LJ (SR)   Coulomb (SR)      Potential
    7.79690e+03    4.05765e+04   -1.00366e+03   -5.92986e+04    6.77473e+04
 Pressure (bar)
    6.06929e+02

           Step           Time
             52       52.00000

   Energies (kJ/mol)
           Bond            U-B    Proper Dih.  Improper Dih.      CMAP Dih.
    8.75218e+03    5.19312e+04    1.64443e+04    1.52512e+03    2.63401e+02
          LJ-14     Coulomb-14        LJ (SR)   Coulomb (SR)      Potential
    7.64141e+03    4.02202e+04   -1.33864e+03   -5.91691e+04    6.62702e+04
 Pressure (bar)
    1.03810e+03

           Step           Time
             53       53.00000

           Step           Time
             54       54.00000

   Energies (kJ/mol)
           Bond            U-B    Proper Dih.  Improper Dih.      CMAP Dih.
    5.88448e+03    5.13904e+04    1.64751e+04    1.58602e+03    2.81899e+02
          LJ-14     Coulomb-14        LJ (SR)   Coulomb (SR)      Potential
    7.62604e+03    4.04441e+04   -1.25082e+03   -5.93267e+04    6.31105e+04
 Pressure (bar)
    7.93981e+02

           Step           Time
             55       55.00000

   Energies (kJ/mol)
           Bond            U-B    Proper Dih.  Improper Dih.      CMAP Dih.
    9.31238e+03    4.88780e+04    1.63845e+04    1.54353e+03    2.69565e+02
          LJ-14     Coulomb-14        LJ (SR)   Coulomb (SR)      Potential
    7.35274e+03    4.02069e+04   -1.61599e+03   -5.93760e+04    6.29556e+04
 Pressure (bar)
    9.91433e+02

           Step           Time
             56       56.00000

   Energies (kJ/mol)
           Bond            U-B    Proper Dih.  Improper Dih.      CMAP Dih.
    5.60583e+03    4.84325e+04    1.63962e+04    1.51928e+03    2.74552e+02
          LJ-14     Coulomb-14        LJ (SR)   Coulomb (SR)      Potential
    7.36229e+03    4.04982e+04   -1.49085e+03   -5.95786e+04    5.90195e+04
 Pressure (bar)
    6.90865e+02

           Step           Time
             57       57.00000

           Step           Time
             58       58.00000

   Energies (kJ/mol)
           Bond            U-B    Proper Dih.  Improper Dih.      CMAP Dih.
    6.33389e+03    4.73997e+04    1.63369e+04    1.39816e+03    2.53651e+02
          LJ-14     Coulomb-14        LJ (SR)   Coulomb (SR)      Potential
    7.25004e+03    4.03350e+04   -1.67590e+03   -5.95377e+04    5.80937e+04
 Pressure (bar)
    8.65898e+02

           Step           Time
             59       59.00000

   Energies (kJ/mol)
           Bond            U-B    Proper Dih.  Improper Dih.      CMAP Dih.
    5.49224e+03    4.70183e+04    1.63506e+04    1.49643e+03    2.70757e+02
          LJ-14     Coulomb-14        LJ (SR)   Coulomb (SR)      Potential
    7.23461e+03    4.05236e+04   -1.61168e+03   -5.96984e+04    5.70765e+04
 Pressure (bar)
    6.43022e+02

           Step           Time
             60       60.00000

   Energies (kJ/mol)
           Bond            U-B    Proper Dih.  Improper Dih.      CMAP Dih.
    7.10431e+03    4.59745e+04    1.62835e+04    1.37324e+03    2.57240e+02
          LJ-14     Coulomb-14        LJ (SR)   Coulomb (SR)      Potential
    7.10934e+03    4.03036e+04   -1.83846e+03   -5.96283e+04    5.69390e+04
 Pressure (bar)
    8.83616e+02

           Step           Time
             61       61.00000

   Energies (kJ/mol)
           Bond            U-B    Proper Dih.  Improper Dih.      CMAP Dih.
    5.55654e+03    4.57428e+04    1.63076e+04    1.48476e+03    2.70387e+02
          LJ-14     Coulomb-14        LJ (SR)   Coulomb (SR)      Potential
    7.11404e+03    4.05550e+04   -1.72419e+03   -5.98208e+04    5.54862e+04
 Pressure (bar)
    5.96706e+02

           Step           Time
             62       62.00000

           Step           Time
             63       63.00000

   Energies (kJ/mol)
           Bond            U-B    Proper Dih.  Improper Dih.      CMAP Dih.
    5.25762e+03    4.49358e+04    1.62479e+04    1.33215e+03    2.46409e+02
          LJ-14     Coulomb-14        LJ (SR)   Coulomb (SR)      Potential
    7.03869e+03    4.04100e+04   -1.87607e+03   -5.97635e+04    5.38289e+04
 Pressure (bar)
    7.76887e+02

           Step           Time
             64       64.00000

   Energies (kJ/mol)
           Bond            U-B    Proper Dih.  Improper Dih.      CMAP Dih.
    5.36777e+03    4.42614e+04    1.62973e+04    1.42267e+03    2.64802e+02
          LJ-14     Coulomb-14        LJ (SR)   Coulomb (SR)      Potential
    6.97428e+03    4.05662e+04   -1.85518e+03   -5.99347e+04    5.33645e+04
 Pressure (bar)
    5.69632e+02

           Step           Time
             65       65.00000

   Energies (kJ/mol)
           Bond            U-B    Proper Dih.  Improper Dih.      CMAP Dih.
    5.63567e+03    4.34609e+04    1.61983e+04    1.26764e+03    2.40471e+02
          LJ-14     Coulomb-14        LJ (SR)   Coulomb (SR)      Potential
    6.89600e+03    4.03826e+04   -2.04117e+03   -5.98590e+04    5.21815e+04
 Pressure (bar)
    7.96152e+02

           Step           Time
             66       66.00000

           Step           Time
             67       67.00000

   Energies (kJ/mol)
           Bond            U-B    Proper Dih.  Improper Dih.      CMAP Dih.
    4.61899e+03    4.31789e+04    1.62063e+04    1.31514e+03    2.47897e+02
          LJ-14     Coulomb-14        LJ (SR)   Coulomb (SR)      Potential
    6.88022e+03    4.04875e+04   -2.00383e+03   -5.99476e+04    5.09836e+04
 Pressure (bar)
    6.74604e+02

           Step           Time
             68       68.00000

   Energies (kJ/mol)
           Bond            U-B    Proper Dih.  Improper Dih.      CMAP Dih.
    5.40178e+03    4.19434e+04    1.61284e+04    1.22610e+03    2.34894e+02
          LJ-14     Coulomb-14        LJ (SR)   Coulomb (SR)      Potential
    6.75088e+03    4.03994e+04   -2.18821e+03   -5.99878e+04    4.99088e+04
 Pressure (bar)
    7.65336e+02

           Step           Time
             69       69.00000

   Energies (kJ/mol)
           Bond            U-B    Proper Dih.  Improper Dih.      CMAP Dih.
    4.54984e+03    4.16747e+04    1.61469e+04    1.29716e+03    2.49157e+02
          LJ-14     Coulomb-14        LJ (SR)   Coulomb (SR)      Potential
    6.73879e+03    4.05385e+04   -2.12653e+03   -6.01058e+04    4.89627e+04
 Pressure (bar)
    6.00965e+02

           Step           Time
             70       70.00000

           Step           Time
             71       71.00000

   Energies (kJ/mol)
           Bond            U-B    Proper Dih.  Improper Dih.      CMAP Dih.
    4.53440e+03    4.11779e+04    1.61062e+04    1.22263e+03    2.37125e+02
          LJ-14     Coulomb-14        LJ (SR)   Coulomb (SR)      Potential
    6.68959e+03    4.04582e+04   -2.22690e+03   -6.00818e+04    4.81173e+04
 Pressure (bar)
    6.99270e+02

           Step           Time
             72       72.00000

   Energies (kJ/mol)
           Bond            U-B    Proper Dih.  Improper Dih.      CMAP Dih.
    4.47990e+03    4.06463e+04    1.61059e+04    1.27002e+03    2.43168e+02
          LJ-14     Coulomb-14        LJ (SR)   Coulomb (SR)      Potential
    6.64269e+03    4.05497e+04   -2.22150e+03   -6.01975e+04    4.75186e+04
 Pressure (bar)
    5.78315e+02

           Step           Time
             73       73.00000

   Energies (kJ/mol)
           Bond            U-B    Proper Dih.  Improper Dih.      CMAP Dih.
    4.71053e+03    4.00851e+04    1.60378e+04    1.17581e+03    2.31648e+02
          LJ-14     Coulomb-14        LJ (SR)   Coulomb (SR)      Potential
    6.58430e+03    4.04424e+04   -2.35003e+03   -6.01617e+04    4.67559e+04
 Pressure (bar)
    7.13102e+02

           Step           Time
             74       74.00000

   Energies (kJ/mol)
           Bond            U-B    Proper Dih.  Improper Dih.      CMAP Dih.
    4.53184e+03    3.98025e+04    1.60894e+04    1.26062e+03    2.40891e+02
          LJ-14     Coulomb-14        LJ (SR)   Coulomb (SR)      Potential
    6.56300e+03    4.05675e+04   -2.29469e+03   -6.02794e+04    4.64817e+04
 Pressure (bar)
    5.52926e+02

           Step           Time
             75       75.00000

   Energies (kJ/mol)
           Bond            U-B    Proper Dih.  Improper Dih.      CMAP Dih.
    5.23024e+03    3.92168e+04    1.60234e+04    1.14279e+03    2.27232e+02
          LJ-14     Coulomb-14        LJ (SR)   Coulomb (SR)      Potential
    6.49899e+03    4.04186e+04   -2.45594e+03   -6.02205e+04    4.60816e+04
 Pressure (bar)
    7.31716e+02

           Step           Time
             76       76.00000

   Energies (kJ/mol)
           Bond            U-B    Proper Dih.  Improper Dih.      CMAP Dih.
    4.86076e+03    3.91267e+04    1.60742e+04    1.26597e+03    2.38173e+02
          LJ-14     Coulomb-14        LJ (SR)   Coulomb (SR)      Potential
    6.49778e+03    4.05915e+04   -2.35111e+03   -6.03618e+04    4.59421e+04
 Pressure (bar)
    5.05424e+02

           Step           Time
             77       77.00000

           Step           Time
             78       78.00000

   Energies (kJ/mol)
           Bond            U-B    Proper Dih.  Improper Dih.      CMAP Dih.
    4.03154e+03    3.85363e+04    1.59817e+04    1.15087e+03    2.22858e+02
          LJ-14     Coulomb-14        LJ (SR)   Coulomb (SR)      Potential
    6.45316e+03    4.04903e+04   -2.47191e+03   -6.03159e+04    4.40789e+04
 Pressure (bar)
    6.52515e+02

           Step           Time
             79       79.00000

   Energies (kJ/mol)
           Bond            U-B    Proper Dih.  Improper Dih.      CMAP Dih.
    4.51466e+03    3.74636e+04    1.60542e+04    1.27315e+03    2.11673e+02
          LJ-14     Coulomb-14        LJ (SR)   Coulomb (SR)      Potential
    6.33345e+03    4.05827e+04   -2.50980e+03   -6.04876e+04    4.34360e+04
 Pressure (bar)
    5.12820e+02

           Step           Time
             80       80.00000

   Energies (kJ/mol)
           Bond            U-B    Proper Dih.  Improper Dih.      CMAP Dih.
    4.31302e+03    3.69379e+04    1.59233e+04    1.10651e+03    2.07541e+02
          LJ-14     Coulomb-14        LJ (SR)   Coulomb (SR)      Potential
    6.31042e+03    4.04740e+04   -2.64632e+03   -6.04399e+04    4.21866e+04
 Pressure (bar)
    6.62480e+02

           Step           Time
             81       81.00000

           Step           Time
             82       82.00000

   Energies (kJ/mol)
           Bond            U-B    Proper Dih.  Improper Dih.      CMAP Dih.
    3.75639e+03    3.66657e+04    1.59394e+04    1.12779e+03    2.06078e+02
          LJ-14     Coulomb-14        LJ (SR)   Coulomb (SR)      Potential
    6.27478e+03    4.05383e+04   -2.61880e+03   -6.05015e+04    4.13882e+04
 Pressure (bar)
    5.86615e+02

           Step           Time
             83       83.00000

           Step           Time
             84       84.00000

   Energies (kJ/mol)
           Bond            U-B    Proper Dih.  Improper Dih.      CMAP Dih.
    3.85632e+03    3.62975e+04    1.59079e+04    1.08298e+03    2.05948e+02
          LJ-14     Coulomb-14        LJ (SR)   Coulomb (SR)      Potential
    6.24243e+03    4.04963e+04   -2.68969e+03   -6.05010e+04    4.08987e+04
 Pressure (bar)
    6.43334e+02

           Step           Time
             85       85.00000

   Energies (kJ/mol)
           Bond            U-B    Proper Dih.  Improper Dih.      CMAP Dih.
    3.71713e+03    3.60054e+04    1.59195e+04    1.11492e+03    2.02291e+02
          LJ-14     Coulomb-14        LJ (SR)   Coulomb (SR)      Potential
    6.21142e+03    4.05481e+04   -2.67682e+03   -6.05634e+04    4.04785e+04
 Pressure (bar)
    5.73118e+02

           Step           Time
             86       86.00000

   Energies (kJ/mol)
           Bond            U-B    Proper Dih.  Improper Dih.      CMAP Dih.
    4.00238e+03    3.56115e+04    1.58669e+04    1.05638e+03    2.06079e+02
          LJ-14     Coulomb-14        LJ (SR)   Coulomb (SR)      Potential
    6.16795e+03    4.04873e+04   -2.76679e+03   -6.05537e+04    4.00780e+04
 Pressure (bar)
    6.49007e+02

           Step           Time
             87       87.00000

   Energies (kJ/mol)
           Bond            U-B    Proper Dih.  Improper Dih.      CMAP Dih.
    3.75744e+03    3.54508e+04    1.58701e+04    1.10625e+03    2.00758e+02
          LJ-14     Coulomb-14        LJ (SR)   Coulomb (SR)      Potential
    6.15013e+03    4.05600e+04   -2.72545e+03   -6.06233e+04    3.97467e+04
 Pressure (bar)
    5.53639e+02

           Step           Time
             88       88.00000

   Energies (kJ/mol)
           Bond            U-B    Proper Dih.  Improper Dih.      CMAP Dih.
    4.36459e+03    3.50112e+04    1.58432e+04    1.03593e+03    2.09102e+02
          LJ-14     Coulomb-14        LJ (SR)   Coulomb (SR)      Potential
    6.10228e+03    4.04759e+04   -2.83731e+03   -6.05998e+04    3.96050e+04
 Pressure (bar)
    6.56910e+02

           Step           Time
             89       89.00000

   Energies (kJ/mol)
           Bond            U-B    Proper Dih.  Improper Dih.      CMAP Dih.
    3.96447e+03    3.49477e+04    1.58548e+04    1.10222e+03    2.01865e+02
          LJ-14     Coulomb-14        LJ (SR)   Coulomb (SR)      Potential
    6.09314e+03    4.05748e+04   -2.76504e+03   -6.06829e+04    3.92911e+04
 Pressure (bar)
    5.29694e+02

           Step           Time
             90       90.00000

           Step           Time
             91       91.00000

   Energies (kJ/mol)
           Bond            U-B    Proper Dih.  Improper Dih.      CMAP Dih.
    3.46256e+03    3.45361e+04    1.57988e+04    1.03122e+03    2.02495e+02
          LJ-14     Coulomb-14        LJ (SR)   Coulomb (SR)      Potential
    6.06182e+03    4.05196e+04   -2.84742e+03   -6.06630e+04    3.81021e+04
 Pressure (bar)
    6.12065e+02

           Step           Time
             92       92.00000

   Energies (kJ/mol)
           Bond            U-B    Proper Dih.  Improper Dih.      CMAP Dih.
    3.91051e+03    3.37283e+04    1.58427e+04    1.11326e+03    1.98085e+02
          LJ-14     Coulomb-14        LJ (SR)   Coulomb (SR)      Potential
    5.95896e+03    4.05732e+04   -2.86937e+03   -6.07904e+04    3.76652e+04
 Pressure (bar)
    5.16366e+02

           Step           Time
             93       93.00000

   Energies (kJ/mol)
           Bond            U-B    Proper Dih.  Improper Dih.      CMAP Dih.
    3.44329e+03    3.32486e+04    1.57720e+04    9.92362e+02    2.03240e+02
          LJ-14     Coulomb-14        LJ (SR)   Coulomb (SR)      Potential
    5.93356e+03    4.05164e+04   -2.96745e+03   -6.07668e+04    3.63751e+04
 Pressure (bar)
    6.03568e+02

           Step           Time
             94       94.00000

           Step           Time
             95       95.00000

   Energies (kJ/mol)
           Bond            U-B    Proper Dih.  Improper Dih.      CMAP Dih.
    3.27557e+03    3.29908e+04    1.57654e+04    1.02140e+03    1.96673e+02
          LJ-14     Coulomb-14        LJ (SR)   Coulomb (SR)      Potential
    5.90004e+03    4.05485e+04   -2.95327e+03   -6.08102e+04    3.59349e+04
 Pressure (bar)
    5.62090e+02

           Step           Time
             96       96.00000

   Energies (kJ/mol)
           Bond            U-B    Proper Dih.  Improper Dih.      CMAP Dih.
    3.48157e+03    3.26463e+04    1.57036e+04    9.77655e+02    2.04850e+02
          LJ-14     Coulomb-14        LJ (SR)   Coulomb (SR)      Potential
    5.86890e+03    4.05131e+04   -3.01962e+03   -6.08090e+04    3.55673e+04
 Pressure (bar)
    6.06503e+02

           Step           Time
             97       97.00000

   Energies (kJ/mol)
           Bond            U-B    Proper Dih.  Improper Dih.      CMAP Dih.
    3.31942e+03    3.24574e+04    1.57443e+04    1.01923e+03    1.96494e+02
          LJ-14     Coulomb-14        LJ (SR)   Coulomb (SR)      Potential
    5.83897e+03    4.05576e+04   -2.99032e+03   -6.08577e+04    3.52855e+04
 Pressure (bar)
    5.49671e+02

           Step           Time
             98       98.00000

   Energies (kJ/mol)
           Bond            U-B    Proper Dih.  Improper Dih.      CMAP Dih.
    3.67480e+03    3.21382e+04    1.56411e+04    9.62629e+02    2.07793e+02
          LJ-14     Coulomb-14        LJ (SR)   Coulomb (SR)      Potential
    5.80763e+03    4.05087e+04   -3.06925e+03   -6.08481e+04    3.50235e+04
 Pressure (bar)
    6.08529e+02

           Step           Time
             99       99.00000

   Energies (kJ/mol)
           Bond            U-B    Proper Dih.  Improper Dih.      CMAP Dih.
    3.48865e+03    3.20362e+04    1.56788e+04    1.01760e+03    1.97230e+02
          LJ-14     Coulomb-14        LJ (SR)   Coulomb (SR)      Potential
    5.77934e+03    4.05683e+04   -3.02197e+03   -6.09041e+04    3.48399e+04
 Pressure (bar)
    5.32960e+02

           Step           Time
            100      100.00000

   Energies (kJ/mol)
           Bond            U-B    Proper Dih.  Improper Dih.      CMAP Dih.
    3.12773e+03    3.17314e+04    1.56698e+04    9.58580e+02    2.01679e+02
          LJ-14     Coulomb-14        LJ (SR)   Coulomb (SR)      Potential
    5.76724e+03    4.05347e+04   -3.08205e+03   -6.08964e+04    3.40127e+04
 Pressure (bar)
    5.79274e+02

           Step           Time
            101      101.00000

   Energies (kJ/mol)
           Bond            U-B    Proper Dih.  Improper Dih.      CMAP Dih.
    3.18515e+03    3.10776e+04    1.56350e+04    9.73959e+02    1.94936e+02
          LJ-14     Coulomb-14        LJ (SR)   Coulomb (SR)      Potential
    5.69172e+03    4.05482e+04   -3.10649e+03   -6.09412e+04    3.32589e+04
 Pressure (bar)
    5.65352e+02

           Step           Time
            102      102.00000

           Step           Time
            103      103.00000

   Energies (kJ/mol)
           Bond            U-B    Proper Dih.  Improper Dih.      CMAP Dih.
    3.30856e+03    3.07806e+04    1.55697e+04    9.33215e+02    2.07054e+02
          LJ-14     Coulomb-14        LJ (SR)   Coulomb (SR)      Potential
    5.66932e+03    4.05266e+04   -3.14374e+03   -6.09527e+04    3.28986e+04
 Pressure (bar)
    5.90420e+02

           Step           Time
            104      104.00000

           Step           Time
            105      105.00000

   Energies (kJ/mol)
           Bond            U-B    Proper Dih.  Improper Dih.      CMAP Dih.
    2.96080e+03    3.05370e+04    1.55575e+04    9.49902e+02    1.96831e+02
          LJ-14     Coulomb-14        LJ (SR)   Coulomb (SR)      Potential
    5.63043e+03    4.05512e+04   -3.13723e+03   -6.09814e+04    3.22650e+04
 Pressure (bar)
    5.63914e+02

           Step           Time
            106      106.00000

   Energies (kJ/mol)
           Bond            U-B    Proper Dih.  Improper Dih.      CMAP Dih.
    3.38378e+03    3.01183e+04    1.55252e+04    9.14854e+02    2.07375e+02
          LJ-14     Coulomb-14        LJ (SR)   Coulomb (SR)      Potential
    5.57945e+03    4.05235e+04   -3.19541e+03   -6.09959e+04    3.20611e+04
 Pressure (bar)
    5.88473e+02

           Step           Time
            107      107.00000

   Energies (kJ/mol)
           Bond            U-B    Proper Dih.  Improper Dih.      CMAP Dih.
    2.94311e+03    2.99681e+04    1.55197e+04    9.43666e+02    1.95047e+02
          LJ-14     Coulomb-14        LJ (SR)   Coulomb (SR)      Potential
    5.56423e+03    4.05575e+04   -3.17583e+03   -6.10302e+04    3.14853e+04
 Pressure (bar)
    5.46825e+02

           Step           Time
            108      108.00000

           Step           Time
            109      109.00000

   Energies (kJ/mol)
           Bond            U-B    Proper Dih.  Improper Dih.      CMAP Dih.
    2.92746e+03    2.97212e+04    1.54995e+04    9.13979e+02    2.01522e+02
          LJ-14     Coulomb-14        LJ (SR)   Coulomb (SR)      Potential
    5.53635e+03    4.05382e+04   -3.21372e+03   -6.10315e+04    3.10930e+04
 Pressure (bar)
    5.72544e+02

           Step           Time
            110      110.00000

   Energies (kJ/mol)
           Bond            U-B    Proper Dih.  Improper Dih.      CMAP Dih.
    2.92422e+03    2.94858e+04    1.54901e+04    9.37451e+02    1.93544e+02
          LJ-14     Coulomb-14        LJ (SR)   Coulomb (SR)      Potential
    5.50787e+03    4.05589e+04   -3.21272e+03   -6.10699e+04    3.08153e+04
 Pressure (bar)
    5.40324e+02

           Step           Time
            111      111.00000

   Energies (kJ/mol)
           Bond            U-B    Proper Dih.  Improper Dih.      CMAP Dih.
    2.98303e+03    2.92105e+04    1.54640e+04    8.98134e+02    2.03184e+02
          LJ-14     Coulomb-14        LJ (SR)   Coulomb (SR)      Potential
    5.47557e+03    4.05342e+04   -3.25902e+03   -6.10691e+04    3.04405e+04
 Pressure (bar)
    5.72976e+02

           Step           Time
            112      112.00000

   Energies (kJ/mol)
           Bond            U-B    Proper Dih.  Improper Dih.      CMAP Dih.
    2.96790e+03    2.90793e+04    1.54542e+04    9.33382e+02    1.92205e+02
          LJ-14     Coulomb-14        LJ (SR)   Coulomb (SR)      Potential
    5.45895e+03    4.05615e+04   -3.24435e+03   -6.11058e+04    3.02973e+04
 Pressure (bar)
    5.31566e+02

           Step           Time
            113      113.00000

   Energies (kJ/mol)
           Bond            U-B    Proper Dih.  Improper Dih.      CMAP Dih.
    3.13603e+03    2.87831e+04    1.54272e+04    8.83875e+02    2.05204e+02
          LJ-14     Coulomb-14        LJ (SR)   Coulomb (SR)      Potential
    5.42290e+03    4.05291e+04   -3.29944e+03   -6.11012e+04    2.99867e+04
 Pressure (bar)
    5.69913e+02

           Step           Time
            114      114.00000

   Energies (kJ/mol)
           Bond            U-B    Proper Dih.  Improper Dih.      CMAP Dih.
    3.11872e+03    2.87274e+04    1.54221e+04    9.33152e+02    1.90975e+02
          LJ-14     Coulomb-14        LJ (SR)   Coulomb (SR)      Potential
    5.41503e+03    4.05653e+04   -3.27114e+03   -6.11402e+04    2.99612e+04
 Pressure (bar)
    5.16118e+02

           Step           Time
            115      115.00000

   Energies (kJ/mol)
           Bond            U-B    Proper Dih.  Improper Dih.      CMAP Dih.
    3.47618e+03    2.84163e+04    1.53887e+04    8.70743e+02    2.07615e+02
          LJ-14     Coulomb-14        LJ (SR)   Coulomb (SR)      Potential
    5.37413e+03    4.05218e+04   -3.33754e+03   -6.11305e+04    2.97874e+04
 Pressure (bar)
    5.69814e+02

           Step           Time
            116      116.00000

           Step           Time
            117      117.00000

   Energies (kJ/mol)
           Bond            U-B    Proper Dih.  Improper Dih.      CMAP Dih.
    2.65252e+03    2.82490e+04    1.53756e+04    8.88714e+02    1.95611e+02
          LJ-14     Coulomb-14        LJ (SR)   Coulomb (SR)      Potential
    5.37081e+03    4.05470e+04   -3.32511e+03   -6.11531e+04    2.88011e+04
 Pressure (bar)
    5.46763e+02

           Step           Time
            118      118.00000

   Energies (kJ/mol)
           Bond            U-B    Proper Dih.  Improper Dih.      CMAP Dih.
    3.69231e+03    2.72916e+04    1.53118e+04    8.60069e+02    1.99855e+02
          LJ-14     Coulomb-14        LJ (SR)   Coulomb (SR)      Potential
    5.24402e+03    4.05117e+04   -3.42018e+03   -6.12182e+04    2.84730e+04
 Pressure (bar)
    5.47540e+02

           Step           Time
            119      119.00000

   Energies (kJ/mol)
           Bond            U-B    Proper Dih.  Improper Dih.      CMAP Dih.
    2.63688e+03    2.70813e+04    1.52906e+04    8.92433e+02    1.86648e+02
          LJ-14     Coulomb-14        LJ (SR)   Coulomb (SR)      Potential
    5.24161e+03    4.05440e+04   -3.40290e+03   -6.12454e+04    2.72251e+04
 Pressure (bar)
    5.23134e+02

           Step           Time
            120      120.00000

           Step           Time
            121      121.00000

   Energies (kJ/mol)
           Bond            U-B    Proper Dih.  Improper Dih.      CMAP Dih.
    2.76436e+03    2.68402e+04    1.52438e+04    8.53818e+02    1.97097e+02
          LJ-14     Coulomb-14        LJ (SR)   Coulomb (SR)      Potential
    5.21673e+03    4.05261e+04   -3.43683e+03   -6.12482e+04    2.69570e+04
 Pressure (bar)
    5.44663e+02

           Step           Time
            122      122.00000

   Energies (kJ/mol)
           Bond            U-B    Proper Dih.  Improper Dih.      CMAP Dih.
    2.66831e+03    2.67332e+04    1.52363e+04    8.82491e+02    1.87045e+02
          LJ-14     Coulomb-14        LJ (SR)   Coulomb (SR)      Potential
    5.20389e+03    4.05445e+04   -3.42680e+03   -6.12726e+04    2.67563e+04
 Pressure (bar)
    5.16818e+02

           Step           Time
            123      123.00000

   Energies (kJ/mol)
           Bond            U-B    Proper Dih.  Improper Dih.      CMAP Dih.
    2.94730e+03    2.65052e+04    1.52007e+04    8.41650e+02    1.99343e+02
          LJ-14     Coulomb-14        LJ (SR)   Coulomb (SR)      Potential
    5.17448e+03    4.05191e+04   -3.46590e+03   -6.12739e+04    2.66480e+04
 Pressure (bar)
    5.45557e+02

           Step           Time
            124      124.00000

   Energies (kJ/mol)
           Bond            U-B    Proper Dih.  Improper Dih.      CMAP Dih.
    2.79614e+03    2.64387e+04    1.52018e+04    8.82436e+02    1.86305e+02
          LJ-14     Coulomb-14        LJ (SR)   Coulomb (SR)      Potential
    5.16696e+03    4.05447e+04   -3.44810e+03   -6.13005e+04    2.64685e+04
 Pressure (bar)
    5.07353e+02

           Step           Time
            125      125.00000

           Step           Time
            126      126.00000

   Energies (kJ/mol)
           Bond            U-B    Proper Dih.  Improper Dih.      CMAP Dih.
    2.47725e+03    2.62054e+04    1.51774e+04    8.45563e+02    1.93201e+02
          LJ-14     Coulomb-14        LJ (SR)   Coulomb (SR)      Potential
    5.14849e+03    4.05280e+04   -3.47722e+03   -6.12995e+04    2.57986e+04
 Pressure (bar)
    5.33741e+02

           Step           Time
            127      127.00000

   Energies (kJ/mol)
           Bond            U-B    Proper Dih.  Improper Dih.      CMAP Dih.
    2.72830e+03    2.58408e+04    1.51329e+04    8.81859e+02    1.85253e+02
          LJ-14     Coulomb-14        LJ (SR)   Coulomb (SR)      Potential
    5.09642e+03    4.05369e+04   -3.49502e+03   -6.13472e+04    2.55602e+04
 Pressure (bar)
    5.00054e+02

           Step           Time
            128      128.00000

   Energies (kJ/mol)
           Bond            U-B    Proper Dih.  Improper Dih.      CMAP Dih.
    2.52534e+03    2.56023e+04    1.51031e+04    8.28331e+02    1.94852e+02
          LJ-14     Coulomb-14        LJ (SR)   Coulomb (SR)      Potential
    5.07534e+03    4.05175e+04   -3.52752e+03   -6.13470e+04    2.49723e+04
 Pressure (bar)
    5.31157e+02

           Step           Time
            129      129.00000

           Step           Time
            130      130.00000

   Energies (kJ/mol)
           Bond            U-B    Proper Dih.  Improper Dih.      CMAP Dih.
    2.38249e+03    2.54985e+04    1.50954e+04    8.44243e+02    1.88160e+02
          LJ-14     Coulomb-14        LJ (SR)   Coulomb (SR)      Potential
    5.06506e+03    4.05270e+04   -3.52739e+03   -6.13612e+04    2.47123e+04
 Pressure (bar)
    5.20927e+02

           Step           Time
            131      131.00000

   Energies (kJ/mol)
           Bond            U-B    Proper Dih.  Improper Dih.      CMAP Dih.
    2.61823e+03    2.52794e+04    1.50598e+04    8.19100e+02    1.95885e+02
          LJ-14     Coulomb-14        LJ (SR)   Coulomb (SR)      Potential
    5.03469e+03    4.05108e+04   -3.55669e+03   -6.13743e+04    2.45869e+04
 Pressure (bar)
    5.35762e+02

           Step           Time
            132      132.00000

   Energies (kJ/mol)
           Bond            U-B    Proper Dih.  Improper Dih.      CMAP Dih.
    2.38692e+03    2.51803e+04    1.50556e+04    8.42901e+02    1.86860e+02
          LJ-14     Coulomb-14        LJ (SR)   Coulomb (SR)      Potential
    5.02639e+03    4.05250e+04   -3.55313e+03   -6.13895e+04    2.42614e+04
 Pressure (bar)
    5.15272e+02

           Step           Time
            133      133.00000

           Step           Time
            134      134.00000

   Energies (kJ/mol)
           Bond            U-B    Proper Dih.  Improper Dih.      CMAP Dih.
    2.35674e+03    2.50333e+04    1.50354e+04    8.21294e+02    1.92313e+02
          LJ-14     Coulomb-14        LJ (SR)   Coulomb (SR)      Potential
    5.01062e+03    4.05148e+04   -3.57112e+03   -6.13948e+04    2.39985e+04
 Pressure (bar)
    5.28830e+02

           Step           Time
            135      135.00000

   Energies (kJ/mol)
           Bond            U-B    Proper Dih.  Improper Dih.      CMAP Dih.
    2.38274e+03    2.48615e+04    1.50157e+04    8.40211e+02    1.86229e+02
          LJ-14     Coulomb-14        LJ (SR)   Coulomb (SR)      Potential
    4.98827e+03    4.05219e+04   -3.57947e+03   -6.14166e+04    2.38006e+04
 Pressure (bar)
    5.13440e+02

           Step           Time
            136      136.00000

   Energies (kJ/mol)
           Bond            U-B    Proper Dih.  Improper Dih.      CMAP Dih.
    2.40123e+03    2.46977e+04    1.49912e+04    8.10079e+02    1.93974e+02
          LJ-14     Coulomb-14        LJ (SR)   Coulomb (SR)      Potential
    4.97006e+03    4.05085e+04   -3.60138e+03   -6.14225e+04    2.35489e+04
 Pressure (bar)
    5.29505e+02

           Step           Time
            137      137.00000

   Energies (kJ/mol)
           Bond            U-B    Proper Dih.  Improper Dih.      CMAP Dih.
    2.42610e+03    2.46005e+04    1.49822e+04    8.39583e+02    1.85701e+02
          LJ-14     Coulomb-14        LJ (SR)   Coulomb (SR)      Potential
    4.95605e+03    4.05201e+04   -3.60161e+03   -6.14403e+04    2.34683e+04
 Pressure (bar)
    5.09249e+02

           Step           Time
            138      138.00000

   Energies (kJ/mol)
           Bond            U-B    Proper Dih.  Improper Dih.      CMAP Dih.
    2.53161e+03    2.44269e+04    1.49533e+04    7.99381e+02    1.96103e+02
          LJ-14     Coulomb-14        LJ (SR)   Coulomb (SR)      Potential
    4.93549e+03    4.05018e+04   -3.62782e+03   -6.14456e+04    2.32712e+04
 Pressure (bar)
    5.30859e+02

           Step           Time
            139      139.00000

           Step           Time
            140      140.00000

   Energies (kJ/mol)
           Bond            U-B    Proper Dih.  Improper Dih.      CMAP Dih.
    2.22828e+03    2.43306e+04    1.49503e+04    8.13035e+02    1.89671e+02
          LJ-14     Coulomb-14        LJ (SR)   Coulomb (SR)      Potential
    4.92933e+03    4.05106e+04   -3.62785e+03   -6.14546e+04    2.28693e+04
 Pressure (bar)
    5.17607e+02

           Step           Time
            141      141.00000

   Energies (kJ/mol)
           Bond            U-B    Proper Dih.  Improper Dih.      CMAP Dih.
    2.71335e+03    2.38218e+04    1.48704e+04    7.88179e+02    1.96918e+02
          LJ-14     Coulomb-14        LJ (SR)   Coulomb (SR)      Potential
    4.85652e+03    4.04881e+04   -3.68064e+03   -6.14983e+04    2.25564e+04
 Pressure (bar)
    5.20494e+02

           Step           Time
            142      142.00000

   Energies (kJ/mol)
           Bond            U-B    Proper Dih.  Improper Dih.      CMAP Dih.
    2.17511e+03    2.37054e+04    1.48715e+04    8.10151e+02    1.86939e+02
          LJ-14     Coulomb-14        LJ (SR)   Coulomb (SR)      Potential
    4.85090e+03    4.05012e+04   -3.68084e+03   -6.15089e+04    2.19115e+04
 Pressure (bar)
    5.05480e+02

           Step           Time
            143      143.00000

           Step           Time
            144      144.00000

   Energies (kJ/mol)
           Bond            U-B    Proper Dih.  Improper Dih.      CMAP Dih.
    2.30818e+03    2.35302e+04    1.48439e+04    7.86737e+02    1.94398e+02
          LJ-14     Coulomb-14        LJ (SR)   Coulomb (SR)      Potential
    4.82777e+03    4.04914e+04   -3.70131e+03   -6.15209e+04    2.17605e+04
 Pressure (bar)
    5.14515e+02

           Step           Time
            145      145.00000

   Energies (kJ/mol)
           Bond            U-B    Proper Dih.  Improper Dih.      CMAP Dih.
    2.17201e+03    2.34458e+04    1.48394e+04    8.05257e+02    1.87153e+02
          LJ-14     Coulomb-14        LJ (SR)   Coulomb (SR)      Potential
    4.81842e+03    4.04987e+04   -3.70320e+03   -6.15311e+04    2.15325e+04
 Pressure (bar)
    5.04054e+02

           Step           Time
            146      146.00000

   Energies (kJ/mol)
           Bond            U-B    Proper Dih.  Improper Dih.      CMAP Dih.
    2.41934e+03    2.32888e+04    1.48098e+04    7.79363e+02    1.95963e+02
          LJ-14     Coulomb-14        LJ (SR)   Coulomb (SR)      Potential
    4.79444e+03    4.04852e+04   -3.72370e+03   -6.15420e+04    2.15072e+04
 Pressure (bar)
    5.14981e+02

           Step           Time
            147      147.00000

   Energies (kJ/mol)
           Bond            U-B    Proper Dih.  Improper Dih.      CMAP Dih.
    2.20937e+03    2.32068e+04    1.48081e+04    8.06148e+02    1.86025e+02
          LJ-14     Coulomb-14        LJ (SR)   Coulomb (SR)      Potential
    4.78586e+03    4.04959e+04   -3.72372e+03   -6.15526e+04    2.12219e+04
 Pressure (bar)
    4.98732e+02

           Step           Time
            148      148.00000

           Step           Time
            149      149.00000

   Energies (kJ/mol)
           Bond            U-B    Proper Dih.  Improper Dih.      CMAP Dih.
    2.14235e+03    2.30832e+04    1.47902e+04    7.83977e+02    1.91767e+02
          LJ-14     Coulomb-14        LJ (SR)   Coulomb (SR)      Potential
    4.77310e+03    4.04874e+04   -3.73700e+03   -6.15579e+04    2.09571e+04
 Pressure (bar)
    5.10242e+02

           Step           Time
            150      150.00000

   Energies (kJ/mol)
           Bond            U-B    Proper Dih.  Improper Dih.      CMAP Dih.
    2.23104e+03    2.29450e+04    1.47721e+04    8.08990e+02    1.84603e+02
          LJ-14     Coulomb-14        LJ (SR)   Coulomb (SR)      Potential
    4.75009e+03    4.04912e+04   -3.74643e+03   -6.15759e+04    2.08606e+04
 Pressure (bar)
    4.92215e+02

           Step           Time
            151      151.00000

   Energies (kJ/mol)
           Bond            U-B    Proper Dih.  Improper Dih.      CMAP Dih.
    2.19498e+03    2.28051e+04    1.47497e+04    7.76824e+02    1.92802e+02
          LJ-14     Coulomb-14        LJ (SR)   Coulomb (SR)      Potential
    4.73518e+03    4.04799e+04   -3.76227e+03   -6.15822e+04    2.05901e+04
 Pressure (bar)
    5.06800e+02

           Step           Time
            152      152.00000

           Step           Time
            153      153.00000

   Energies (kJ/mol)
           Bond            U-B    Proper Dih.  Improper Dih.      CMAP Dih.
    2.06806e+03    2.27306e+04    1.47443e+04    7.89342e+02    1.87200e+02
          LJ-14     Coulomb-14        LJ (SR)   Coulomb (SR)      Potential
    4.72717e+03    4.04839e+04   -3.76547e+03   -6.15892e+04    2.03760e+04
 Pressure (bar)
    4.97780e+02

           Step           Time
            154      154.00000

   Energies (kJ/mol)
           Bond            U-B    Proper Dih.  Improper Dih.      CMAP Dih.
    2.26787e+03    2.25249e+04    1.47072e+04    7.73022e+02    1.92485e+02
          LJ-14     Coulomb-14        LJ (SR)   Coulomb (SR)      Potential
    4.69638e+03    4.04709e+04   -3.78819e+03   -6.16069e+04    2.02377e+04
 Pressure (bar)
    4.99901e+02

           Step           Time
            155      155.00000

   Energies (kJ/mol)
           Bond            U-B    Proper Dih.  Improper Dih.      CMAP Dih.
    2.05824e+03    2.24454e+04    1.47040e+04    7.91577e+02    1.84505e+02
          LJ-14     Coulomb-14        LJ (SR)   Coulomb (SR)      Potential
    4.68900e+03    4.04777e+04   -3.79084e+03   -6.16144e+04    1.99452e+04
 Pressure (bar)
    4.89456e+02

           Step           Time
            156      156.00000

           Step           Time
            157      157.00000

   Energies (kJ/mol)
           Bond            U-B    Proper Dih.  Improper Dih.      CMAP Dih.
    2.07762e+03    2.23360e+04    1.46854e+04    7.76540e+02    1.88858e+02
          LJ-14     Coulomb-14        LJ (SR)   Coulomb (SR)      Potential
    4.67542e+03    4.04706e+04   -3.80268e+03   -6.16221e+04    1.97858e+04
 Pressure (bar)
    4.95394e+02

           Step           Time
            158      158.00000

   Energies (kJ/mol)
           Bond            U-B    Proper Dih.  Improper Dih.      CMAP Dih.
    2.06006e+03    2.22411e+04    1.46743e+04    7.92557e+02    1.82698e+02
          LJ-14     Coulomb-14        LJ (SR)   Coulomb (SR)      Potential
    4.66178e+03    4.04734e+04   -3.80951e+03   -6.16327e+04    1.96436e+04
 Pressure (bar)
    4.85718e+02

           Step           Time
            159      159.00000

   Energies (kJ/mol)
           Bond            U-B    Proper Dih.  Improper Dih.      CMAP Dih.
    2.11943e+03    2.21231e+04    1.46527e+04    7.71239e+02    1.89116e+02
          LJ-14     Coulomb-14        LJ (SR)   Coulomb (SR)      Potential
    4.64684e+03    4.04642e+04   -3.82312e+03   -6.16411e+04    1.95024e+04
 Pressure (bar)
    4.93279e+02

           Step           Time
            160      160.00000

   Energies (kJ/mol)
           Bond            U-B    Proper Dih.  Improper Dih.      CMAP Dih.
    2.09021e+03    2.20501e+04    1.46463e+04    7.94608e+02    1.80779e+02
          LJ-14     Coulomb-14        LJ (SR)   Coulomb (SR)      Potential
    4.63566e+03    4.04696e+04   -3.82742e+03   -6.16504e+04    1.93893e+04
 Pressure (bar)
    4.76554e+02

           Step           Time
            161      161.00000

   Energies (kJ/mol)
           Bond            U-B    Proper Dih.  Improper Dih.      CMAP Dih.
    2.22513e+03    2.19304e+04    1.46217e+04    7.65317e+02    1.89661e+02
          LJ-14     Coulomb-14        LJ (SR)   Coulomb (SR)      Potential
    4.61973e+03    4.04575e+04   -3.84275e+03   -6.16595e+04    1.93072e+04
 Pressure (bar)
    4.87214e+02

           Step           Time
            162      162.00000

   Energies (kJ/mol)
           Bond            U-B    Proper Dih.  Improper Dih.      CMAP Dih.
    2.18087e+03    2.18781e+04    1.46204e+04    7.99032e+02    1.78622e+02
          LJ-14     Coulomb-14        LJ (SR)   Coulomb (SR)      Potential
    4.61048e+03    4.04660e+04   -3.84444e+03   -6.16680e+04    1.92210e+04
 Pressure (bar)
    4.70831e+02

           Step           Time
            163      163.00000

           Step           Time
            164      164.00000

   Energies (kJ/mol)
           Bond            U-B    Proper Dih.  Improper Dih.      CMAP Dih.
    1.98021e+03    2.17483e+04    1.46039e+04    7.71930e+02    1.84284e+02
          LJ-14     Coulomb-14        LJ (SR)   Coulomb (SR)      Potential
    4.60116e+03    4.04582e+04   -3.85627e+03   -6.16730e+04    1.88187e+04
 Pressure (bar)
    4.82045e+02

           Step           Time
            165      165.00000

   Energies (kJ/mol)
           Bond            U-B    Proper Dih.  Improper Dih.      CMAP Dih.
    2.17028e+03    2.14566e+04    1.45625e+04    8.09967e+02    1.74459e+02
          LJ-14     Coulomb-14        LJ (SR)   Coulomb (SR)      Potential
    4.55377e+03    4.04546e+04   -3.88317e+03   -6.17075e+04    1.85915e+04
 Pressure (bar)
    4.64045e+02

           Step           Time
            166      166.00000

   Energies (kJ/mol)
           Bond            U-B    Proper Dih.  Improper Dih.      CMAP Dih.
    2.00800e+03    2.13111e+04    1.45424e+04    7.64263e+02    1.82377e+02
          LJ-14     Coulomb-14        LJ (SR)   Coulomb (SR)      Potential
    4.54392e+03    4.04446e+04   -3.89792e+03   -6.17130e+04    1.81858e+04
 Pressure (bar)
    4.79521e+02

           Step           Time
            167      167.00000

           Step           Time
            168      168.00000

   Energies (kJ/mol)
           Bond            U-B    Proper Dih.  Improper Dih.      CMAP Dih.
    1.94644e+03    2.12392e+04    1.45366e+04    7.78909e+02    1.76065e+02
          LJ-14     Coulomb-14        LJ (SR)   Coulomb (SR)      Potential
    4.53465e+03    4.04469e+04   -3.90251e+03   -6.17197e+04    1.80364e+04
 Pressure (bar)
    4.73737e+02

           Step           Time
            169      169.00000

   Energies (kJ/mol)
           Bond            U-B    Proper Dih.  Improper Dih.      CMAP Dih.
    2.06529e+03    2.11201e+04    1.45150e+04    7.59755e+02    1.81570e+02
          LJ-14     Coulomb-14        LJ (SR)   Coulomb (SR)      Potential
    4.51908e+03    4.04367e+04   -3.91741e+03   -6.17313e+04    1.79488e+04
 Pressure (bar)
    4.79452e+02

           Step           Time
            170      170.00000

   Energies (kJ/mol)
           Bond            U-B    Proper Dih.  Improper Dih.      CMAP Dih.
    1.97010e+03    2.10547e+04    1.45117e+04    7.81088e+02    1.73275e+02
          LJ-14     Coulomb-14        LJ (SR)   Coulomb (SR)      Potential
    4.51034e+03    4.04415e+04   -3.92015e+03   -6.17371e+04    1.77855e+04
 Pressure (bar)
    4.69473e+02

           Step           Time
            171      171.00000

           Step           Time
            172      172.00000

   Energies (kJ/mol)
           Bond            U-B    Proper Dih.  Improper Dih.      CMAP Dih.
    1.91718e+03    2.09652e+04    1.44990e+04    7.64368e+02    1.77317e+02
          LJ-14     Coulomb-14        LJ (SR)   Coulomb (SR)      Potential
    4.50212e+03    4.04354e+04   -3.92959e+03   -6.17432e+04    1.75877e+04
 Pressure (bar)
    4.75329e+02

           Step           Time
            173      173.00000

   Energies (kJ/mol)
           Bond            U-B    Proper Dih.  Improper Dih.      CMAP Dih.
    1.97919e+03    2.08016e+04    1.44784e+04    7.84260e+02    1.69609e+02
          LJ-14     Coulomb-14        LJ (SR)   Coulomb (SR)      Potential
    4.47738e+03    4.04333e+04   -3.94343e+03   -6.17600e+04    1.74203e+04
 Pressure (bar)
    4.61430e+02

           Step           Time
            174      174.00000

   Energies (kJ/mol)
           Bond            U-B    Proper Dih.  Improper Dih.      CMAP Dih.
    1.94094e+03    2.06972e+04    1.44625e+04    7.58739e+02    1.75919e+02
          LJ-14     Coulomb-14        LJ (SR)   Coulomb (SR)      Potential
    4.46784e+03    4.04255e+04   -3.95520e+03   -6.17677e+04    1.72057e+04
 Pressure (bar)
    4.68728e+02

           Step           Time
            175      175.00000

           Step           Time
            176      176.00000

   Energies (kJ/mol)
           Bond            U-B    Proper Dih.  Improper Dih.      CMAP Dih.
    1.87562e+03    2.06339e+04    1.44574e+04    7.69027e+02    1.70957e+02
          LJ-14     Coulomb-14        LJ (SR)   Coulomb (SR)      Potential
    4.46017e+03    4.04269e+04   -3.95914e+03   -6.17727e+04    1.70621e+04
 Pressure (bar)
    4.63750e+02

           Step           Time
            177      177.00000

   Energies (kJ/mol)
           Bond            U-B    Proper Dih.  Improper Dih.      CMAP Dih.
    1.97804e+03    2.04922e+04    1.44344e+04    7.55154e+02    1.74410e+02
          LJ-14     Coulomb-14        LJ (SR)   Coulomb (SR)      Potential
    4.44153e+03    4.04179e+04   -3.97509e+03   -6.17872e+04    1.69314e+04
 Pressure (bar)
    4.65205e+02

           Step           Time
            178      178.00000

   Energies (kJ/mol)
           Bond            U-B    Proper Dih.  Improper Dih.      CMAP Dih.
    1.87343e+03    2.04280e+04    1.44309e+04    7.69805e+02    1.67741e+02
          LJ-14     Coulomb-14        LJ (SR)   Coulomb (SR)      Potential
    4.43406e+03    4.04211e+04   -3.97841e+03   -6.17913e+04    1.67553e+04
 Pressure (bar)
    4.58283e+02

           Step           Time
            179      179.00000

   Energies (kJ/mol)
           Bond            U-B    Proper Dih.  Improper Dih.      CMAP Dih.
    2.05743e+03    2.03072e+04    1.44079e+04    7.50385e+02    1.73692e+02
          LJ-14     Coulomb-14        LJ (SR)   Coulomb (SR)      Potential
    4.41700e+03    4.04111e+04   -3.99406e+03   -6.18052e+04    1.67254e+04
 Pressure (bar)
    4.61378e+02

           Step           Time
            180      180.00000

   Energies (kJ/mol)
           Bond            U-B    Proper Dih.  Improper Dih.      CMAP Dih.
    1.90130e+03    2.02409e+04    1.44064e+04    7.71779e+02    1.64659e+02
          LJ-14     Coulomb-14        LJ (SR)   Coulomb (SR)      Potential
    4.40936e+03    4.04163e+04   -3.99668e+03   -6.18080e+04    1.65060e+04
 Pressure (bar)
    4.53164e+02

           Step           Time
            181      181.00000

           Step           Time
            182      182.00000

   Energies (kJ/mol)
           Bond            U-B    Proper Dih.  Improper Dih.      CMAP Dih.
    1.86521e+03    2.01524e+04    1.43931e+04    7.54952e+02    1.69114e+02
          LJ-14     Coulomb-14        LJ (SR)   Coulomb (SR)      Potential
    4.40103e+03    4.04105e+04   -4.00623e+03   -6.18157e+04    1.63243e+04
 Pressure (bar)
    4.60902e+02

           Step           Time
            183      183.00000

   Energies (kJ/mol)
           Bond            U-B    Proper Dih.  Improper Dih.      CMAP Dih.
    1.92623e+03    2.00478e+04    1.43809e+04    7.75307e+02    1.61279e+02
          LJ-14     Coulomb-14        LJ (SR)   Coulomb (SR)      Potential
    4.38381e+03    4.04107e+04   -4.01566e+03   -6.18254e+04    1.62450e+04
 Pressure (bar)
    4.49163e+02

           Step           Time
            184      184.00000

   Energies (kJ/mol)
           Bond            U-B    Proper Dih.  Improper Dih.      CMAP Dih.
    1.90899e+03    1.99449e+04    1.43645e+04    7.50045e+02    1.68038e+02
          LJ-14     Coulomb-14        LJ (SR)   Coulomb (SR)      Potential
    4.37489e+03    4.04035e+04   -4.02721e+03   -6.18348e+04    1.60529e+04
 Pressure (bar)
    4.54980e+02

           Step           Time
            185      185.00000

           Step           Time
            186      186.00000

   Energies (kJ/mol)
           Bond            U-B    Proper Dih.  Improper Dih.      CMAP Dih.
    1.81505e+03    1.98847e+04    1.43609e+04    7.60556e+02    1.62579e+02
          LJ-14     Coulomb-14        LJ (SR)   Coulomb (SR)      Potential
    4.36825e+03    4.04052e+04   -4.03087e+03   -6.18379e+04    1.58886e+04
 Pressure (bar)
    4.52319e+02

           Step           Time
            187      187.00000

   Energies (kJ/mol)
           Bond            U-B    Proper Dih.  Improper Dih.      CMAP Dih.
    1.96435e+03    1.97176e+04    1.43348e+04    7.46981e+02    1.65585e+02
          LJ-14     Coulomb-14        LJ (SR)   Coulomb (SR)      Potential
    4.34656e+03    4.03958e+04   -4.04940e+03   -6.18557e+04    1.57666e+04
 Pressure (bar)
    4.53257e+02

           Step           Time
            188      188.00000

   Energies (kJ/mol)
           Bond            U-B    Proper Dih.  Improper Dih.      CMAP Dih.
    1.81351e+03    1.96496e+04    1.43333e+04    7.62409e+02    1.58094e+02
          LJ-14     Coulomb-14        LJ (SR)   Coulomb (SR)      Potential
    4.33960e+03    4.03993e+04   -4.05299e+03   -6.18578e+04    1.55450e+04
 Pressure (bar)
    4.47454e+02

           Step           Time
            189      189.00000

           Step           Time
            190      190.00000

   Energies (kJ/mol)
           Bond            U-B    Proper Dih.  Improper Dih.      CMAP Dih.
    1.82683e+03    1.95606e+04    1.43210e+04    7.50326e+02    1.61286e+02
          LJ-14     Coulomb-14        LJ (SR)   Coulomb (SR)      Potential
    4.33025e+03    4.03947e+04   -4.06234e+03   -6.18665e+04    1.54162e+04
 Pressure (bar)
    4.50972e+02

           Step           Time
            191      191.00000

   Energies (kJ/mol)
           Bond            U-B    Proper Dih.  Improper Dih.      CMAP Dih.
    1.82033e+03    1.94723e+04    1.43148e+04    7.63876e+02    1.54863e+02
          LJ-14     Coulomb-14        LJ (SR)   Coulomb (SR)      Potential
    4.31857e+03    4.03955e+04   -4.06937e+03   -6.18723e+04    1.52986e+04
 Pressure (bar)
    4.44019e+02

           Step           Time
            192      192.00000

   Energies (kJ/mol)
           Bond            U-B    Proper Dih.  Improper Dih.      CMAP Dih.
    1.86016e+03    1.93730e+04    1.43010e+04    7.46747e+02    1.59980e+02
          LJ-14     Coulomb-14        LJ (SR)   Coulomb (SR)      Potential
    4.30837e+03    4.03904e+04   -4.07989e+03   -6.18826e+04    1.51771e+04
 Pressure (bar)
    4.48127e+02

           Step           Time
            193      193.00000

   Energies (kJ/mol)
           Bond            U-B    Proper Dih.  Improper Dih.      CMAP Dih.
    1.85037e+03    1.92989e+04    1.42986e+04    7.66570e+02    1.51662e+02
          LJ-14     Coulomb-14        LJ (SR)   Coulomb (SR)      Potential
    4.29783e+03    4.03928e+04   -4.08513e+03   -6.18864e+04    1.50852e+04
 Pressure (bar)
    4.37378e+02

           Step           Time
            194      194.00000

   Energies (kJ/mol)
           Bond            U-B    Proper Dih.  Improper Dih.      CMAP Dih.
    1.94280e+03    1.91940e+04    1.42828e+04    7.42889e+02    1.59102e+02
          LJ-14     Coulomb-14        LJ (SR)   Coulomb (SR)      Potential
    4.28707e+03    4.03861e+04   -4.09681e+03   -6.18983e+04    1.49997e+04
 Pressure (bar)
    4.46465e+02

           Step           Time
            195      195.00000

   Energies (kJ/mol)
           Bond            U-B    Proper Dih.  Improper Dih.      CMAP Dih.
    1.93159e+03    1.91351e+04    1.42841e+04    7.71679e+02    1.48324e+02
          LJ-14     Coulomb-14        LJ (SR)   Coulomb (SR)      Potential
    4.27730e+03    4.03906e+04   -4.09951e+03   -6.18998e+04    1.49393e+04
 Pressure (bar)
    4.32468e+02

           Step           Time
            196      196.00000

           Step           Time
            197      197.00000

   Energies (kJ/mol)
           Bond            U-B    Proper Dih.  Improper Dih.      CMAP Dih.
    1.76129e+03    1.90263e+04    1.42728e+04    7.49628e+02    1.53300e+02
          LJ-14     Coulomb-14        LJ (SR)   Coulomb (SR)      Potential
    4.27125e+03    4.03862e+04   -4.10872e+03   -6.19074e+04    1.46047e+04
 Pressure (bar)
    4.39738e+02

           Step           Time
            198      198.00000

   Energies (kJ/mol)
           Bond            U-B    Proper Dih.  Improper Dih.      CMAP Dih.
    1.80168e+03    1.87857e+04    1.42528e+04    7.66819e+02    1.44303e+02
          LJ-14     Coulomb-14        LJ (SR)   Coulomb (SR)      Potential
    4.24101e+03    4.03825e+04   -4.12817e+03   -6.19251e+04    1.43216e+04
 Pressure (bar)
    4.31489e+02

           Step           Time
            199      199.00000

   Energies (kJ/mol)
           Bond            U-B    Proper Dih.  Improper Dih.      CMAP Dih.
    1.95631e+03    1.86906e+04    1.42359e+04    7.40248e+02    1.52717e+02
          LJ-14     Coulomb-14        LJ (SR)   Coulomb (SR)      Potential
    4.23038e+03    4.03748e+04   -4.14042e+03   -6.19363e+04    1.43043e+04
 Pressure (bar)
    4.35158e+02

           Step           Time
            200      200.00000

   Energies (kJ/mol)
           Bond            U-B    Proper Dih.  Improper Dih.      CMAP Dih.
    1.88165e+03    1.86347e+04    1.42378e+04    7.67370e+02    1.41626e+02
          LJ-14     Coulomb-14        LJ (SR)   Coulomb (SR)      Potential
    4.22206e+03    4.03798e+04   -4.14227e+03   -6.19370e+04    1.41857e+04
 Pressure (bar)
    4.26305e+02

           Step           Time
            201      201.00000

           Step           Time
            202      202.00000

   Energies (kJ/mol)
           Bond            U-B    Proper Dih.  Improper Dih.      CMAP Dih.
    1.73975e+03    1.85346e+04    1.42262e+04    7.45857e+02    1.47010e+02
          LJ-14     Coulomb-14        LJ (SR)   Coulomb (SR)      Potential
    4.21614e+03    4.03745e+04   -4.15150e+03   -6.19441e+04    1.38885e+04
 Pressure (bar)
    4.29985e+02

           Step           Time
            203      203.00000

   Energies (kJ/mol)
           Bond            U-B    Proper Dih.  Improper Dih.      CMAP Dih.
    1.92562e+03    1.83707e+04    1.42113e+04    7.75941e+02    1.36838e+02
          LJ-14     Coulomb-14        LJ (SR)   Coulomb (SR)      Potential
    4.18875e+03    4.03707e+04   -4.16611e+03   -6.19587e+04    1.38550e+04
 Pressure (bar)
    4.17260e+02

           Step           Time
            204      204.00000

   Energies (kJ/mol)
           Bond            U-B    Proper Dih.  Improper Dih.      CMAP Dih.
    1.77930e+03    1.82548e+04    1.41964e+04    7.40567e+02    1.44703e+02
          LJ-14     Coulomb-14        LJ (SR)   Coulomb (SR)      Potential
    4.18260e+03    4.03643e+04   -4.17780e+03   -6.19674e+04    1.35175e+04
 Pressure (bar)
    4.25842e+02

           Step           Time
            205      205.00000

           Step           Time
            206      206.00000

   Energies (kJ/mol)
           Bond            U-B    Proper Dih.  Improper Dih.      CMAP Dih.
    1.72440e+03    1.81979e+04    1.41946e+04    7.53278e+02    1.38172e+02
          LJ-14     Coulomb-14        LJ (SR)   Coulomb (SR)      Potential
    4.17512e+03    4.03656e+04   -4.18120e+03   -6.19700e+04    1.33979e+04
 Pressure (bar)
    4.22060e+02

           Step           Time
            207      207.00000

   Energies (kJ/mol)
           Bond            U-B    Proper Dih.  Improper Dih.      CMAP Dih.
    1.83763e+03    1.81093e+04    1.41802e+04    7.36914e+02    1.43335e+02
          LJ-14     Coulomb-14        LJ (SR)   Coulomb (SR)      Potential
    4.16431e+03    4.03577e+04   -4.19261e+03   -6.19807e+04    1.33561e+04
 Pressure (bar)
    4.23395e+02

           Step           Time
            208      208.00000

   Energies (kJ/mol)
           Bond            U-B    Proper Dih.  Improper Dih.      CMAP Dih.
    1.75390e+03    1.80572e+04    1.41808e+04    7.55727e+02    1.34804e+02
          LJ-14     Coulomb-14        LJ (SR)   Coulomb (SR)      Potential
    4.15704e+03    4.03610e+04   -4.19489e+03   -6.19823e+04    1.32233e+04
 Pressure (bar)
    4.19003e+02

           Step           Time
            209      209.00000

           Step           Time
            210      210.00000

   Energies (kJ/mol)
           Bond            U-B    Proper Dih.  Improper Dih.      CMAP Dih.
    1.70027e+03    1.79872e+04    1.41718e+04    7.41093e+02    1.38690e+02
          LJ-14     Coulomb-14        LJ (SR)   Coulomb (SR)      Potential
    4.15175e+03    4.03564e+04   -4.20236e+03   -6.19883e+04    1.30564e+04
 Pressure (bar)
    4.19719e+02

           Step           Time
            211      211.00000

   Energies (kJ/mol)
           Bond            U-B    Proper Dih.  Improper Dih.      CMAP Dih.
    1.77378e+03    1.78729e+04    1.41628e+04    7.58119e+02    1.30811e+02
          LJ-14     Coulomb-14        LJ (SR)   Coulomb (SR)      Potential
    4.13350e+03    4.03538e+04   -4.21306e+03   -6.19990e+04    1.29736e+04
 Pressure (bar)
    4.15633e+02

           Step           Time
            212      212.00000

   Energies (kJ/mol)
           Bond            U-B    Proper Dih.  Improper Dih.      CMAP Dih.
    1.72548e+03    1.77920e+04    1.41516e+04    7.36068e+02    1.36667e+02
          LJ-14     Coulomb-14        LJ (SR)   Coulomb (SR)      Potential
    4.12770e+03    4.03477e+04   -4.22226e+03   -6.20065e+04    1.27884e+04
 Pressure (bar)
    4.18783e+02

           Step           Time
            213      213.00000

           Step           Time
            214      214.00000

   Energies (kJ/mol)
           Bond            U-B    Proper Dih.  Improper Dih.      CMAP Dih.
    1.67269e+03    1.77434e+04    1.41500e+04    7.45251e+02    1.31481e+02
          LJ-14     Coulomb-14        LJ (SR)   Coulomb (SR)      Potential
    4.12161e+03    4.03480e+04   -4.22534e+03   -6.20090e+04    1.26782e+04
 Pressure (bar)
    4.16781e+02

           Step           Time
            215      215.00000

   Energies (kJ/mol)
           Bond            U-B    Proper Dih.  Improper Dih.      CMAP Dih.
    1.76174e+03    1.76492e+04    1.41368e+04    7.33320e+02    1.34329e+02
          LJ-14     Coulomb-14        LJ (SR)   Coulomb (SR)      Potential
    4.10946e+03    4.03405e+04   -4.23701e+03   -6.20201e+04    1.26083e+04
 Pressure (bar)
    4.17551e+02

           Step           Time
            216      216.00000

   Energies (kJ/mol)
           Bond            U-B    Proper Dih.  Improper Dih.      CMAP Dih.
    1.67963e+03    1.75998e+04    1.41369e+04    7.46701e+02    1.27488e+02
          LJ-14     Coulomb-14        LJ (SR)   Coulomb (SR)      Potential
    4.10352e+03    4.03421e+04   -4.23939e+03   -6.20220e+04    1.24748e+04
 Pressure (bar)
    4.12268e+02

           Step           Time
            217      217.00000

           Step           Time
            218      218.00000

   Energies (kJ/mol)
           Bond            U-B    Proper Dih.  Improper Dih.      CMAP Dih.
    1.66882e+03    1.75427e+04    1.41295e+04    7.36551e+02    1.30070e+02
          LJ-14     Coulomb-14        LJ (SR)   Coulomb (SR)      Potential
    4.09790e+03    4.03378e+04   -4.24583e+03   -6.20277e+04    1.23698e+04
 Pressure (bar)
    4.16062e+02

           Step           Time
            219      219.00000

   Energies (kJ/mol)
           Bond            U-B    Proper Dih.  Improper Dih.      CMAP Dih.
    1.68714e+03    1.74619e+04    1.41244e+04    7.47987e+02    1.23619e+02
          LJ-14     Coulomb-14        LJ (SR)   Coulomb (SR)      Potential
    4.08598e+03    4.03358e+04   -4.25284e+03   -6.20348e+04    1.22792e+04
 Pressure (bar)
    4.09925e+02

           Step           Time
            220      220.00000

   Energies (kJ/mol)
           Bond            U-B    Proper Dih.  Improper Dih.      CMAP Dih.
    1.68761e+03    1.73979e+04    1.41151e+04    7.33087e+02    1.27791e+02
          LJ-14     Coulomb-14        LJ (SR)   Coulomb (SR)      Potential
    4.07978e+03    4.03305e+04   -4.26040e+03   -6.20417e+04    1.21697e+04
 Pressure (bar)
    4.12983e+02

           Step           Time
            221      221.00000

   Energies (kJ/mol)
           Bond            U-B    Proper Dih.  Improper Dih.      CMAP Dih.
    1.71565e+03    1.73459e+04    1.41137e+04    7.49533e+02    1.20289e+02
          LJ-14     Coulomb-14        LJ (SR)   Coulomb (SR)      Potential
    4.07087e+03    4.03309e+04   -4.26444e+03   -6.20459e+04    1.21366e+04
 Pressure (bar)
    4.07177e+02

           Step           Time
            222      222.00000

   Energies (kJ/mol)
           Bond            U-B    Proper Dih.  Improper Dih.      CMAP Dih.
    1.74033e+03    1.72778e+04    1.41023e+04    7.28732e+02    1.26350e+02
          LJ-14     Coulomb-14        LJ (SR)   Coulomb (SR)      Potential
    4.06435e+03    4.03240e+04   -4.27321e+03   -6.20544e+04    1.20364e+04
 Pressure (bar)
    4.09237e+02

           Step           Time
            223      223.00000

           Step           Time
            224      224.00000

   Energies (kJ/mol)
           Bond            U-B    Proper Dih.  Improper Dih.      CMAP Dih.
    1.62862e+03    1.72319e+04    1.41023e+04    7.37346e+02    1.21042e+02
          LJ-14     Coulomb-14        LJ (SR)   Coulomb (SR)      Potential
    4.06021e+03    4.03253e+04   -4.27541e+03   -6.20553e+04    1.18759e+04
 Pressure (bar)
    4.05825e+02

           Step           Time
            225      225.00000

   Energies (kJ/mol)
           Bond            U-B    Proper Dih.  Improper Dih.      CMAP Dih.
    1.81242e+03    1.70687e+04    1.40812e+04    7.24668e+02    1.21908e+02
          LJ-14     Coulomb-14        LJ (SR)   Coulomb (SR)      Potential
    4.03727e+03    4.03123e+04   -4.29352e+03   -6.20753e+04    1.17897e+04
 Pressure (bar)
    4.07365e+02

           Step           Time
            226      226.00000

   Energies (kJ/mol)
           Bond            U-B    Proper Dih.  Improper Dih.      CMAP Dih.
    1.62328e+03    1.70141e+04    1.40826e+04    7.37341e+02    1.14573e+02
          LJ-14     Coulomb-14        LJ (SR)   Coulomb (SR)      Potential
    4.03311e+03    4.03151e+04   -4.29586e+03   -6.20756e+04    1.15486e+04
 Pressure (bar)
    4.06460e+02

           Step           Time
            227      227.00000

           Step           Time
            228      228.00000

   Energies (kJ/mol)
           Bond            U-B    Proper Dih.  Improper Dih.      CMAP Dih.
    1.66025e+03    1.69506e+04    1.40733e+04    7.25555e+02    1.17540e+02
          LJ-14     Coulomb-14        LJ (SR)   Coulomb (SR)      Potential
    4.02581e+03    4.03096e+04   -4.30295e+03   -6.20834e+04    1.14763e+04
 Pressure (bar)
    4.04024e+02

           Step           Time
            229      229.00000

   Energies (kJ/mol)
           Bond            U-B    Proper Dih.  Improper Dih.      CMAP Dih.
    1.63214e+03    1.69070e+04    1.40726e+04    7.36613e+02    1.11520e+02
          LJ-14     Coulomb-14        LJ (SR)   Coulomb (SR)      Potential
    4.01961e+03    4.03097e+04   -4.30636e+03   -6.20860e+04    1.13969e+04
 Pressure (bar)
    4.02040e+02

           Step           Time
            230      230.00000

   Energies (kJ/mol)
           Bond            U-B    Proper Dih.  Improper Dih.      CMAP Dih.
    1.70456e+03    1.68465e+04    1.40622e+04    7.20866e+02    1.16279e+02
          LJ-14     Coulomb-14        LJ (SR)   Coulomb (SR)      Potential
    4.01217e+03    4.03025e+04   -4.31388e+03   -6.20946e+04    1.13565e+04
 Pressure (bar)
    3.99420e+02

           Step           Time
            231      231.00000

   Energies (kJ/mol)
           Bond            U-B    Proper Dih.  Improper Dih.      CMAP Dih.
    1.66510e+03    1.68075e+04    1.40635e+04    7.37064e+02    1.08358e+02
          LJ-14     Coulomb-14        LJ (SR)   Coulomb (SR)      Potential
    4.00612e+03    4.03037e+04   -4.31642e+03   -6.20959e+04    1.12790e+04
 Pressure (bar)
    3.93847e+02

           Step           Time
            232      232.00000

           Step           Time
            233      233.00000

   Energies (kJ/mol)
           Bond            U-B    Proper Dih.  Improper Dih.      CMAP Dih.
    1.60102e+03    1.67527e+04    1.40565e+04    7.23838e+02    1.11695e+02
          LJ-14     Coulomb-14        LJ (SR)   Coulomb (SR)      Potential
    4.00231e+03    4.02993e+04   -4.32163e+03   -6.21010e+04    1.11247e+04
 Pressure (bar)
    3.95930e+02

           Step           Time
            234      234.00000

   Energies (kJ/mol)
           Bond            U-B    Proper Dih.  Improper Dih.      CMAP Dih.
    1.67648e+03    1.66337e+04    1.40474e+04    7.37438e+02    1.03453e+02
          LJ-14     Coulomb-14        LJ (SR)   Coulomb (SR)      Potential
    3.98375e+03    4.02928e+04   -4.33346e+03   -6.21141e+04    1.10274e+04
 Pressure (bar)
    3.89660e+02

           Step           Time
            235      235.00000

   Energies (kJ/mol)
           Bond            U-B    Proper Dih.  Improper Dih.      CMAP Dih.
    1.61861e+03    1.65692e+04    1.40384e+04    7.17397e+02    1.08627e+02
          LJ-14     Coulomb-14        LJ (SR)   Coulomb (SR)      Potential
    3.97957e+03    4.02869e+04   -4.34002e+03   -6.21205e+04    1.08581e+04
 Pressure (bar)
    3.90925e+02

           Step           Time
            236      236.00000

           Step           Time
            237      237.00000

   Energies (kJ/mol)
           Bond            U-B    Proper Dih.  Improper Dih.      CMAP Dih.
    1.58554e+03    1.65295e+04    1.40374e+04    7.25261e+02    1.03864e+02
          LJ-14     Coulomb-14        LJ (SR)   Coulomb (SR)      Potential
    3.97455e+03    4.02869e+04   -4.34313e+03   -6.21236e+04    1.07762e+04
 Pressure (bar)
    3.89048e+02

           Step           Time
            238      238.00000

   Energies (kJ/mol)
           Bond            U-B    Proper Dih.  Improper Dih.      CMAP Dih.
    1.64581e+03    1.64646e+04    1.40278e+04    7.13449e+02    1.06871e+02
          LJ-14     Coulomb-14        LJ (SR)   Coulomb (SR)      Potential
    3.96647e+03    4.02801e+04   -4.35087e+03   -6.21324e+04    1.07218e+04
 Pressure (bar)
    3.90101e+02

           Step           Time
            239      239.00000

   Energies (kJ/mol)
           Bond            U-B    Proper Dih.  Improper Dih.      CMAP Dih.
    1.59453e+03    1.64255e+04    1.40281e+04    7.25221e+02    1.00643e+02
          LJ-14     Coulomb-14        LJ (SR)   Coulomb (SR)      Potential
    3.96147e+03    4.02815e+04   -4.35360e+03   -6.21349e+04    1.06285e+04
 Pressure (bar)
    3.87411e+02

           Step           Time
            240      240.00000

           Step           Time
            241      241.00000

   Energies (kJ/mol)
           Bond            U-B    Proper Dih.  Improper Dih.      CMAP Dih.
    1.57642e+03    1.63817e+04    1.40222e+04    7.15923e+02    1.02996e+02
          LJ-14     Coulomb-14        LJ (SR)   Coulomb (SR)      Potential
    3.95757e+03    4.02773e+04   -4.35823e+03   -6.21399e+04    1.05360e+04
 Pressure (bar)
    3.88537e+02

           Step           Time
            242      242.00000

   Energies (kJ/mol)
           Bond            U-B    Proper Dih.  Improper Dih.      CMAP Dih.
    1.59951e+03    1.63024e+04    1.40166e+04    7.25031e+02    9.71559e+01
          LJ-14     Coulomb-14        LJ (SR)   Coulomb (SR)      Potential
    3.94626e+03    4.02739e+04   -4.36572e+03   -6.21478e+04    1.04474e+04
 Pressure (bar)
    3.80835e+02

           Step           Time
            243      243.00000

   Energies (kJ/mol)
           Bond            U-B    Proper Dih.  Improper Dih.      CMAP Dih.
    1.58971e+03    1.62519e+04    1.40090e+04    7.11444e+02    1.00845e+02
          LJ-14     Coulomb-14        LJ (SR)   Coulomb (SR)      Potential
    3.94189e+03    4.02682e+04   -4.37146e+03   -6.21540e+04    1.03476e+04
 Pressure (bar)
    3.81673e+02

           Step           Time
            244      244.00000

   Energies (kJ/mol)
           Bond            U-B    Proper Dih.  Improper Dih.      CMAP Dih.
    1.62467e+03    1.62065e+04    1.40074e+04    7.25372e+02    9.42813e+01
          LJ-14     Coulomb-14        LJ (SR)   Coulomb (SR)      Potential
    3.93402e+03    4.02678e+04   -4.37547e+03   -6.21581e+04    1.03265e+04
 Pressure (bar)
    3.78058e+02

           Step           Time
            245      245.00000

   Energies (kJ/mol)
           Bond            U-B    Proper Dih.  Improper Dih.      CMAP Dih.
    1.62892e+03    1.61509e+04    1.39979e+04    7.06756e+02    9.97630e+01
          LJ-14     Coulomb-14        LJ (SR)   Coulomb (SR)      Potential
    3.92928e+03    4.02605e+04   -4.38223e+03   -6.21657e+04    1.02261e+04
 Pressure (bar)
    3.81761e+02

           Step           Time
            246      246.00000

           Step           Time
            247      247.00000

   Energies (kJ/mol)
           Bond            U-B    Proper Dih.  Improper Dih.      CMAP Dih.
    1.54889e+03    1.61135e+04    1.39978e+04    7.14602e+02    9.50363e+01
          LJ-14     Coulomb-14        LJ (SR)   Coulomb (SR)      Potential
    3.92562e+03    4.02614e+04   -4.38418e+03   -6.21670e+04    1.01057e+04
 Pressure (bar)
    3.79393e+02

           Step           Time
            248      248.00000

   Energies (kJ/mol)
           Bond            U-B    Proper Dih.  Improper Dih.      CMAP Dih.
    1.68185e+03    1.60105e+04    1.39824e+04    7.02595e+02    9.71648e+01
          LJ-14     Coulomb-14        LJ (SR)   Coulomb (SR)      Potential
    3.91103e+03    4.02490e+04   -4.39667e+03   -6.21819e+04    1.00560e+04
 Pressure (bar)
    3.75033e+02

           Step           Time
            249      249.00000

   Energies (kJ/mol)
           Bond            U-B    Proper Dih.  Improper Dih.      CMAP Dih.
    1.55008e+03    1.59638e+04    1.39836e+04    7.14197e+02    9.08018e+01
          LJ-14     Coulomb-14        LJ (SR)   Coulomb (SR)      Potential
    3.90703e+03    4.02515e+04   -4.39868e+03   -6.21825e+04    9.87971e+03
 Pressure (bar)
    3.73033e+02

           Step           Time
            250      250.00000

           Step           Time
            251      251.00000

   Energies (kJ/mol)
           Bond            U-B    Proper Dih.  Improper Dih.      CMAP Dih.
    1.56814e+03    1.59161e+04    1.39760e+04    7.04256e+02    9.34486e+01
          LJ-14     Coulomb-14        LJ (SR)   Coulomb (SR)      Potential
    3.90182e+03    4.02457e+04   -4.40429e+03   -6.21891e+04    9.81207e+03
 Pressure (bar)
    3.75522e+02

           Step           Time
            252      252.00000

   Energies (kJ/mol)
           Bond            U-B    Proper Dih.  Improper Dih.      CMAP Dih.
    1.56003e+03    1.58742e+04    1.39746e+04    7.14052e+02    8.83492e+01
          LJ-14     Coulomb-14        LJ (SR)   Coulomb (SR)      Potential
    3.89588e+03    4.02454e+04   -4.40758e+03   -6.21918e+04    9.75317e+03
 Pressure (bar)
    3.70016e+02

           Step           Time
            253      253.00000

   Energies (kJ/mol)
           Bond            U-B    Proper Dih.  Improper Dih.      CMAP Dih.
    1.59988e+03    1.58265e+04    1.39655e+04    7.00189e+02    9.26179e+01
          LJ-14     Coulomb-14        LJ (SR)   Coulomb (SR)      Potential
    3.89072e+03    4.02385e+04   -4.41363e+03   -6.21994e+04    9.70098e+03
 Pressure (bar)
    3.72306e+02

           Step           Time
            254      254.00000

   Energies (kJ/mol)
           Bond            U-B    Proper Dih.  Improper Dih.      CMAP Dih.
    1.59087e+03    1.57896e+04    1.39661e+04    7.15104e+02    8.57679e+01
          LJ-14     Coulomb-14        LJ (SR)   Coulomb (SR)      Potential
    3.88503e+03    4.02392e+04   -4.41628e+03   -6.22009e+04    9.65444e+03
 Pressure (bar)
    3.65805e+02

           Step           Time
            255      255.00000

   Energies (kJ/mol)
           Bond            U-B    Proper Dih.  Improper Dih.      CMAP Dih.
    1.67185e+03    1.57459e+04    1.39552e+04    6.95997e+02    9.21618e+01
          LJ-14     Coulomb-14        LJ (SR)   Coulomb (SR)      Potential
    3.88001e+03    4.02309e+04   -4.42268e+03   -6.22097e+04    9.63957e+03
 Pressure (bar)
    3.71521e+02

           Step           Time
            256      256.00000

   Energies (kJ/mol)
           Bond            U-B    Proper Dih.  Improper Dih.      CMAP Dih.
    1.66388e+03    1.57159e+04    1.39583e+04    7.17622e+02    8.30715e+01
          LJ-14     Coulomb-14        LJ (SR)   Coulomb (SR)      Potential
    3.87455e+03    4.02334e+04   -4.42458e+03   -6.22094e+04    9.61282e+03
 Pressure (bar)
    3.64091e+02

           Step           Time
            257      257.00000

           Step           Time
            258      258.00000

   Energies (kJ/mol)
           Bond            U-B    Proper Dih.  Improper Dih.      CMAP Dih.
    1.52185e+03    1.56503e+04    1.39502e+04    7.00489e+02    8.70082e+01
          LJ-14     Coulomb-14        LJ (SR)   Coulomb (SR)      Potential
    3.87170e+03    4.02284e+04   -4.42989e+03   -6.22154e+04    9.36462e+03
 Pressure (bar)
    3.68843e+02

           Step           Time
            259      259.00000

   Energies (kJ/mol)
           Bond            U-B    Proper Dih.  Improper Dih.      CMAP Dih.
    1.69863e+03    1.55166e+04    1.39379e+04    7.22787e+02    7.71823e+01
          LJ-14     Coulomb-14        LJ (SR)   Coulomb (SR)      Potential
    3.84966e+03    4.02188e+04   -4.44287e+03   -6.22313e+04    9.34740e+03
 Pressure (bar)
    3.55198e+02

           Step           Time
            260      260.00000

   Energies (kJ/mol)
           Bond            U-B    Proper Dih.  Improper Dih.      CMAP Dih.
    1.54698e+03    1.54381e+04    1.39269e+04    6.94372e+02    8.29794e+01
          LJ-14     Coulomb-14        LJ (SR)   Coulomb (SR)      Potential
    3.84652e+03    4.02111e+04   -4.45055e+03   -6.22388e+04    9.05764e+03
 Pressure (bar)
    3.66324e+02

           Step           Time
            261      261.00000

           Step           Time
            262      262.00000

   Energies (kJ/mol)
           Bond            U-B    Proper Dih.  Improper Dih.      CMAP Dih.
    1.52691e+03    1.53996e+04    1.39261e+04    7.05159e+02    7.76081e+01
          LJ-14     Coulomb-14        LJ (SR)   Coulomb (SR)      Potential
    3.84159e+03    4.02114e+04   -4.45291e+03   -6.22411e+04    8.99443e+03
 Pressure (bar)
    3.61409e+02

           Step           Time
            263      263.00000

   Energies (kJ/mol)
           Bond            U-B    Proper Dih.  Improper Dih.      CMAP Dih.
    1.58751e+03    1.53543e+04    1.39164e+04    6.90904e+02    8.19143e+01
          LJ-14     Coulomb-14        LJ (SR)   Coulomb (SR)      Potential
    3.83627e+03    4.02031e+04   -4.45968e+03   -6.22487e+04    8.96194e+03
 Pressure (bar)
    3.61680e+02

           Step           Time
            264      264.00000

   Energies (kJ/mol)
           Bond            U-B    Proper Dih.  Improper Dih.      CMAP Dih.
    1.56042e+03    1.53183e+04    1.39172e+04    7.06606e+02    7.49858e+01
          LJ-14     Coulomb-14        LJ (SR)   Coulomb (SR)      Potential
    3.83147e+03    4.02050e+04   -4.46093e+03   -6.22501e+04    8.90295e+03
 Pressure (bar)
    3.55364e+02

           Step           Time
            265      265.00000

           Step           Time
            266      266.00000

   Energies (kJ/mol)
           Bond            U-B    Proper Dih.  Improper Dih.      CMAP Dih.
    1.49667e+03    1.52731e+04    1.39106e+04    6.94574e+02    7.78370e+01
          LJ-14     Coulomb-14        LJ (SR)   Coulomb (SR)      Potential
    3.82870e+03    4.02001e+04   -4.46564e+03   -6.22551e+04    8.76088e+03
 Pressure (bar)
    3.59253e+02

           Step           Time
            267      267.00000

   Energies (kJ/mol)
           Bond            U-B    Proper Dih.  Improper Dih.      CMAP Dih.
    1.58037e+03    1.51590e+04    1.38993e+04    7.07575e+02    7.09606e+01
          LJ-14     Coulomb-14        LJ (SR)   Coulomb (SR)      Potential
    3.81231e+03    4.01921e+04   -4.47620e+03   -6.22681e+04    8.67738e+03
 Pressure (bar)
    3.50174e+02

           Step           Time
            268      268.00000

   Energies (kJ/mol)
           Bond            U-B    Proper Dih.  Improper Dih.      CMAP Dih.
    1.51161e+03    1.51044e+04    1.38905e+04    6.89017e+02    7.54751e+01
          LJ-14     Coulomb-14        LJ (SR)   Coulomb (SR)      Potential
    3.80935e+03    4.01852e+04   -4.48240e+03   -6.22750e+04    8.50807e+03
 Pressure (bar)
    3.59626e+02

           Step           Time
            269      269.00000

           Step           Time
            270      270.00000

   Energies (kJ/mol)
           Bond            U-B    Proper Dih.  Improper Dih.      CMAP Dih.
    1.48859e+03    1.50669e+04    1.38886e+04    6.96763e+02    7.14569e+01
          LJ-14     Coulomb-14        LJ (SR)   Coulomb (SR)      Potential
    3.80492e+03    4.01846e+04   -4.48435e+03   -6.22767e+04    8.44081e+03
 Pressure (bar)
    3.54166e+02

           Step           Time
            271      271.00000

   Energies (kJ/mol)
           Bond            U-B    Proper Dih.  Improper Dih.      CMAP Dih.
    1.53742e+03    1.50195e+04    1.38794e+04    6.85978e+02    7.45578e+01
          LJ-14     Coulomb-14        LJ (SR)   Coulomb (SR)      Potential
    3.79938e+03    4.01760e+04   -4.49128e+03   -6.22851e+04    8.39582e+03
 Pressure (bar)
    3.55233e+02

           Step           Time
            272      272.00000

   Energies (kJ/mol)
           Bond            U-B    Proper Dih.  Improper Dih.      CMAP Dih.
    1.50304e+03    1.49820e+04    1.38787e+04    6.97471e+02    6.93151e+01
          LJ-14     Coulomb-14        LJ (SR)   Coulomb (SR)      Potential
    3.79488e+03    4.01766e+04   -4.49232e+03   -6.22857e+04    8.32397e+03
 Pressure (bar)
    3.51731e+02

           Step           Time
            273      273.00000

   Energies (kJ/mol)
           Bond            U-B    Proper Dih.  Improper Dih.      CMAP Dih.
    1.59222e+03    1.49421e+04    1.38682e+04    6.82635e+02    7.42620e+01
          LJ-14     Coulomb-14        LJ (SR)   Coulomb (SR)      Potential
    3.78961e+03    4.01667e+04   -4.49956e+03   -6.22954e+04    8.32075e+03
 Pressure (bar)
    3.53841e+02

           Step           Time
            274      274.00000

   Energies (kJ/mol)
           Bond            U-B    Proper Dih.  Improper Dih.      CMAP Dih.
    1.54594e+03    1.49046e+04    1.38693e+04    6.99426e+02    6.71677e+01
          LJ-14     Coulomb-14        LJ (SR)   Coulomb (SR)      Potential
    3.78505e+03    4.01691e+04   -4.49967e+03   -6.22943e+04    8.24665e+03
 Pressure (bar)
    3.51371e+02

           Step           Time
            275      275.00000

           Step           Time
            276      276.00000

   Energies (kJ/mol)
           Bond            U-B    Proper Dih.  Improper Dih.      CMAP Dih.
    1.47462e+03    1.48583e+04    1.38623e+04    6.86533e+02    7.03742e+01
          LJ-14     Coulomb-14        LJ (SR)   Coulomb (SR)      Potential
    3.78232e+03    4.01637e+04   -4.50472e+03   -6.23005e+04    8.09298e+03
 Pressure (bar)
    3.53157e+02

           Step           Time
            277      277.00000

   Energies (kJ/mol)
           Bond            U-B    Proper Dih.  Improper Dih.      CMAP Dih.
    1.57954e+03    1.47773e+04    1.38538e+04    7.01805e+02    6.43410e+01
          LJ-14     Coulomb-14        LJ (SR)   Coulomb (SR)      Potential
    3.76913e+03    4.01565e+04   -4.51123e+03   -6.23083e+04    8.08293e+03
 Pressure (bar)
    3.45361e+02

           Step           Time
            278      278.00000

   Energies (kJ/mol)
           Bond            U-B    Proper Dih.  Improper Dih.      CMAP Dih.
    1.49914e+03    1.47222e+04    1.38444e+04    6.81791e+02    6.93137e+01
          LJ-14     Coulomb-14        LJ (SR)   Coulomb (SR)      Potential
    3.76636e+03    4.01499e+04   -4.51791e+03   -6.23161e+04    7.89921e+03
 Pressure (bar)
    3.51667e+02

           Step           Time
            279      279.00000

           Step           Time
            280      280.00000

   Energies (kJ/mol)
           Bond            U-B    Proper Dih.  Improper Dih.      CMAP Dih.
    1.46831e+03    1.46867e+04    1.38432e+04    6.90370e+02    6.51755e+01
          LJ-14     Coulomb-14        LJ (SR)   Coulomb (SR)      Potential
    3.76233e+03    4.01495e+04   -4.51933e+03   -6.23171e+04    7.82919e+03
 Pressure (bar)
    3.48197e+02

           Step           Time
            281      281.00000

   Energies (kJ/mol)
           Bond            U-B    Proper Dih.  Improper Dih.      CMAP Dih.
    1.53204e+03    1.46436e+04    1.38335e+04    6.79028e+02    6.88257e+01
          LJ-14     Coulomb-14        LJ (SR)   Coulomb (SR)      Potential
    3.75676e+03    4.01411e+04   -4.52602e+03   -6.23256e+04    7.80325e+03
 Pressure (bar)
    3.51066e+02

           Step           Time
            282      282.00000

   Energies (kJ/mol)
           Bond            U-B    Proper Dih.  Improper Dih.      CMAP Dih.
    1.48754e+03    1.46069e+04    1.38335e+04    6.91412e+02    6.32843e+01
          LJ-14     Coulomb-14        LJ (SR)   Coulomb (SR)      Potential
    3.75276e+03    4.01422e+04   -4.52660e+03   -6.23254e+04    7.72560e+03
 Pressure (bar)
    3.48212e+02

           Step           Time
            283      283.00000

           Step           Time
            284      284.00000

   Energies (kJ/mol)
           Bond            U-B    Proper Dih.  Improper Dih.      CMAP Dih.
    1.45643e+03    1.45717e+04    1.38277e+04    6.82105e+02    6.57498e+01
          LJ-14     Coulomb-14        LJ (SR)   Coulomb (SR)      Potential
    3.75003e+03    4.01376e+04   -4.53104e+03   -6.23307e+04    7.62957e+03
 Pressure (bar)
    3.51064e+02

           Step           Time
            285      285.00000

   Energies (kJ/mol)
           Bond            U-B    Proper Dih.  Improper Dih.      CMAP Dih.
    1.50569e+03    1.44997e+04    1.38205e+04    6.92339e+02    6.09497e+01
          LJ-14     Coulomb-14        LJ (SR)   Coulomb (SR)      Potential
    3.73970e+03    4.01315e+04   -4.53652e+03   -6.23366e+04    7.57717e+03
 Pressure (bar)
    3.41435e+02

           Step           Time
            286      286.00000

   Energies (kJ/mol)
           Bond            U-B    Proper Dih.  Improper Dih.      CMAP Dih.
    1.47270e+03    1.44588e+04    1.38127e+04    6.78295e+02    6.48052e+01
          LJ-14     Coulomb-14        LJ (SR)   Coulomb (SR)      Potential
    3.73691e+03    4.01258e+04   -4.54215e+03   -6.23434e+04    7.46446e+03
 Pressure (bar)
    3.48677e+02

           Step           Time
            287      287.00000

           Step           Time
            288      288.00000

   Energies (kJ/mol)
           Bond            U-B    Proper Dih.  Improper Dih.      CMAP Dih.
    1.44468e+03    1.44272e+04    1.38112e+04    6.84606e+02    6.14857e+01
          LJ-14     Coulomb-14        LJ (SR)   Coulomb (SR)      Potential
    3.73346e+03    4.01250e+04   -4.54333e+03   -6.23450e+04    7.39938e+03
 Pressure (bar)
    3.45470e+02

           Step           Time
            289      289.00000

   Energies (kJ/mol)
           Bond            U-B    Proper Dih.  Improper Dih.      CMAP Dih.
    1.49429e+03    1.43790e+04    1.38018e+04    6.75722e+02    6.38855e+01
          LJ-14     Coulomb-14        LJ (SR)   Coulomb (SR)      Potential
    3.72768e+03    4.01170e+04   -4.54990e+03   -6.23536e+04    7.35583e+03
 Pressure (bar)
    3.44816e+02

           Step           Time
            290      290.00000

   Energies (kJ/mol)
           Bond            U-B    Proper Dih.  Improper Dih.      CMAP Dih.
    1.45221e+03    1.43455e+04    1.38012e+04    6.84825e+02    5.95244e+01
          LJ-14     Coulomb-14        LJ (SR)   Coulomb (SR)      Potential
    3.72411e+03    4.01172e+04   -4.55068e+03   -6.23545e+04    7.27932e+03
 Pressure (bar)
    3.41710e+02

           Step           Time
            291      291.00000

           Step           Time
            292      292.00000

   Energies (kJ/mol)
           Bond            U-B    Proper Dih.  Improper Dih.      CMAP Dih.
    1.44176e+03    1.43151e+04    1.37959e+04    6.77842e+02    6.13058e+01
          LJ-14     Coulomb-14        LJ (SR)   Coulomb (SR)      Potential
    3.72151e+03    4.01133e+04   -4.55448e+03   -6.23595e+04    7.21284e+03
 Pressure (bar)
    3.44079e+02

           Step           Time
            293      293.00000

   Energies (kJ/mol)
           Bond            U-B    Proper Dih.  Improper Dih.      CMAP Dih.
    1.46056e+03    1.42583e+04    1.37904e+04    6.84896e+02    5.75532e+01
          LJ-14     Coulomb-14        LJ (SR)   Coulomb (SR)      Potential
    3.71412e+03    4.01088e+04   -4.55849e+03   -6.23653e+04    7.15084e+03
 Pressure (bar)
    3.37971e+02

           Step           Time
            294      294.00000

   Energies (kJ/mol)
           Bond            U-B    Proper Dih.  Improper Dih.      CMAP Dih.
    1.45341e+03    1.42242e+04    1.37837e+04    6.74529e+02    6.03572e+01
          LJ-14     Coulomb-14        LJ (SR)   Coulomb (SR)      Potential
    3.71136e+03    4.01039e+04   -4.56332e+03   -6.23712e+04    7.07697e+03
 Pressure (bar)
    3.42561e+02

           Step           Time
            295      295.00000

   Energies (kJ/mol)
           Bond            U-B    Proper Dih.  Improper Dih.      CMAP Dih.
    1.48341e+03    1.41875e+04    1.37812e+04    6.85641e+02    5.57783e+01
          LJ-14     Coulomb-14        LJ (SR)   Coulomb (SR)      Potential
    3.70564e+03    4.01018e+04   -4.56501e+03   -6.23741e+04    7.06185e+03
 Pressure (bar)
    3.33072e+02

           Step           Time
            296      296.00000

   Energies (kJ/mol)
           Bond            U-B    Proper Dih.  Improper Dih.      CMAP Dih.
    1.48642e+03    1.41520e+04    1.37729e+04    6.70841e+02    5.99519e+01
          LJ-14     Coulomb-14        LJ (SR)   Coulomb (SR)      Potential
    3.70285e+03    4.00953e+04   -4.57108e+03   -6.23813e+04    6.98798e+03
 Pressure (bar)
    3.38119e+02

           Step           Time
            297      297.00000

           Step           Time
            298      298.00000

   Energies (kJ/mol)
           Bond            U-B    Proper Dih.  Improper Dih.      CMAP Dih.
    1.42416e+03    1.41207e+04    1.37724e+04    6.77519e+02    5.63923e+01
          LJ-14     Coulomb-14        LJ (SR)   Coulomb (SR)      Potential
    3.70016e+03    4.00956e+04   -4.57172e+03   -6.23819e+04    6.89335e+03
 Pressure (bar)
    3.34522e+02

           Step           Time
            299      299.00000

   Energies (kJ/mol)
           Bond            U-B    Proper Dih.  Improper Dih.      CMAP Dih.
    1.52602e+03    1.40486e+04    1.37583e+04    6.67447e+02    5.82231e+01
          LJ-14     Coulomb-14        LJ (SR)   Coulomb (SR)      Potential
    3.69060e+03    4.00836e+04   -4.58222e+03   -6.23955e+04    6.85521e+03
 Pressure (bar)
    3.31501e+02

           Step           Time
            300      300.00000

   Energies (kJ/mol)
           Bond            U-B    Proper Dih.  Improper Dih.      CMAP Dih.
    1.42823e+03    1.40096e+04    1.37586e+04    6.77139e+02    5.34497e+01
          LJ-14     Coulomb-14        LJ (SR)   Coulomb (SR)      Potential
    3.68763e+03    4.00848e+04   -4.58239e+03   -6.23956e+04    6.72142e+03
 Pressure (bar)
    3.29667e+02

           Step           Time
            301      301.00000

           Step           Time
            302      302.00000

   Energies (kJ/mol)
           Bond            U-B    Proper Dih.  Improper Dih.      CMAP Dih.
    1.44154e+03    1.39775e+04    1.37521e+04    6.69392e+02    5.54120e+01
          LJ-14     Coulomb-14        LJ (SR)   Coulomb (SR)      Potential
    3.68429e+03    4.00799e+04   -4.58674e+03   -6.24022e+04    6.67119e+03
 Pressure (bar)
    3.30247e+02

           Step           Time
            303      303.00000

   Energies (kJ/mol)
           Bond            U-B    Proper Dih.  Improper Dih.      CMAP Dih.
    1.43832e+03    1.39448e+04    1.37502e+04    6.77451e+02    5.17714e+01
          LJ-14     Coulomb-14        LJ (SR)   Coulomb (SR)      Potential
    3.68016e+03    4.00785e+04   -4.58819e+03   -6.24047e+04    6.62836e+03
 Pressure (bar)
    3.24984e+02

           Step           Time
            304      304.00000

   Energies (kJ/mol)
           Bond            U-B    Proper Dih.  Improper Dih.      CMAP Dih.
    1.46802e+03    1.39148e+04    1.37425e+04    6.66388e+02    5.49354e+01
          LJ-14     Coulomb-14        LJ (SR)   Coulomb (SR)      Potential
    3.67686e+03    4.00730e+04   -4.59338e+03   -6.24123e+04    6.59084e+03
 Pressure (bar)
    3.29708e+02

           Step           Time
            305      305.00000

   Energies (kJ/mol)
           Bond            U-B    Proper Dih.  Improper Dih.      CMAP Dih.
    1.46353e+03    1.38849e+04    1.37422e+04    6.78284e+02    5.01315e+01
          LJ-14     Coulomb-14        LJ (SR)   Coulomb (SR)      Potential
    3.67277e+03    4.00722e+04   -4.59372e+03   -6.24131e+04    6.55723e+03
 Pressure (bar)
    3.22220e+02

           Step           Time
            306      306.00000

   Energies (kJ/mol)
           Bond            U-B    Proper Dih.  Improper Dih.      CMAP Dih.
    1.52583e+03    1.38607e+04    1.37331e+04    6.62756e+02    5.49589e+01
          LJ-14     Coulomb-14        LJ (SR)   Coulomb (SR)      Potential
    3.66987e+03    4.00660e+04   -4.59963e+03   -6.24215e+04    6.55201e+03
 Pressure (bar)
    3.24801e+02

           Step           Time
            307      307.00000

   Energies (kJ/mol)
           Bond            U-B    Proper Dih.  Improper Dih.      CMAP Dih.
    1.52354e+03    1.38343e+04    1.37347e+04    6.80345e+02    4.84870e+01
          LJ-14     Coulomb-14        LJ (SR)   Coulomb (SR)      Potential
    3.66563e+03    4.00663e+04   -4.59896e+03   -6.24210e+04    6.53330e+03
 Pressure (bar)
    3.20378e+02

           Step           Time
            308      308.00000

           Step           Time
            309      309.00000

   Energies (kJ/mol)
           Bond            U-B    Proper Dih.  Improper Dih.      CMAP Dih.
    1.41122e+03    1.37891e+04    1.37281e+04    6.66962e+02    5.11126e+01
          LJ-14     Coulomb-14        LJ (SR)   Coulomb (SR)      Potential
    3.66407e+03    4.00627e+04   -4.60356e+03   -6.24266e+04    6.34310e+03
 Pressure (bar)
    3.26414e+02

           Step           Time
            310      310.00000

           Step           Time
            311      311.00000

   Energies (kJ/mol)
           Bond            U-B    Proper Dih.  Improper Dih.      CMAP Dih.
    1.42907e+03    1.37319e+04    1.37218e+04    6.73658e+02    4.75052e+01
          LJ-14     Coulomb-14        LJ (SR)   Coulomb (SR)      Potential
    3.65667e+03    4.00577e+04   -4.60762e+03   -6.24337e+04    6.27705e+03
 Pressure (bar)
    3.17987e+02

           Step           Time
            312      312.00000

   Energies (kJ/mol)
           Bond            U-B    Proper Dih.  Improper Dih.      CMAP Dih.
    1.42002e+03    1.37046e+04    1.37158e+04    6.64480e+02    4.97549e+01
          LJ-14     Coulomb-14        LJ (SR)   Coulomb (SR)      Potential
    3.65454e+03    4.00536e+04   -4.61163e+03   -6.24392e+04    6.21196e+03
 Pressure (bar)
    3.23488e+02

           Step           Time
            313      313.00000

   Energies (kJ/mol)
           Bond            U-B    Proper Dih.  Improper Dih.      CMAP Dih.
    1.44461e+03    1.36702e+04    1.37131e+04    6.73840e+02    4.60340e+01
          LJ-14     Coulomb-14        LJ (SR)   Coulomb (SR)      Potential
    3.64950e+03    4.00521e+04   -4.61316e+03   -6.24432e+04    6.19295e+03
 Pressure (bar)
    3.13752e+02

           Step           Time
            314      314.00000

   Energies (kJ/mol)
           Bond            U-B    Proper Dih.  Improper Dih.      CMAP Dih.
    1.44289e+03    1.36409e+04    1.37058e+04    6.61355e+02    4.92731e+01
          LJ-14     Coulomb-14        LJ (SR)   Coulomb (SR)      Potential
    3.64730e+03    4.00469e+04   -4.61830e+03   -6.24499e+04    6.12624e+03
 Pressure (bar)
    3.19818e+02

           Step           Time
            315      315.00000

           Step           Time
            316      316.00000

   Energies (kJ/mol)
           Bond            U-B    Proper Dih.  Improper Dih.      CMAP Dih.
    1.39860e+03    1.36146e+04    1.37051e+04    6.67181e+02    4.64246e+01
          LJ-14     Coulomb-14        LJ (SR)   Coulomb (SR)      Potential
    3.64487e+03    4.00470e+04   -4.61871e+03   -6.24512e+04    6.05394e+03
 Pressure (bar)
    3.16582e+02

           Step           Time
            317      317.00000

   Energies (kJ/mol)
           Bond            U-B    Proper Dih.  Improper Dih.      CMAP Dih.
    1.46451e+03    1.35585e+04    1.36930e+04    6.58609e+02    4.79682e+01
          LJ-14     Coulomb-14        LJ (SR)   Coulomb (SR)      Potential
    3.63786e+03    4.00386e+04   -4.62620e+03   -6.24623e+04    6.01050e+03
 Pressure (bar)
    3.18084e+02

           Step           Time
            318      318.00000

   Energies (kJ/mol)
           Bond            U-B    Proper Dih.  Improper Dih.      CMAP Dih.
    1.40173e+03    1.35269e+04    1.36928e+04    6.66662e+02    4.42315e+01
          LJ-14     Coulomb-14        LJ (SR)   Coulomb (SR)      Potential
    3.63520e+03    4.00393e+04   -4.62623e+03   -6.24639e+04    5.91670e+03
 Pressure (bar)
    3.12639e+02

           Step           Time
            319      319.00000

           Step           Time
            320      320.00000

   Energies (kJ/mol)
           Bond            U-B    Proper Dih.  Improper Dih.      CMAP Dih.
    1.40681e+03    1.35012e+04    1.36872e+04    6.60201e+02    4.55705e+01
          LJ-14     Coulomb-14        LJ (SR)   Coulomb (SR)      Potential
    3.63278e+03    4.00348e+04   -4.62971e+03   -6.24687e+04    5.87018e+03
 Pressure (bar)
    3.17476e+02

           Step           Time
            321      321.00000

   Energies (kJ/mol)
           Bond            U-B    Proper Dih.  Improper Dih.      CMAP Dih.
    1.40743e+03    1.34698e+04    1.36845e+04    6.66323e+02    4.27883e+01
          LJ-14     Coulomb-14        LJ (SR)   Coulomb (SR)      Potential
    3.62890e+03    4.00343e+04   -4.63114e+03   -6.24726e+04    5.83016e+03
 Pressure (bar)
    3.10717e+02

           Step           Time
            322      322.00000

   Energies (kJ/mol)
           Bond            U-B    Proper Dih.  Improper Dih.      CMAP Dih.
    1.42000e+03    1.34443e+04    1.36777e+04    6.57609e+02    4.49658e+01
          LJ-14     Coulomb-14        LJ (SR)   Coulomb (SR)      Potential
    3.62647e+03    4.00293e+04   -4.63506e+03   -6.24783e+04    5.78693e+03
 Pressure (bar)
    3.15125e+02

           Step           Time
            323      323.00000

   Energies (kJ/mol)
           Bond            U-B    Proper Dih.  Improper Dih.      CMAP Dih.
    1.42335e+03    1.34161e+04    1.36762e+04    6.66669e+02    4.12788e+01
          LJ-14     Coulomb-14        LJ (SR)   Coulomb (SR)      Potential
    3.62274e+03    4.00296e+04   -4.63528e+03   -6.24821e+04    5.75855e+03
 Pressure (bar)
    3.06078e+02

           Step           Time
            324      324.00000

   Energies (kJ/mol)
           Bond            U-B    Proper Dih.  Improper Dih.      CMAP Dih.
    1.45052e+03    1.33925e+04    1.36682e+04    6.54497e+02    4.46611e+01
          LJ-14     Coulomb-14        LJ (SR)   Coulomb (SR)      Potential
    3.62050e+03    4.00240e+04   -4.63963e+03   -6.24887e+04    5.72654e+03
 Pressure (bar)
    3.13199e+02

           Step           Time
            325      325.00000

   Energies (kJ/mol)
           Bond            U-B    Proper Dih.  Improper Dih.      CMAP Dih.
    1.46092e+03    1.33677e+04    1.36683e+04    6.68017e+02    3.97172e+01
          LJ-14     Coulomb-14        LJ (SR)   Coulomb (SR)      Potential
    3.61675e+03    4.00254e+04   -4.63896e+03   -6.24917e+04    5.71608e+03
 Pressure (bar)
    3.04130e+02

           Step           Time
            326      326.00000

   Energies (kJ/mol)
           Bond            U-B    Proper Dih.  Improper Dih.      CMAP Dih.
    1.51589e+03    1.33495e+04    1.36586e+04    6.50947e+02    4.48836e+01
          LJ-14     Coulomb-14        LJ (SR)   Coulomb (SR)      Potential
    3.61474e+03    4.00187e+04   -4.64411e+03   -6.24988e+04    5.71039e+03
 Pressure (bar)
    3.10089e+02

           Step           Time
            327      327.00000

           Step           Time
            328      328.00000

   Energies (kJ/mol)
           Bond            U-B    Proper Dih.  Improper Dih.      CMAP Dih.
    1.38228e+03    1.33065e+04    1.36589e+04    6.58588e+02    4.05714e+01
          LJ-14     Coulomb-14        LJ (SR)   Coulomb (SR)      Potential
    3.61252e+03    4.00204e+04   -4.64425e+03   -6.25004e+04    5.53504e+03
 Pressure (bar)
    3.08346e+02

           Step           Time
            329      329.00000

   Energies (kJ/mol)
           Bond            U-B    Proper Dih.  Improper Dih.      CMAP Dih.
    1.59653e+03    1.31848e+04    1.36290e+04    6.47529e+02    4.09107e+01
          LJ-14     Coulomb-14        LJ (SR)   Coulomb (SR)      Potential
    3.59533e+03    4.00018e+04   -4.65710e+03   -6.25284e+04    5.51042e+03
 Pressure (bar)
    2.94418e+02

           Step           Time
            330      330.00000

   Energies (kJ/mol)
           Bond            U-B    Proper Dih.  Improper Dih.      CMAP Dih.
    1.38732e+03    1.31250e+04    1.36298e+04    6.58416e+02    3.55438e+01
          LJ-14     Coulomb-14        LJ (SR)   Coulomb (SR)      Potential
    3.59287e+03    4.00055e+04   -4.65712e+03   -6.25302e+04    5.24707e+03
 Pressure (bar)
    2.97821e+02

           Step           Time
            331      331.00000

           Step           Time
            332      332.00000

   Energies (kJ/mol)
           Bond            U-B    Proper Dih.  Improper Dih.      CMAP Dih.
    1.42977e+03    1.31023e+04    1.36211e+04    6.48263e+02    3.83515e+01
          LJ-14     Coulomb-14        LJ (SR)   Coulomb (SR)      Potential
    3.59017e+03    4.00018e+04   -4.66145e+03   -6.25373e+04    5.23307e+03
 Pressure (bar)
    2.97688e+02

           Step           Time
            333      333.00000

   Energies (kJ/mol)
           Bond            U-B    Proper Dih.  Improper Dih.      CMAP Dih.
    1.40433e+03    1.30725e+04    1.36203e+04    6.58063e+02    3.43346e+01
          LJ-14     Coulomb-14        LJ (SR)   Coulomb (SR)      Potential
    3.58737e+03    4.00028e+04   -4.66189e+03   -6.25398e+04    5.17788e+03
 Pressure (bar)
    2.95743e+02

           Step           Time
            334      334.00000

           Step           Time
            335      335.00000

   Energies (kJ/mol)
           Bond            U-B    Proper Dih.  Improper Dih.      CMAP Dih.
    1.37510e+03    1.30508e+04    1.36151e+04    6.50527e+02    3.59048e+01
          LJ-14     Coulomb-14        LJ (SR)   Coulomb (SR)      Potential
    3.58610e+03    4.00005e+04   -4.66466e+03   -6.25436e+04    5.10570e+03
 Pressure (bar)
    2.99515e+02

           Step           Time
            336      336.00000

   Energies (kJ/mol)
           Bond            U-B    Proper Dih.  Improper Dih.      CMAP Dih.
    1.41682e+03    1.29997e+04    1.36065e+04    6.57910e+02    3.26069e+01
          LJ-14     Coulomb-14        LJ (SR)   Coulomb (SR)      Potential
    3.57969e+03    3.99986e+04   -4.66815e+03   -6.25528e+04    5.07082e+03
 Pressure (bar)
    2.91776e+02

           Step           Time
            337      337.00000

   Energies (kJ/mol)
           Bond            U-B    Proper Dih.  Improper Dih.      CMAP Dih.
    1.38572e+03    1.29750e+04    1.35996e+04    6.47260e+02    3.50035e+01
          LJ-14     Coulomb-14        LJ (SR)   Coulomb (SR)      Potential
    3.57830e+03    3.99952e+04   -4.67201e+03   -6.25572e+04    4.98688e+03
 Pressure (bar)
    2.94982e+02

           Step           Time
            338      338.00000

           Step           Time
            339      339.00000

   Energies (kJ/mol)
           Bond            U-B    Proper Dih.  Improper Dih.      CMAP Dih.
    1.37021e+03    1.29509e+04    1.35972e+04    6.52039e+02    3.27386e+01
          LJ-14     Coulomb-14        LJ (SR)   Coulomb (SR)      Potential
    3.57588e+03    3.99951e+04   -4.67296e+03   -6.25601e+04    4.94096e+03
 Pressure (bar)
    2.90921e+02

           Step           Time
            340      340.00000

   Energies (kJ/mol)
           Bond            U-B    Proper Dih.  Improper Dih.      CMAP Dih.
    1.39841e+03    1.29229e+04    1.35880e+04    6.44859e+02    3.42802e+01
          LJ-14     Coulomb-14        LJ (SR)   Coulomb (SR)      Potential
    3.57278e+03    3.99909e+04   -4.67724e+03   -6.25668e+04    4.90807e+03
 Pressure (bar)
    2.95192e+02

           Step           Time
            341      341.00000

   Energies (kJ/mol)
           Bond            U-B    Proper Dih.  Improper Dih.      CMAP Dih.
    1.37697e+03    1.28960e+04    1.35859e+04    6.52067e+02    3.12537e+01
          LJ-14     Coulomb-14        LJ (SR)   Coulomb (SR)      Potential
    3.57006e+03    3.99913e+04   -4.67792e+03   -6.25693e+04    4.85628e+03
 Pressure (bar)
    2.88972e+02

           Step           Time
            342      342.00000

   Energies (kJ/mol)
           Bond            U-B    Proper Dih.  Improper Dih.      CMAP Dih.
    1.42579e+03    1.28752e+04    1.35759e+04    6.42167e+02    3.40068e+01
          LJ-14     Coulomb-14        LJ (SR)   Coulomb (SR)      Potential
    3.56757e+03    3.99866e+04   -4.68270e+03   -6.25757e+04    4.84895e+03
 Pressure (bar)
    2.94220e+02

           Step           Time
            343      343.00000

   Energies (kJ/mol)
           Bond            U-B    Proper Dih.  Improper Dih.      CMAP Dih.
    1.39801e+03    1.28458e+04    1.35745e+04    6.52962e+02    2.98314e+01
          LJ-14     Coulomb-14        LJ (SR)   Coulomb (SR)      Potential
    3.56456e+03    3.99879e+04   -4.68258e+03   -6.25784e+04    4.79266e+03
 Pressure (bar)
    2.87813e+02

           Step           Time
            344      344.00000

           Step           Time
            345      345.00000

   Energies (kJ/mol)
           Bond            U-B    Proper Dih.  Improper Dih.      CMAP Dih.
    1.36475e+03    1.28234e+04    1.35686e+04    6.44974e+02    3.15002e+01
          LJ-14     Coulomb-14        LJ (SR)   Coulomb (SR)      Potential
    3.56346e+03    3.99852e+04   -4.68589e+03   -6.25820e+04    4.71405e+03
 Pressure (bar)
    2.90274e+02

           Step           Time
            346      346.00000

   Energies (kJ/mol)
           Bond            U-B    Proper Dih.  Improper Dih.      CMAP Dih.
    1.41463e+03    1.27745e+04    1.35577e+04    6.53472e+02    2.80480e+01
          LJ-14     Coulomb-14        LJ (SR)   Coulomb (SR)      Potential
    3.55703e+03    3.99830e+04   -4.68971e+03   -6.25906e+04    4.68799e+03
 Pressure (bar)
    2.83793e+02

           Step           Time
            347      347.00000

   Energies (kJ/mol)
           Bond            U-B    Proper Dih.  Improper Dih.      CMAP Dih.
    1.37747e+03    1.27493e+04    1.35497e+04    6.41888e+02    3.06126e+01
          LJ-14     Coulomb-14        LJ (SR)   Coulomb (SR)      Potential
    3.55584e+03    3.99796e+04   -4.69380e+03   -6.25951e+04    4.59554e+03
 Pressure (bar)
    2.89152e+02

           Step           Time
            348      348.00000

           Step           Time
            349      349.00000

   Energies (kJ/mol)
           Bond            U-B    Proper Dih.  Improper Dih.      CMAP Dih.
    1.36166e+03    1.27246e+04    1.35463e+04    6.47321e+02    2.83460e+01
          LJ-14     Coulomb-14        LJ (SR)   Coulomb (SR)      Potential
    3.55344e+03    3.99798e+04   -4.69467e+03   -6.25983e+04    4.54848e+03
 Pressure (bar)
    2.85796e+02

           Step           Time
            350      350.00000

   Energies (kJ/mol)
           Bond            U-B    Proper Dih.  Improper Dih.      CMAP Dih.
    1.39207e+03    1.26991e+04    1.35354e+04    6.39747e+02    3.01377e+01
          LJ-14     Coulomb-14        LJ (SR)   Coulomb (SR)      Potential
    3.55042e+03    3.99760e+04   -4.69916e+03   -6.26047e+04    4.51911e+03
 Pressure (bar)
    2.89662e+02

           Step           Time
            351      351.00000

   Energies (kJ/mol)
           Bond            U-B    Proper Dih.  Improper Dih.      CMAP Dih.
    1.37061e+03    1.26715e+04    1.35323e+04    6.47668e+02    2.71054e+01
          LJ-14     Coulomb-14        LJ (SR)   Coulomb (SR)      Potential
    3.54786e+03    3.99771e+04   -4.69983e+03   -6.26083e+04    4.46593e+03
 Pressure (bar)
    2.85615e+02

           Step           Time
            352      352.00000

   Energies (kJ/mol)
           Bond            U-B    Proper Dih.  Improper Dih.      CMAP Dih.
    1.42271e+03    1.26530e+04    1.35206e+04    6.37557e+02    2.98963e+01
          LJ-14     Coulomb-14        LJ (SR)   Coulomb (SR)      Potential
    3.54521e+03    3.99733e+04   -4.70482e+03   -6.26146e+04    4.46291e+03
 Pressure (bar)
    2.84946e+02

           Step           Time
            353      353.00000

   Energies (kJ/mol)
           Bond            U-B    Proper Dih.  Improper Dih.      CMAP Dih.
    1.39630e+03    1.26228e+04    1.35178e+04    6.48988e+02    2.57533e+01
          LJ-14     Coulomb-14        LJ (SR)   Coulomb (SR)      Potential
    3.54254e+03    3.99751e+04   -4.70497e+03   -6.26179e+04    4.40653e+03
 Pressure (bar)
    2.80920e+02

           Step           Time
            354      354.00000

           Step           Time
            355      355.00000

   Energies (kJ/mol)
           Bond            U-B    Proper Dih.  Improper Dih.      CMAP Dih.
    1.35496e+03    1.26001e+04    1.35110e+04    6.40582e+02    2.73129e+01
          LJ-14     Coulomb-14        LJ (SR)   Coulomb (SR)      Potential
    3.54120e+03    3.99729e+04   -4.70818e+03   -6.26217e+04    4.31811e+03
 Pressure (bar)
    2.84250e+02

           Step           Time
            356      356.00000

   Energies (kJ/mol)
           Bond            U-B    Proper Dih.  Improper Dih.      CMAP Dih.
    1.38751e+03    1.25560e+04    1.34984e+04    6.47917e+02    2.43580e+01
          LJ-14     Coulomb-14        LJ (SR)   Coulomb (SR)      Potential
    3.53582e+03    3.99720e+04   -4.71213e+03   -6.26302e+04    4.27964e+03
 Pressure (bar)
    2.78407e+02

           Step           Time
            357      357.00000

   Energies (kJ/mol)
           Bond            U-B    Proper Dih.  Improper Dih.      CMAP Dih.
    1.39317e+03    1.25368e+04    1.34882e+04    6.36510e+02    2.70735e+01
          LJ-14     Coulomb-14        LJ (SR)   Coulomb (SR)      Potential
    3.53381e+03    3.99690e+04   -4.71627e+03   -6.26353e+04    4.23302e+03
 Pressure (bar)
    2.78308e+02

           Step           Time
            358      358.00000

           Step           Time
            359      359.00000

   Energies (kJ/mol)
           Bond            U-B    Proper Dih.  Improper Dih.      CMAP Dih.
    1.34652e+03    1.25107e+04    1.34855e+04    6.41908e+02    2.45703e+01
          LJ-14     Coulomb-14        LJ (SR)   Coulomb (SR)      Potential
    3.53205e+03    3.99699e+04   -4.71703e+03   -6.26379e+04    4.15618e+03
 Pressure (bar)
    2.77046e+02

           Step           Time
            360      360.00000

   Energies (kJ/mol)
           Bond            U-B    Proper Dih.  Improper Dih.      CMAP Dih.
    1.36073e+03    1.24727e+04    1.34715e+04    6.37453e+02    2.47661e+01
          LJ-14     Coulomb-14        LJ (SR)   Coulomb (SR)      Potential
    3.52773e+03    3.99675e+04   -4.72188e+03   -6.26460e+04    4.09463e+03
 Pressure (bar)
    2.77077e+02

           Step           Time
            361      361.00000

   Energies (kJ/mol)
           Bond            U-B    Proper Dih.  Improper Dih.      CMAP Dih.
    1.39348e+03    1.24437e+04    1.34636e+04    6.46255e+02    2.19577e+01
          LJ-14     Coulomb-14        LJ (SR)   Coulomb (SR)      Potential
    3.52376e+03    3.99681e+04   -4.72377e+03   -6.26515e+04    4.08572e+03
 Pressure (bar)
    2.72173e+02

           Step           Time
            362      362.00000

   Energies (kJ/mol)
           Bond            U-B    Proper Dih.  Improper Dih.      CMAP Dih.
    1.38427e+03    1.24229e+04    1.34539e+04    6.34697e+02    2.43928e+01
          LJ-14     Coulomb-14        LJ (SR)   Coulomb (SR)      Potential
    3.52177e+03    3.99648e+04   -4.72804e+03   -6.26564e+04    4.02227e+03
 Pressure (bar)
    2.73957e+02

           Step           Time
            363      363.00000

           Step           Time
            364      364.00000

   Energies (kJ/mol)
           Bond            U-B    Proper Dih.  Improper Dih.      CMAP Dih.
    1.34323e+03    1.23971e+04    1.34509e+04    6.40442e+02    2.19101e+01
          LJ-14     Coulomb-14        LJ (SR)   Coulomb (SR)      Potential
    3.51990e+03    3.99658e+04   -4.72876e+03   -6.26590e+04    3.95152e+03
 Pressure (bar)
    2.71135e+02

           Step           Time
            365      365.00000

   Energies (kJ/mol)
           Bond            U-B    Proper Dih.  Improper Dih.      CMAP Dih.
    1.38074e+03    1.23618e+04    1.34360e+04    6.34068e+02    2.29033e+01
          LJ-14     Coulomb-14        LJ (SR)   Coulomb (SR)      Potential
    3.51507e+03    3.99627e+04   -4.73435e+03   -6.26680e+04    3.91091e+03
 Pressure (bar)
    2.74387e+02

           Step           Time
            366      366.00000

   Energies (kJ/mol)
           Bond            U-B    Proper Dih.  Improper Dih.      CMAP Dih.
    1.36784e+03    1.23351e+04    1.34321e+04    6.43027e+02    1.98319e+01
          LJ-14     Coulomb-14        LJ (SR)   Coulomb (SR)      Potential
    3.51220e+03    3.99638e+04   -4.73511e+03   -6.26709e+04    3.86779e+03
 Pressure (bar)
    2.71657e+02

           Step           Time
            367      367.00000

   Energies (kJ/mol)
           Bond            U-B    Proper Dih.  Improper Dih.      CMAP Dih.
    1.41809e+03    1.23198e+04    1.34213e+04    6.31844e+02    2.25712e+01
          LJ-14     Coulomb-14        LJ (SR)   Coulomb (SR)      Potential
    3.50940e+03    3.99602e+04   -4.73977e+03   -6.26775e+04    3.86603e+03
 Pressure (bar)
    2.73348e+02

           Step           Time
            368      368.00000

   Energies (kJ/mol)
           Bond            U-B    Proper Dih.  Improper Dih.      CMAP Dih.
    1.40690e+03    1.22920e+04    1.34189e+04    6.44980e+02    1.84329e+01
          LJ-14     Coulomb-14        LJ (SR)   Coulomb (SR)      Potential
    3.50624e+03    3.99620e+04   -4.73993e+03   -6.26795e+04    3.83000e+03
 Pressure (bar)
    2.65690e+02

           Step           Time
            369      369.00000

           Step           Time
            370      370.00000

   Energies (kJ/mol)
           Bond            U-B    Proper Dih.  Improper Dih.      CMAP Dih.
    1.33928e+03    1.22647e+04    1.34126e+04    6.35378e+02    1.98625e+01
          LJ-14     Coulomb-14        LJ (SR)   Coulomb (SR)      Potential
    3.50485e+03    3.99597e+04   -4.74316e+03   -6.26838e+04    3.70937e+03
 Pressure (bar)
    2.68621e+02

           Step           Time
            371      371.00000

   Energies (kJ/mol)
           Bond            U-B    Proper Dih.  Improper Dih.      CMAP Dih.
    1.38858e+03    1.22100e+04    1.33992e+04    6.43838e+02    1.64999e+01
          LJ-14     Coulomb-14        LJ (SR)   Coulomb (SR)      Potential
    3.49697e+03    3.99593e+04   -4.74794e+03   -6.26948e+04    3.67157e+03
 Pressure (bar)
    2.63002e+02

           Step           Time
            372      372.00000

   Energies (kJ/mol)
           Bond            U-B    Proper Dih.  Improper Dih.      CMAP Dih.
    1.38999e+03    1.21919e+04    1.33907e+04    6.30946e+02    1.92969e+01
          LJ-14     Coulomb-14        LJ (SR)   Coulomb (SR)      Potential
    3.49461e+03    3.99552e+04   -4.75189e+03   -6.27008e+04    3.62006e+03
 Pressure (bar)
    2.65079e+02

           Step           Time
            373      373.00000

           Step           Time
            374      374.00000

   Energies (kJ/mol)
           Bond            U-B    Proper Dih.  Improper Dih.      CMAP Dih.
    1.33289e+03    1.21628e+04    1.33893e+04    6.37034e+02    1.66398e+01
          LJ-14     Coulomb-14        LJ (SR)   Coulomb (SR)      Potential
    3.49259e+03    3.99564e+04   -4.75246e+03   -6.27026e+04    3.53262e+03
 Pressure (bar)
    2.63435e+02

           Step           Time
            375      375.00000

   Energies (kJ/mol)
           Bond            U-B    Proper Dih.  Improper Dih.      CMAP Dih.
    1.42066e+03    1.21189e+04    1.33737e+04    6.29035e+02    1.76588e+01
          LJ-14     Coulomb-14        LJ (SR)   Coulomb (SR)      Potential
    3.48486e+03    3.99506e+04   -4.75890e+03   -6.27158e+04    3.52066e+03
 Pressure (bar)
    2.64343e+02

           Step           Time
            376      376.00000

   Energies (kJ/mol)
           Bond            U-B    Proper Dih.  Improper Dih.      CMAP Dih.
    1.34220e+03    1.20826e+04    1.33730e+04    6.37829e+02    1.43247e+01
          LJ-14     Coulomb-14        LJ (SR)   Coulomb (SR)      Potential
    3.48232e+03    3.99527e+04   -4.75952e+03   -6.27181e+04    3.40732e+03
 Pressure (bar)
    2.61547e+02

           Step           Time
            377      377.00000

           Step           Time
            378      378.00000

   Energies (kJ/mol)
           Bond            U-B    Proper Dih.  Improper Dih.      CMAP Dih.
    1.34587e+03    1.20638e+04    1.33670e+04    6.31129e+02    1.53814e+01
          LJ-14     Coulomb-14        LJ (SR)   Coulomb (SR)      Potential
    3.48001e+03    3.99505e+04   -4.76221e+03   -6.27232e+04    3.36827e+03
 Pressure (bar)
    2.62606e+02

           Step           Time
            379      379.00000

   Energies (kJ/mol)
           Bond            U-B    Proper Dih.  Improper Dih.      CMAP Dih.
    1.35428e+03    1.20370e+04    1.33640e+04    6.38520e+02    1.29193e+01
          LJ-14     Coulomb-14        LJ (SR)   Coulomb (SR)      Potential
    3.47641e+03    3.99509e+04   -4.76345e+03   -6.27273e+04    3.34333e+03
 Pressure (bar)
    2.60134e+02

           Step           Time
            380      380.00000

   Energies (kJ/mol)
           Bond            U-B    Proper Dih.  Improper Dih.      CMAP Dih.
    1.36498e+03    1.20202e+04    1.33573e+04    6.28955e+02    1.48563e+01
          LJ-14     Coulomb-14        LJ (SR)   Coulomb (SR)      Potential
    3.47402e+03    3.99480e+04   -4.76634e+03   -6.27331e+04    3.30882e+03
 Pressure (bar)
    2.60976e+02

           Step           Time
            381      381.00000

   Energies (kJ/mol)
           Bond            U-B    Proper Dih.  Improper Dih.      CMAP Dih.
    1.38184e+03    1.19950e+04    1.33558e+04    6.39817e+02    1.15911e+01
          LJ-14     Coulomb-14        LJ (SR)   Coulomb (SR)      Potential
    3.47037e+03    3.99493e+04   -4.76689e+03   -6.27367e+04    3.30018e+03
 Pressure (bar)
    2.58776e+02

           Step           Time
            382      382.00000

   Energies (kJ/mol)
           Bond            U-B    Proper Dih.  Improper Dih.      CMAP Dih.
    1.40553e+03    1.19826e+04    1.33482e+04    6.26512e+02    1.46347e+01
          LJ-14     Coulomb-14        LJ (SR)   Coulomb (SR)      Potential
    3.46816e+03    3.99457e+04   -4.76992e+03   -6.27434e+04    3.27798e+03
 Pressure (bar)
    2.60293e+02

           Step           Time
            383      383.00000

           Step           Time
            384      384.00000

   Energies (kJ/mol)
           Bond            U-B    Proper Dih.  Improper Dih.      CMAP Dih.
    1.32332e+03    1.19489e+04    1.33477e+04    6.32874e+02    1.16889e+01
          LJ-14     Coulomb-14        LJ (SR)   Coulomb (SR)      Potential
    3.46611e+03    3.99468e+04   -4.77068e+03   -6.27453e+04    3.16148e+03
 Pressure (bar)
    2.56820e+02

           Step           Time
            385      385.00000

   Energies (kJ/mol)
           Bond            U-B    Proper Dih.  Improper Dih.      CMAP Dih.
    1.37367e+03    1.18893e+04    1.33335e+04    6.27467e+02    1.16137e+01
          LJ-14     Coulomb-14        LJ (SR)   Coulomb (SR)      Potential
    3.45700e+03    3.99423e+04   -4.77611e+03   -6.27618e+04    3.09691e+03
 Pressure (bar)
    2.58528e+02

           Step           Time
            386      386.00000

   Energies (kJ/mol)
           Bond            U-B    Proper Dih.  Improper Dih.      CMAP Dih.
    1.36539e+03    1.18630e+04    1.33327e+04    6.37247e+02    8.55945e+00
          LJ-14     Coulomb-14        LJ (SR)   Coulomb (SR)      Potential
    3.45371e+03    3.99435e+04   -4.77726e+03   -6.27644e+04    3.06238e+03
 Pressure (bar)
    2.53277e+02

           Step           Time
            387      387.00000

           Step           Time
            388      388.00000

   Energies (kJ/mol)
           Bond            U-B    Proper Dih.  Improper Dih.      CMAP Dih.
    1.32086e+03    1.18437e+04    1.33286e+04    6.29794e+02    9.61035e+00
          LJ-14     Coulomb-14        LJ (SR)   Coulomb (SR)      Potential
    3.45256e+03    3.99421e+04   -4.77880e+03   -6.27686e+04    2.97978e+03
 Pressure (bar)
    2.57498e+02

           Step           Time
            389      389.00000

   Energies (kJ/mol)
           Bond            U-B    Proper Dih.  Improper Dih.      CMAP Dih.
    1.36746e+03    1.17847e+04    1.33195e+04    6.36538e+02    6.52398e+00
          LJ-14     Coulomb-14        LJ (SR)   Coulomb (SR)      Potential
    3.44384e+03    3.99401e+04   -4.78296e+03   -6.27821e+04    2.93364e+03
 Pressure (bar)
    2.54350e+02

           Step           Time
            390      390.00000

   Energies (kJ/mol)
           Bond            U-B    Proper Dih.  Improper Dih.      CMAP Dih.
    1.33789e+03    1.17673e+04    1.33138e+04    6.26249e+02    8.46335e+00
          LJ-14     Coulomb-14        LJ (SR)   Coulomb (SR)      Potential
    3.44233e+03    3.99381e+04   -4.78464e+03   -6.27868e+04    2.86257e+03
 Pressure (bar)
    2.54873e+02

           Step           Time
            391      391.00000

           Step           Time
            392      392.00000

   Energies (kJ/mol)
           Bond            U-B    Proper Dih.  Improper Dih.      CMAP Dih.
    1.32005e+03    1.17446e+04    1.33126e+04    6.31088e+02    6.45819e+00
          LJ-14     Coulomb-14        LJ (SR)   Coulomb (SR)      Potential
    3.44012e+03    3.99381e+04   -4.78565e+03   -6.27896e+04    2.81788e+03
 Pressure (bar)
    2.53463e+02

           Step           Time
            393      393.00000

   Energies (kJ/mol)
           Bond            U-B    Proper Dih.  Improper Dih.      CMAP Dih.
    1.35161e+03    1.17222e+04    1.33054e+04    6.24831e+02    7.59186e+00
          LJ-14     Coulomb-14        LJ (SR)   Coulomb (SR)      Potential
    3.43632e+03    3.99356e+04   -4.78778e+03   -6.27975e+04    2.79834e+03
 Pressure (bar)
    2.51323e+02

           Step           Time
            394      394.00000

   Energies (kJ/mol)
           Bond            U-B    Proper Dih.  Improper Dih.      CMAP Dih.
    1.32804e+03    1.16963e+04    1.33046e+04    6.31585e+02    5.02958e+00
          LJ-14     Coulomb-14        LJ (SR)   Coulomb (SR)      Potential
    3.43391e+03    3.99356e+04   -4.78926e+03   -6.28001e+04    2.74578e+03
 Pressure (bar)
    2.52671e+02

           Step           Time
            395      395.00000

           Step           Time
            396      396.00000

   Energies (kJ/mol)
           Bond            U-B    Proper Dih.  Improper Dih.      CMAP Dih.
    1.31637e+03    1.16824e+04    1.33009e+04    6.26692e+02    5.82387e+00
          LJ-14     Coulomb-14        LJ (SR)   Coulomb (SR)      Potential
    3.43234e+03    3.99343e+04   -4.79027e+03   -6.28041e+04    2.70441e+03
 Pressure (bar)
    2.51841e+02

           Step           Time
            397      397.00000

   Energies (kJ/mol)
           Bond            U-B    Proper Dih.  Improper Dih.      CMAP Dih.
    1.33662e+03    1.16483e+04    1.32967e+04    6.31792e+02    3.71638e+00
          LJ-14     Coulomb-14        LJ (SR)   Coulomb (SR)      Potential
    3.42774e+03    3.99329e+04   -4.79277e+03   -6.28109e+04    2.67418e+03
 Pressure (bar)
    2.47734e+02

           Step           Time
            398      398.00000

   Energies (kJ/mol)
           Bond            U-B    Proper Dih.  Improper Dih.      CMAP Dih.
    1.32318e+03    1.16341e+04    1.32922e+04    6.24889e+02    5.00494e+00
          LJ-14     Coulomb-14        LJ (SR)   Coulomb (SR)      Potential
    3.42612e+03    3.99314e+04   -4.79381e+03   -6.28157e+04    2.62736e+03
 Pressure (bar)
    2.47610e+02

           Step           Time
            399      399.00000

   Energies (kJ/mol)
           Bond            U-B    Proper Dih.  Improper Dih.      CMAP Dih.
    1.35474e+03    1.16077e+04    1.32900e+04    6.32862e+02    2.41922e+00
          LJ-14     Coulomb-14        LJ (SR)   Coulomb (SR)      Potential
    3.42243e+03    3.99309e+04   -4.79591e+03   -6.28204e+04    2.62469e+03
 Pressure (bar)
    2.47000e+02

           Step           Time
            400      400.00000

   Energies (kJ/mol)
           Bond            U-B    Proper Dih.  Improper Dih.      CMAP Dih.
    1.34198e+03    1.15947e+04    1.32845e+04    6.23095e+02    4.56502e+00
          LJ-14     Coulomb-14        LJ (SR)   Coulomb (SR)      Potential
    3.42079e+03    3.99289e+04   -4.79694e+03   -6.28263e+04    2.57522e+03
 Pressure (bar)
    2.46058e+02

           Step           Time
            401      401.00000

           Step           Time
            402      402.00000

   Energies (kJ/mol)
           Bond            U-B    Proper Dih.  Improper Dih.      CMAP Dih.
    1.31019e+03    1.15713e+04    1.32837e+04    6.27786e+02    2.45471e+00
          LJ-14     Coulomb-14        LJ (SR)   Coulomb (SR)      Potential
    3.41913e+03    3.99291e+04   -4.79826e+03   -6.28280e+04    2.51747e+03
 Pressure (bar)
    2.47596e+02

           Step           Time
            403      403.00000

   Energies (kJ/mol)
           Bond            U-B    Proper Dih.  Improper Dih.      CMAP Dih.
    1.36201e+03    1.15413e+04    1.32746e+04    6.22260e+02    3.49664e+00
          LJ-14     Coulomb-14        LJ (SR)   Coulomb (SR)      Potential
    3.41401e+03    3.99254e+04   -4.80091e+03   -6.28400e+04    2.50219e+03
 Pressure (bar)
    2.39928e+02

           Step           Time
            404      404.00000

   Energies (kJ/mol)
           Bond            U-B    Proper Dih.  Improper Dih.      CMAP Dih.
    1.31607e+03    1.15127e+04    1.32741e+04    6.28648e+02    7.76974e-01
          LJ-14     Coulomb-14        LJ (SR)   Coulomb (SR)      Potential
    3.41217e+03    3.99267e+04   -4.80261e+03   -6.28410e+04    2.42757e+03
 Pressure (bar)
    2.41505e+02

           Step           Time
            405      405.00000

           Step           Time
            406      406.00000

   Energies (kJ/mol)
           Bond            U-B    Proper Dih.  Improper Dih.      CMAP Dih.
    1.31415e+03    1.14992e+04    1.32702e+04    6.23935e+02    1.61559e+00
          LJ-14     Coulomb-14        LJ (SR)   Coulomb (SR)      Potential
    3.41025e+03    3.99250e+04   -4.80364e+03   -6.28462e+04    2.39450e+03
 Pressure (bar)
    2.41343e+02

           Step           Time
            407      407.00000

   Energies (kJ/mol)
           Bond            U-B    Proper Dih.  Improper Dih.      CMAP Dih.
    1.32400e+03    1.14744e+04    1.32677e+04    6.29338e+02   -4.04225e-01
          LJ-14     Coulomb-14        LJ (SR)   Coulomb (SR)      Potential
    3.40748e+03    3.99250e+04   -4.80570e+03   -6.28496e+04    2.37223e+03
 Pressure (bar)
    2.42174e+02

           Step           Time
            408      408.00000

   Energies (kJ/mol)
           Bond            U-B    Proper Dih.  Improper Dih.      CMAP Dih.
    1.32525e+03    1.14625e+04    1.32632e+04    6.22634e+02    1.03995e+00
          LJ-14     Coulomb-14        LJ (SR)   Coulomb (SR)      Potential
    3.40558e+03    3.99226e+04   -4.80674e+03   -6.28556e+04    2.34040e+03
 Pressure (bar)
    2.41993e+02

           Step           Time
            409      409.00000

   Energies (kJ/mol)
           Bond            U-B    Proper Dih.  Improper Dih.      CMAP Dih.
    1.34230e+03    1.14393e+04    1.32616e+04    6.30285e+02   -1.56591e+00
          LJ-14     Coulomb-14        LJ (SR)   Coulomb (SR)      Potential
    3.40311e+03    3.99233e+04   -4.80868e+03   -6.28581e+04    2.33150e+03
 Pressure (bar)
    2.37711e+02

           Step           Time
            410      410.00000

   Energies (kJ/mol)
           Bond            U-B    Proper Dih.  Improper Dih.      CMAP Dih.
    1.35101e+03    1.14310e+04    1.32563e+04    6.20968e+02    8.40758e-01
          LJ-14     Coulomb-14        LJ (SR)   Coulomb (SR)      Potential
    3.40111e+03    3.99202e+04   -4.80929e+03   -6.28651e+04    2.30704e+03
 Pressure (bar)
    2.40468e+02

           Step           Time
            411      411.00000

           Step           Time
            412      412.00000

   Energies (kJ/mol)
           Bond            U-B    Proper Dih.  Improper Dih.      CMAP Dih.
    1.30132e+03    1.14055e+04    1.32557e+04    6.25442e+02   -1.47266e+00
          LJ-14     Coulomb-14        LJ (SR)   Coulomb (SR)      Potential
    3.39988e+03    3.99208e+04   -4.81084e+03   -6.28660e+04    2.23029e+03
 Pressure (bar)
    2.40913e+02

           Step           Time
            413      413.00000

   Energies (kJ/mol)
           Bond            U-B    Proper Dih.  Improper Dih.      CMAP Dih.
    1.37788e+03    1.13525e+04    1.32424e+04    6.19586e+02   -9.11996e-01
          LJ-14     Coulomb-14        LJ (SR)   Coulomb (SR)      Potential
    3.39118e+03    3.99157e+04   -4.81407e+03   -6.28855e+04    2.19869e+03
 Pressure (bar)
    2.30584e+02

           Step           Time
            414      414.00000

   Energies (kJ/mol)
           Bond            U-B    Proper Dih.  Improper Dih.      CMAP Dih.
    1.30516e+03    1.13197e+04    1.32418e+04    6.25530e+02   -3.94310e+00
          LJ-14     Coulomb-14        LJ (SR)   Coulomb (SR)      Potential
    3.39025e+03    3.99163e+04   -4.81665e+03   -6.28862e+04    2.09191e+03
 Pressure (bar)
    2.34474e+02

           Step           Time
            415      415.00000

           Step           Time
            416      416.00000

   Energies (kJ/mol)
           Bond            U-B    Proper Dih.  Improper Dih.      CMAP Dih.
    1.31368e+03    1.13066e+04    1.32374e+04    6.20956e+02   -2.89062e+00
          LJ-14     Coulomb-14        LJ (SR)   Coulomb (SR)      Potential
    3.38808e+03    3.99149e+04   -4.81727e+03   -6.28933e+04    2.06817e+03
 Pressure (bar)
    2.33658e+02

           Step           Time
            417      417.00000

   Energies (kJ/mol)
           Bond            U-B    Proper Dih.  Improper Dih.      CMAP Dih.
    1.31364e+03    1.12848e+04    1.32357e+04    6.25648e+02   -4.97369e+00
          LJ-14     Coulomb-14        LJ (SR)   Coulomb (SR)      Potential
    3.38643e+03    3.99144e+04   -4.81952e+03   -6.28954e+04    2.04081e+03
 Pressure (bar)
    2.31517e+02

           Step           Time
            418      418.00000

   Energies (kJ/mol)
           Bond            U-B    Proper Dih.  Improper Dih.      CMAP Dih.
    1.33003e+03    1.12755e+04    1.32310e+04    6.19552e+02   -3.27094e+00
          LJ-14     Coulomb-14        LJ (SR)   Coulomb (SR)      Potential
    3.38436e+03    3.99131e+04   -4.81929e+03   -6.29029e+04    2.02802e+03
 Pressure (bar)
    2.31920e+02

           Step           Time
            419      419.00000

   Energies (kJ/mol)
           Bond            U-B    Proper Dih.  Improper Dih.      CMAP Dih.
    1.33363e+03    1.12523e+04    1.32297e+04    6.26448e+02   -6.04696e+00
          LJ-14     Coulomb-14        LJ (SR)   Coulomb (SR)      Potential
    3.38278e+03    3.99125e+04   -4.82227e+03   -6.29042e+04    2.00491e+03
 Pressure (bar)
    2.29823e+02

           Step           Time
            420      420.00000

           Step           Time
            421      421.00000

   Energies (kJ/mol)
           Bond            U-B    Proper Dih.  Improper Dih.      CMAP Dih.
    1.29478e+03    1.12390e+04    1.32268e+04    6.21409e+02   -5.13379e+00
          LJ-14     Coulomb-14        LJ (SR)   Coulomb (SR)      Potential
    3.38168e+03    3.99117e+04   -4.82205e+03   -6.29086e+04    1.93956e+03
 Pressure (bar)
    2.33098e+02


Steepest Descents converged to Fmax < 750 in 422 steps
Potential Energy  =  1.9395586e+03
Maximum force     =  7.3198120e+02 on atom 1968
Norm of force     =  8.1456373e+01
Finished mdrun on rank 0 Wed Jul 15 12:12:51 2026

